{"type":"FeatureCollection","_provenance":{"id":"nuclear-plants","source":"Wikidata","url":"https://query.wikidata.org/","license":"CC0 1.0","attribution":"Nuclear power plants: Wikidata (CC0)","retrievedAt":"2026-09-07T05:27:16.259Z","transform":"SPARQL: instances of Q134447 with P625; label, country, P2109 capacity, P5817 status, P1619 opened","featureCount":379},"features":[{"type":"Feature","id":"Q1566977","properties":{"name":"Q1566977","country":"Germany","capacityMW":null,"status":"cancelled","opened":null,"wikidata":"https://www.wikidata.org/wiki/Q1566977"},"geometry":{"type":"Point","coordinates":[10.7082,48.6537]}},{"type":"Feature","id":"Q1567468","properties":{"name":"Surry Nuclear Power Plant","country":"United States","capacityMW":1695,"status":null,"opened":null,"wikidata":"https://www.wikidata.org/wiki/Q1567468"},"geometry":{"type":"Point","coordinates":[-76.6978,37.1656]}},{"type":"Feature","id":"Q1568903","properties":{"name":"Shearon Harris Nuclear Power Plant","country":"United States","capacityMW":950.9,"status":null,"opened":null,"wikidata":"https://www.wikidata.org/wiki/Q1568903"},"geometry":{"type":"Point","coordinates":[-78.955,35.6333]}},{"type":"Feature","id":"Q1575435","properties":{"name":"Forsmark Nuclear Power Plant","country":"Sweden","capacityMW":3271,"status":null,"opened":null,"wikidata":"https://www.wikidata.org/wiki/Q1575435"},"geometry":{"type":"Point","coordinates":[18.16666667,60.40333333]}},{"type":"Feature","id":"Q1579871","properties":{"name":"St. Lucie Nuclear Power Plant","country":"United States","capacityMW":2160,"status":null,"opened":null,"wikidata":"https://www.wikidata.org/wiki/Q1579871"},"geometry":{"type":"Point","coordinates":[-80.2464,27.3486]}},{"type":"Feature","id":"Q1595271","properties":{"name":"Berkeley nuclear power station","country":"United Kingdom","capacityMW":276,"status":"decommissioned","opened":null,"wikidata":"https://www.wikidata.org/wiki/Q1595271"},"geometry":{"type":"Point","coordinates":[-2.49361,51.6925]}},{"type":"Feature","id":"Q1623116","properties":{"name":"Tsuruga Nuclear Power Plant","country":"Japan","capacityMW":1160,"status":"in use","opened":null,"wikidata":"https://www.wikidata.org/wiki/Q1623116"},"geometry":{"type":"Point","coordinates":[136.02083333,35.75222222]}},{"type":"Feature","id":"Q1626301","properties":{"name":"Enrico Fermi Nuclear Power Plant","country":"Italy","capacityMW":260,"status":"decommissioned","opened":null,"wikidata":"https://www.wikidata.org/wiki/Q1626301"},"geometry":{"type":"Point","coordinates":[8.277555555,45.184166666]}},{"type":"Feature","id":"Q1630042","properties":{"name":"Akkuyu Nuclear Power Plant","country":"Turkey","capacityMW":4800,"status":"building or structure under construction","opened":null,"wikidata":"https://www.wikidata.org/wiki/Q1630042"},"geometry":{"type":"Point","coordinates":[33.54111111,36.14444444]}},{"type":"Feature","id":"Q1633906","properties":{"name":"Ōi Nuclear Power Plant","country":"Japan","capacityMW":2254,"status":"in use","opened":null,"wikidata":"https://www.wikidata.org/wiki/Q1633906"},"geometry":{"type":"Point","coordinates":[135.65194444,35.54055556]}},{"type":"Feature","id":"Q1637580","properties":{"name":"North Anna Nuclear Generating Station","country":"United States","capacityMW":1960.4,"status":null,"opened":null,"wikidata":"https://www.wikidata.org/wiki/Q1637580"},"geometry":{"type":"Point","coordinates":[-77.7894,38.0606]}},{"type":"Feature","id":"Q1639556","properties":{"name":"Sequoyah Nuclear Generating Station","country":"United States","capacityMW":2441,"status":null,"opened":null,"wikidata":"https://www.wikidata.org/wiki/Q1639556"},"geometry":{"type":"Point","coordinates":[-85.0917,35.2264]}},{"type":"Feature","id":"Q1640098","properties":{"name":"Ascó Nuclear Power Plant","country":"Spain","capacityMW":1988,"status":null,"opened":null,"wikidata":"https://www.wikidata.org/wiki/Q1640098"},"geometry":{"type":"Point","coordinates":[0.56944444,41.2]}},{"type":"Feature","id":"Q1640751","properties":{"name":"Kola Nuclear Power Plant","country":"Russia","capacityMW":1760,"status":null,"opened":null,"wikidata":"https://www.wikidata.org/wiki/Q1640751"},"geometry":{"type":"Point","coordinates":[32.48333,67.46528]}},{"type":"Feature","id":"Q1642138","properties":{"name":"Jaitapur Nuclear Power Project","country":"India","capacityMW":9900,"status":"proposed building or structure","opened":null,"wikidata":"https://www.wikidata.org/wiki/Q1642138"},"geometry":{"type":"Point","coordinates":[73.325,16.58333333]}},{"type":"Feature","id":"Q1645882","properties":{"name":"Belleville Nuclear Power Plant","country":"France","capacityMW":2620,"status":null,"opened":null,"wikidata":"https://www.wikidata.org/wiki/Q1645882"},"geometry":{"type":"Point","coordinates":[2.875,47.509722222]}},{"type":"Feature","id":"Q1650555","properties":{"name":"Browns Ferry Nuclear Power Plant","country":"United States","capacityMW":3494,"status":null,"opened":null,"wikidata":"https://www.wikidata.org/wiki/Q1650555"},"geometry":{"type":"Point","coordinates":[-87.1186,34.7039]}},{"type":"Feature","id":"Q1695264","properties":{"name":"Santa María de Garoña Nuclear Power Plant","country":"Spain","capacityMW":466,"status":"decommissioned","opened":null,"wikidata":"https://www.wikidata.org/wiki/Q1695264"},"geometry":{"type":"Point","coordinates":[-3.20833333,42.775]}},{"type":"Feature","id":"Q1715858","properties":{"name":"Cofrentes Nuclear Power Plant","country":"Spain","capacityMW":1064,"status":"in use","opened":null,"wikidata":"https://www.wikidata.org/wiki/Q1715858"},"geometry":{"type":"Point","coordinates":[-1.05,39.21666667]}},{"type":"Feature","id":"Q1724901","properties":{"name":"Garigliano Nuclear Power Plant","country":"Italy","capacityMW":150,"status":"decommissioned","opened":null,"wikidata":"https://www.wikidata.org/wiki/Q1724901"},"geometry":{"type":"Point","coordinates":[13.83472222,41.25833333]}},{"type":"Feature","id":"Q1735267","properties":{"name":"Beaver Valley Nuclear Generating Station","country":"United States","capacityMW":1846.8,"status":null,"opened":null,"wikidata":"https://www.wikidata.org/wiki/Q1735267"},"geometry":{"type":"Point","coordinates":[-80.4306,40.6233]}},{"type":"Feature","id":"Q1735581","properties":{"name":"Chinon Nuclear Power Plant","country":"France","capacityMW":3620,"status":"in use","opened":null,"wikidata":"https://www.wikidata.org/wiki/Q1735581"},"geometry":{"type":"Point","coordinates":[0.17055556,47.23055556]}},{"type":"Feature","id":"Q1735730","properties":{"name":"Sendai Nuclear Power Plant","country":"Japan","capacityMW":1780,"status":null,"opened":null,"wikidata":"https://www.wikidata.org/wiki/Q1735730"},"geometry":{"type":"Point","coordinates":[130.18972222,31.83388889]}},{"type":"Feature","id":"Q1739356","properties":{"name":"Balakovo Nuclear Power Plant","country":"Russia","capacityMW":4000,"status":null,"opened":null,"wikidata":"https://www.wikidata.org/wiki/Q1739356"},"geometry":{"type":"Point","coordinates":[47.95833333,52.09444444]}},{"type":"Feature","id":"Q1739359","properties":{"name":"Beloyarsk Nuclear Power Station","country":"Russia","capacityMW":1485,"status":"in use","opened":null,"wikidata":"https://www.wikidata.org/wiki/Q1739359"},"geometry":{"type":"Point","coordinates":[61.31666667,56.85]}},{"type":"Feature","id":"Q1739363","properties":{"name":"Blayais Nuclear Power Plant","country":"France","capacityMW":3640,"status":"in use","opened":null,"wikidata":"https://www.wikidata.org/wiki/Q1739363"},"geometry":{"type":"Point","coordinates":[-0.69166667,45.25611111]}},{"type":"Feature","id":"Q1739367","properties":{"name":"Calvert Cliffs Nuclear Power Plant","country":"United States","capacityMW":1850.4,"status":null,"opened":null,"wikidata":"https://www.wikidata.org/wiki/Q1739367"},"geometry":{"type":"Point","coordinates":[-76.4422,38.4319]}},{"type":"Feature","id":"Q1739370","properties":{"name":"Caorso Nuclear Power Plant","country":"Italy","capacityMW":860,"status":"decommissioned","opened":null,"wikidata":"https://www.wikidata.org/wiki/Q1739370"},"geometry":{"type":"Point","coordinates":[9.87222222,45.07222222]}},{"type":"Feature","id":"Q1739372","properties":{"name":"Chapelcross nuclear power station","country":"United Kingdom","capacityMW":null,"status":"decommissioned","opened":null,"wikidata":"https://www.wikidata.org/wiki/Q1739372"},"geometry":{"type":"Point","coordinates":[-3.2265,55.01561944]}},{"type":"Feature","id":"Q1739375","properties":{"name":"Civaux Nuclear Power Plant","country":"France","capacityMW":2990,"status":null,"opened":null,"wikidata":"https://www.wikidata.org/wiki/Q1739375"},"geometry":{"type":"Point","coordinates":[0.65416667,46.45611111]}},{"type":"Feature","id":"Q1739377","properties":{"name":"Chooz Nuclear Power Plant","country":"France","capacityMW":3000,"status":"in use","opened":null,"wikidata":"https://www.wikidata.org/wiki/Q1739377"},"geometry":{"type":"Point","coordinates":[4.790556,50.09]}},{"type":"Feature","id":"Q1739379","properties":{"name":"Clinton Nuclear Generating Station","country":"United States","capacityMW":1138.3,"status":null,"opened":null,"wikidata":"https://www.wikidata.org/wiki/Q1739379"},"geometry":{"type":"Point","coordinates":[-88.835,40.1722]}},{"type":"Feature","id":"Q1739383","properties":{"name":"Cooper Nuclear Station","country":"United States","capacityMW":801,"status":null,"opened":null,"wikidata":"https://www.wikidata.org/wiki/Q1739383"},"geometry":{"type":"Point","coordinates":[-95.6414,40.3619]}},{"type":"Feature","id":"Q1739385","properties":{"name":"Crystal River 3 Nuclear Power Plant","country":"United States","capacityMW":860,"status":"decommissioned","opened":null,"wikidata":"https://www.wikidata.org/wiki/Q1739385"},"geometry":{"type":"Point","coordinates":[-82.6983,28.9575]}},{"type":"Feature","id":"Q1739389","properties":{"name":"Superphénix","country":"France","capacityMW":1200,"status":"decommissioned","opened":null,"wikidata":"https://www.wikidata.org/wiki/Q1739389"},"geometry":{"type":"Point","coordinates":[5.47222222,45.75833333]}},{"type":"Feature","id":"Q1739391","properties":{"name":"Darlington Nuclear Generating Station","country":"Canada","capacityMW":3500,"status":"in use","opened":null,"wikidata":"https://www.wikidata.org/wiki/Q1739391"},"geometry":{"type":"Point","coordinates":[-78.7197,43.8728]}},{"type":"Feature","id":"Q1739392","properties":{"name":"Davis-Besse Nuclear Power Station","country":"United States","capacityMW":925.2,"status":null,"opened":null,"wikidata":"https://www.wikidata.org/wiki/Q1739392"},"geometry":{"type":"Point","coordinates":[-83.088999,41.59692]}},{"type":"Feature","id":"Q1739396","properties":{"name":"Elk River Station","country":"United States","capacityMW":191.3,"status":"decommissioned","opened":null,"wikidata":"https://www.wikidata.org/wiki/Q1739396"},"geometry":{"type":"Point","coordinates":[-93.5567,45.2952]}},{"type":"Feature","id":"Q1739399","properties":{"name":"Doel Nuclear Power Station","country":"Belgium","capacityMW":1026,"status":"in use","opened":null,"wikidata":"https://www.wikidata.org/wiki/Q1739399"},"geometry":{"type":"Point","coordinates":[4.26111,51.32528]}},{"type":"Feature","id":"Q1739400","properties":{"name":"Fort Calhoun Nuclear Generating Station","country":"United States","capacityMW":502,"status":"decommissioned","opened":null,"wikidata":"https://www.wikidata.org/wiki/Q1739400"},"geometry":{"type":"Point","coordinates":[-96.0772,41.5203]}},{"type":"Feature","id":"Q1739403","properties":{"name":"Q1739403","country":"Germany","capacityMW":1301,"status":"cancelled","opened":null,"wikidata":"https://www.wikidata.org/wiki/Q1739403"},"geometry":{"type":"Point","coordinates":[7.9729,51.6773]}},{"type":"Feature","id":"Q1739404","properties":{"name":"Hallam Nuclear Power Facility","country":"United States","capacityMW":75,"status":"decommissioned","opened":null,"wikidata":"https://www.wikidata.org/wiki/Q1739404"},"geometry":{"type":"Point","coordinates":[-96.784694444,40.558333333]}},{"type":"Feature","id":"Q1739407","properties":{"name":"Gravelines Nuclear Power Station","country":"France","capacityMW":5460,"status":null,"opened":null,"wikidata":"https://www.wikidata.org/wiki/Q1739407"},"geometry":{"type":"Point","coordinates":[2.13611111,51.01361111]}},{"type":"Feature","id":"Q1739415","properties":{"name":"Kakrapar Atomic Power Station","country":"India","capacityMW":1140,"status":"in use","opened":null,"wikidata":"https://www.wikidata.org/wiki/Q1739415"},"geometry":{"type":"Point","coordinates":[73.35,21.23861111]}},{"type":"Feature","id":"Q1739416","properties":{"name":"Kaiga Atomic Power Station..","country":"India","capacityMW":880,"status":"in use","opened":null,"wikidata":"https://www.wikidata.org/wiki/Q1739416"},"geometry":{"type":"Point","coordinates":[74.43888889,14.86666667]}},{"type":"Feature","id":"Q1739418","properties":{"name":"Kalinin Nuclear Power Plant","country":"Russia","capacityMW":4000,"status":null,"opened":null,"wikidata":"https://www.wikidata.org/wiki/Q1739418"},"geometry":{"type":"Point","coordinates":[35.063055555,57.906944444]}},{"type":"Feature","id":"Q1739422","properties":{"name":"Kaliningrad Nuclear Power Plant","country":"Russia","capacityMW":2340,"status":"building or structure under construction","opened":null,"wikidata":"https://www.wikidata.org/wiki/Q1739422"},"geometry":{"type":"Point","coordinates":[22.166276,54.940619]}},{"type":"Feature","id":"Q1739423","properties":{"name":"Kŭmho Nuclear Power Plant","country":"North Korea","capacityMW":null,"status":"building or structure under construction","opened":null,"wikidata":"https://www.wikidata.org/wiki/Q1739423"},"geometry":{"type":"Point","coordinates":[128.34038889,40.09680556]}},{"type":"Feature","id":"Q1739425","properties":{"name":"La Crosse Boiling Water Reactor","country":"United States","capacityMW":null,"status":"decommissioned","opened":null,"wikidata":"https://www.wikidata.org/wiki/Q1739425"},"geometry":{"type":"Point","coordinates":[-91.2315,43.5601]}},{"type":"Feature","id":"Q1739429","properties":{"name":"Latina Nuclear Power Plant","country":"Italy","capacityMW":null,"status":"decommissioned","opened":null,"wikidata":"https://www.wikidata.org/wiki/Q1739429"},"geometry":{"type":"Point","coordinates":[12.807,41.425277777]}},{"type":"Feature","id":"Q1739434","properties":{"name":"Leningrad Nuclear Power Plant II","country":"Russia","capacityMW":2167,"status":"in use","opened":"2018-03-09","wikidata":"https://www.wikidata.org/wiki/Q1739434"},"geometry":{"type":"Point","coordinates":[29.0571,59.8305]}},{"type":"Feature","id":"Q1739436","properties":{"name":"Kursk Nuclear Power Plant","country":"Russia","capacityMW":4000,"status":null,"opened":"1977-10-12","wikidata":"https://www.wikidata.org/wiki/Q1739436"},"geometry":{"type":"Point","coordinates":[35.60555556,51.675]}},{"type":"Feature","id":"Q1739439","properties":{"name":"Ling Ao Nuclear Power Plant","country":"People's Republic of China","capacityMW":4152,"status":"in use","opened":null,"wikidata":"https://www.wikidata.org/wiki/Q1739439"},"geometry":{"type":"Point","coordinates":[114.55148889,22.60478889]}},{"type":"Feature","id":"Q1739448","properties":{"name":"Novovoronezh Nuclear Power Plant","country":"Russia","capacityMW":2597,"status":"in use","opened":"1964-09-30","wikidata":"https://www.wikidata.org/wiki/Q1739448"},"geometry":{"type":"Point","coordinates":[39.1981888,51.2699437]}},{"type":"Feature","id":"Q1739449","properties":{"name":"Oldbury Nuclear Power Station","country":"United Kingdom","capacityMW":null,"status":"decommissioned","opened":null,"wikidata":"https://www.wikidata.org/wiki/Q1739449"},"geometry":{"type":"Point","coordinates":[-2.57083,51.6489]}},{"type":"Feature","id":"Q1739453","properties":{"name":"Obninsk Nuclear Power Plant","country":"Russia","capacityMW":5,"status":"decommissioned","opened":null,"wikidata":"https://www.wikidata.org/wiki/Q1739453"},"geometry":{"type":"Point","coordinates":[36.571388888,55.083888888]}},{"type":"Feature","id":"Q1739455","properties":{"name":"Pickering Nuclear Generating Station","country":"Canada","capacityMW":3100,"status":"in use","opened":null,"wikidata":"https://www.wikidata.org/wiki/Q1739455"},"geometry":{"type":"Point","coordinates":[-79.0658,43.8117]}},{"type":"Feature","id":"Q1739457","properties":{"name":"WNP-3 and WNP-5","country":"United States","capacityMW":null,"status":"cancelled","opened":null,"wikidata":"https://www.wikidata.org/wiki/Q1739457"},"geometry":{"type":"Point","coordinates":[-123.47,46.9598]}},{"type":"Feature","id":"Q1739463","properties":{"name":"Rostov Nuclear Power Plant","country":"Russia","capacityMW":4030,"status":null,"opened":null,"wikidata":"https://www.wikidata.org/wiki/Q1739463"},"geometry":{"type":"Point","coordinates":[42.36416667,47.59944444]}},{"type":"Feature","id":"Q1739471","properties":{"name":"Shimane Nuclear Power Plant","country":"Japan","capacityMW":820,"status":null,"opened":null,"wikidata":"https://www.wikidata.org/wiki/Q1739471"},"geometry":{"type":"Point","coordinates":[132.99916667,35.53833333]}},{"type":"Feature","id":"Q1739474","properties":{"name":"Smolensk Nuclear Power Plant","country":"Russia","capacityMW":3000,"status":null,"opened":null,"wikidata":"https://www.wikidata.org/wiki/Q1739474"},"geometry":{"type":"Point","coordinates":[33.23333333,54.16666667]}},{"type":"Feature","id":"Q1739475","properties":{"name":"Tarapur Atomic Power Station","country":"India","capacityMW":1400,"status":"in use","opened":null,"wikidata":"https://www.wikidata.org/wiki/Q1739475"},"geometry":{"type":"Point","coordinates":[72.66111111,19.82777778]}},{"type":"Feature","id":"Q1739478","properties":{"name":"Tianwan Nuclear Power Plant","country":"People's Republic of China","capacityMW":6240,"status":null,"opened":null,"wikidata":"https://www.wikidata.org/wiki/Q1739478"},"geometry":{"type":"Point","coordinates":[119.459722222,34.686944444]}},{"type":"Feature","id":"Q1739481","properties":{"name":"Tihange Nuclear Power Station","country":"Belgium","capacityMW":3008,"status":"in use","opened":null,"wikidata":"https://www.wikidata.org/wiki/Q1739481"},"geometry":{"type":"Point","coordinates":[5.27556,50.53278]}},{"type":"Feature","id":"Q1739484","properties":{"name":"Trillo Nuclear Power Plant","country":"Spain","capacityMW":1003,"status":"in use","opened":null,"wikidata":"https://www.wikidata.org/wiki/Q1739484"},"geometry":{"type":"Point","coordinates":[-2.62222222,40.70138889]}},{"type":"Feature","id":"Q1739486","properties":{"name":"Turkey Point Nuclear Generating Station","country":"United States","capacityMW":2861.2,"status":null,"opened":null,"wikidata":"https://www.wikidata.org/wiki/Q1739486"},"geometry":{"type":"Point","coordinates":[-80.3306,25.4342]}},{"type":"Feature","id":"Q1739488","properties":{"name":"Valdecaballeros Nuclear Power Plant","country":"Spain","capacityMW":null,"status":"cancelled","opened":null,"wikidata":"https://www.wikidata.org/wiki/Q1739488"},"geometry":{"type":"Point","coordinates":[-5.18056,39.29083]}},{"type":"Feature","id":"Q1739490","properties":{"name":"Vermont Yankee Nuclear Power Plant","country":"United States","capacityMW":563.4,"status":"decommissioned","opened":null,"wikidata":"https://www.wikidata.org/wiki/Q1739490"},"geometry":{"type":"Point","coordinates":[-72.5131,42.7789]}},{"type":"Feature","id":"Q1739493","properties":{"name":"Wyhl nuclear power station","country":"Germany","capacityMW":null,"status":"cancelled","opened":null,"wikidata":"https://www.wikidata.org/wiki/Q1739493"},"geometry":{"type":"Point","coordinates":[7.6414,48.186]}},{"type":"Feature","id":"Q1739494","properties":{"name":"Waterford Nuclear Generating Station","country":"United States","capacityMW":1199.8,"status":"in use","opened":null,"wikidata":"https://www.wikidata.org/wiki/Q1739494"},"geometry":{"type":"Point","coordinates":[-90.4711,29.9953]}},{"type":"Feature","id":"Q1739496","properties":{"name":"Watts Bar Nuclear Generating Station","country":"United States","capacityMW":2539.8,"status":null,"opened":null,"wikidata":"https://www.wikidata.org/wiki/Q1739496"},"geometry":{"type":"Point","coordinates":[-84.7894,35.6028]}},{"type":"Feature","id":"Q1739500","properties":{"name":"Wylfa Nuclear Power Station","country":"United Kingdom","capacityMW":1190,"status":"decommissioned","opened":null,"wikidata":"https://www.wikidata.org/wiki/Q1739500"},"geometry":{"type":"Point","coordinates":[-4.48333,53.4167]}},{"type":"Feature","id":"Q1739508","properties":{"name":"Ågesta Nuclear Plant","country":"Sweden","capacityMW":null,"status":"decommissioned","opened":null,"wikidata":"https://www.wikidata.org/wiki/Q1739508"},"geometry":{"type":"Point","coordinates":[18.0825,59.20611111]}},{"type":"Feature","id":"Q1753259","properties":{"name":"Calder Hall","country":"United Kingdom","capacityMW":null,"status":"decommissioned","opened":null,"wikidata":"https://www.wikidata.org/wiki/Q1753259"},"geometry":{"type":"Point","coordinates":[-3.49202778,54.41981667]}},{"type":"Feature","id":"Q1756456","properties":{"name":"Atucha Nuclear Power Plant","country":"Argentina","capacityMW":1033,"status":"in use","opened":null,"wikidata":"https://www.wikidata.org/wiki/Q1756456"},"geometry":{"type":"Point","coordinates":[-59.2058638,-33.9675265]}},{"type":"Feature","id":"Q1765322","properties":{"name":"Hinkley Point A nuclear power station","country":"United Kingdom","capacityMW":500,"status":"decommissioned","opened":null,"wikidata":"https://www.wikidata.org/wiki/Q1765322"},"geometry":{"type":"Point","coordinates":[-3.133743,51.208739]}},{"type":"Feature","id":"Q1840807","properties":{"name":"China Experimental Fast Reactor","country":"People's Republic of China","capacityMW":20,"status":null,"opened":null,"wikidata":"https://www.wikidata.org/wiki/Q1840807"},"geometry":{"type":"Point","coordinates":[116.030139,39.740929]}},{"type":"Feature","id":"Q2008105","properties":{"name":"Higashidōri Nuclear Power Plant","country":"Japan","capacityMW":1100,"status":"in use","opened":null,"wikidata":"https://www.wikidata.org/wiki/Q2008105"},"geometry":{"type":"Point","coordinates":[141.39027778,41.18805556]}},{"type":"Feature","id":"Q2366994","properties":{"name":"Carnet nuclear power project","country":"France","capacityMW":null,"status":"cancelled","opened":null,"wikidata":"https://www.wikidata.org/wiki/Q2366994"},"geometry":{"type":"Point","coordinates":[-1.97559,47.2812]}},{"type":"Feature","id":"Q2409863","properties":{"name":"Saint-Alban Nuclear Power Plant","country":"France","capacityMW":2670,"status":"in use","opened":null,"wikidata":"https://www.wikidata.org/wiki/Q2409863"},"geometry":{"type":"Point","coordinates":[4.75583333,45.40472222]}},{"type":"Feature","id":"Q2639309","properties":{"name":"Belarusian nuclear power plant","country":"Belarus","capacityMW":2220,"status":"in use","opened":null,"wikidata":"https://www.wikidata.org/wiki/Q2639309"},"geometry":{"type":"Point","coordinates":[26.0927793,54.7610424]}},{"type":"Feature","id":"Q2805405","properties":{"name":"Bataan Nuclear Power Plant","country":"Philippines","capacityMW":null,"status":"cancelled","opened":null,"wikidata":"https://www.wikidata.org/wiki/Q2805405"},"geometry":{"type":"Point","coordinates":[120.31361111,14.62916667]}},{"type":"Feature","id":"Q2825920","properties":{"name":"Plogoff nuclear power project","country":"France","capacityMW":null,"status":"cancelled","opened":null,"wikidata":"https://www.wikidata.org/wiki/Q2825920"},"geometry":{"type":"Point","coordinates":[-4.664722,48.0375]}},{"type":"Feature","id":"Q2944597","properties":{"name":"Ginna Nuclear Generating Station","country":"United States","capacityMW":614,"status":"in use","opened":null,"wikidata":"https://www.wikidata.org/wiki/Q2944597"},"geometry":{"type":"Point","coordinates":[-77.31,43.2778]}},{"type":"Feature","id":"Q2944605","properties":{"name":"Millstone Nuclear Power Plant","country":"United States","capacityMW":2162.9,"status":null,"opened":null,"wikidata":"https://www.wikidata.org/wiki/Q2944605"},"geometry":{"type":"Point","coordinates":[-72.16861111,41.31194444]}},{"type":"Feature","id":"Q2944609","properties":{"name":"Pathfinder Nuclear Generating Station","country":"United States","capacityMW":59,"status":"decommissioned","opened":null,"wikidata":"https://www.wikidata.org/wiki/Q2944609"},"geometry":{"type":"Point","coordinates":[-96.6375,43.6036]}},{"type":"Feature","id":"Q2944613","properties":{"name":"Prairie Island Nuclear Power Plant","country":"United States","capacityMW":1186.2,"status":null,"opened":null,"wikidata":"https://www.wikidata.org/wiki/Q2944613"},"geometry":{"type":"Point","coordinates":[-92.6331,44.6217]}},{"type":"Feature","id":"Q2944614","properties":{"name":"Quad Cities Nuclear Generating Station","country":"United States","capacityMW":2018.6,"status":null,"opened":null,"wikidata":"https://www.wikidata.org/wiki/Q2944614"},"geometry":{"type":"Point","coordinates":[-90.31,41.7264]}},{"type":"Feature","id":"Q2944616","properties":{"name":"Q2944616","country":"Russia","capacityMW":null,"status":"decommissioned","opened":null,"wikidata":"https://www.wikidata.org/wiki/Q2944616"},"geometry":{"type":"Point","coordinates":[61.5734,54.0675]}},{"type":"Feature","id":"Q3279825","properties":{"name":"Leningrad Nuclear Power Plant","country":"Russia","capacityMW":1850,"status":null,"opened":null,"wikidata":"https://www.wikidata.org/wiki/Q3279825"},"geometry":{"type":"Point","coordinates":[29.0512,59.8521]}},{"type":"Feature","id":"Q3367024","properties":{"name":"Namie-Odaka Nuclear Power Plant","country":"Japan","capacityMW":825,"status":"cancelled","opened":null,"wikidata":"https://www.wikidata.org/wiki/Q3367024"},"geometry":{"type":"Point","coordinates":[141.03419444,37.51338889]}},{"type":"Feature","id":"Q3664533","properties":{"name":"Q3664533","country":"Italy","capacityMW":null,"status":"cancelled","opened":null,"wikidata":"https://www.wikidata.org/wiki/Q3664533"},"geometry":{"type":"Point","coordinates":[8.19388889,45.25166667]}},{"type":"Feature","id":"Q3664606","properties":{"name":"William States Lee III Nuclear Generating Station","country":"United States","capacityMW":null,"status":"cancelled","opened":null,"wikidata":"https://www.wikidata.org/wiki/Q3664606"},"geometry":{"type":"Point","coordinates":[-81.5111,35.0333]}},{"type":"Feature","id":"Q3664611","properties":{"name":"Q3664611","country":"India","capacityMW":null,"status":"building or structure under construction","opened":null,"wikidata":"https://www.wikidata.org/wiki/Q3664611"},"geometry":{"type":"Point","coordinates":[80.175,12.558333]}},{"type":"Feature","id":"Q3664612","properties":{"name":"Kola Nuclear Power Plant II","country":"Russia","capacityMW":2600,"status":"proposed building or structure","opened":null,"wikidata":"https://www.wikidata.org/wiki/Q3664612"},"geometry":{"type":"Point","coordinates":[32.466667,67.466667]}},{"type":"Feature","id":"Q3664613","properties":{"name":"Kovvada Atomic Power Project","country":"India","capacityMW":null,"status":"proposed building or structure","opened":null,"wikidata":"https://www.wikidata.org/wiki/Q3664613"},"geometry":{"type":"Point","coordinates":[83.71054,18.11665]}},{"type":"Feature","id":"Q3664614","properties":{"name":"Gorakhpur Nuclear Power Plant","country":"India","capacityMW":null,"status":"building or structure under construction","opened":null,"wikidata":"https://www.wikidata.org/wiki/Q3664614"},"geometry":{"type":"Point","coordinates":[75.68,29.4497]}},{"type":"Feature","id":"Q3664615","properties":{"name":"Kursk Nuclear Power Plant 2","country":"Russia","capacityMW":null,"status":"building or structure under construction","opened":null,"wikidata":"https://www.wikidata.org/wiki/Q3664615"},"geometry":{"type":"Point","coordinates":[35.58372,51.68703]}},{"type":"Feature","id":"Q3664616","properties":{"name":"Levy County Nuclear Power Plant","country":"United States","capacityMW":null,"status":"postponed","opened":null,"wikidata":"https://www.wikidata.org/wiki/Q3664616"},"geometry":{"type":"Point","coordinates":[-82.6217,29.0733]}},{"type":"Feature","id":"Q3664619","properties":{"name":"Nizhegorodsk Nuclear Power Plant","country":"Russia","capacityMW":2510,"status":"proposed building or structure","opened":null,"wikidata":"https://www.wikidata.org/wiki/Q3664619"},"geometry":{"type":"Point","coordinates":[42.36472222,55.74722222]}},{"type":"Feature","id":"Q3664621","properties":{"name":"Lufeng Nuclear Power Plant","country":"People's Republic of China","capacityMW":null,"status":"proposed building or structure","opened":null,"wikidata":"https://www.wikidata.org/wiki/Q3664621"},"geometry":{"type":"Point","coordinates":[115.8,22.75]}},{"type":"Feature","id":"Q3664625","properties":{"name":"Shin Hanul Nuclear Power Plant","country":"South Korea","capacityMW":null,"status":"building or structure under construction","opened":null,"wikidata":"https://www.wikidata.org/wiki/Q3664625"},"geometry":{"type":"Point","coordinates":[129.4061111,37.075]}},{"type":"Feature","id":"Q3664630","properties":{"name":"Windscale Advanced Gas Cooled Reactor","country":"United Kingdom","capacityMW":null,"status":"decommissioned","opened":null,"wikidata":"https://www.wikidata.org/wiki/Q3664630"},"geometry":{"type":"Point","coordinates":[-3.4975,54.4205]}},{"type":"Feature","id":"Q3664633","properties":{"name":"Q3664633","country":"People's Republic of China","capacityMW":null,"status":"proposed building or structure","opened":null,"wikidata":"https://www.wikidata.org/wiki/Q3664633"},"geometry":{"type":"Point","coordinates":[112.82638889,29.7375]}},{"type":"Feature","id":"Q4357537","properties":{"name":"R4 nuclear reactor","country":"Sweden","capacityMW":132,"status":"cancelled","opened":null,"wikidata":"https://www.wikidata.org/wiki/Q4357537"},"geometry":{"type":"Point","coordinates":[16.83277778,58.55305556]}},{"type":"Feature","id":"Q4515680","properties":{"name":"Chyhyryn Nuclear Power Plant","country":"Ukraine","capacityMW":null,"status":"cancelled","opened":null,"wikidata":"https://www.wikidata.org/wiki/Q4515680"},"geometry":{"type":"Point","coordinates":[32.79,49.08944444]}},{"type":"Feature","id":"Q4644510","properties":{"name":"816 Nuclear Military Plant","country":"People's Republic of China","capacityMW":null,"status":null,"opened":null,"wikidata":"https://www.wikidata.org/wiki/Q4644510"},"geometry":{"type":"Point","coordinates":[107.507,29.5569]}},{"type":"Feature","id":"Q4883120","properties":{"name":"Bell Bend Nuclear Power Plant","country":"United States","capacityMW":null,"status":"cancelled","opened":null,"wikidata":"https://www.wikidata.org/wiki/Q4883120"},"geometry":{"type":"Point","coordinates":[-76.15,41.0833]}},{"type":"Feature","id":"Q4936447","properties":{"name":"Bodega Bay Nuclear Power Plant","country":"United States","capacityMW":null,"status":"cancelled","opened":null,"wikidata":"https://www.wikidata.org/wiki/Q4936447"},"geometry":{"type":"Point","coordinates":[-123.059,38.3052]}},{"type":"Feature","id":"Q5092188","properties":{"name":"Cherokee Nuclear Power Plant","country":"United States","capacityMW":null,"status":"cancelled","opened":null,"wikidata":"https://www.wikidata.org/wiki/Q5092188"},"geometry":{"type":"Point","coordinates":[-81.5112,35.0365]}},{"type":"Feature","id":"Q5197089","properties":{"name":"Saxton Nuclear Generating Station","country":"United States","capacityMW":null,"status":"decommissioned","opened":null,"wikidata":"https://www.wikidata.org/wiki/Q5197089"},"geometry":{"type":"Point","coordinates":[-78.2419,40.2269]}},{"type":"Feature","id":"Q5469815","properties":{"name":"Forked River Nuclear Power Plant","country":"United States","capacityMW":null,"status":"cancelled","opened":null,"wikidata":"https://www.wikidata.org/wiki/Q5469815"},"geometry":{"type":"Point","coordinates":[-74.218,39.813]}},{"type":"Feature","id":"Q5760816","properties":{"name":"Central Nuclear de Moral de Sayago","country":"Spain","capacityMW":null,"status":"cancelled","opened":null,"wikidata":"https://www.wikidata.org/wiki/Q5760816"},"geometry":{"type":"Point","coordinates":[-6.08054722,41.49045]}},{"type":"Feature","id":"Q5767271","properties":{"name":"Hinkley Point C nuclear power station","country":"United Kingdom","capacityMW":null,"status":"building or structure under construction","opened":null,"wikidata":"https://www.wikidata.org/wiki/Q5767271"},"geometry":{"type":"Point","coordinates":[-3.142916,51.2061104]}},{"type":"Feature","id":"Q5944807","properties":{"name":"Hunterston A nuclear power station","country":"United Kingdom","capacityMW":null,"status":"decommissioned","opened":null,"wikidata":"https://www.wikidata.org/wiki/Q5944807"},"geometry":{"type":"Point","coordinates":[-4.89,55.7222]}},{"type":"Feature","id":"Q6403171","properties":{"name":"Khushab 5","country":"Pakistan","capacityMW":null,"status":null,"opened":null,"wikidata":"https://www.wikidata.org/wiki/Q6403171"},"geometry":{"type":"Point","coordinates":[71.166904,30.107268]}},{"type":"Feature","id":"Q7038783","properties":{"name":"Ninh Thuận 2 Nuclear Power Plant","country":"Vietnam","capacityMW":4000,"status":"cancelled","opened":null,"wikidata":"https://www.wikidata.org/wiki/Q7038783"},"geometry":{"type":"Point","coordinates":[109.17527778,11.69055556]}},{"type":"Feature","id":"Q7038787","properties":{"name":"Ninh Thuận 1 Nuclear Power Plant","country":"Vietnam","capacityMW":null,"status":"cancelled","opened":null,"wikidata":"https://www.wikidata.org/wiki/Q7038787"},"geometry":{"type":"Point","coordinates":[108.97472222,11.41333333]}},{"type":"Feature","id":"Q7380438","properties":{"name":"Rooppur Nuclear Power Plant","country":"Bangladesh","capacityMW":2400,"status":"building or structure under construction","opened":null,"wikidata":"https://www.wikidata.org/wiki/Q7380438"},"geometry":{"type":"Point","coordinates":[89.0461556,24.0701411]}},{"type":"Feature","id":"Q7639757","properties":{"name":"Sundesert Nuclear Power Plant","country":"United States","capacityMW":null,"status":"cancelled","opened":null,"wikidata":"https://www.wikidata.org/wiki/Q7639757"},"geometry":{"type":"Point","coordinates":[-114.783,33.4498]}},{"type":"Feature","id":"Q9252499","properties":{"name":"\"Warta\" Nuclear Power Plant","country":"Poland","capacityMW":null,"status":"cancelled","opened":null,"wikidata":"https://www.wikidata.org/wiki/Q9252499"},"geometry":{"type":"Point","coordinates":[16.4958,52.7941]}},{"type":"Feature","id":"Q11360506","properties":{"name":"Kaminoseki Nuclear Power Plant","country":"Japan","capacityMW":null,"status":"proposed building or structure","opened":null,"wikidata":"https://www.wikidata.org/wiki/Q11360506"},"geometry":{"type":"Point","coordinates":[132.03458333,33.79194444]}},{"type":"Feature","id":"Q11369655","properties":{"name":"Kumihama Nuclear Power Plant","country":"Japan","capacityMW":null,"status":"cancelled","opened":null,"wikidata":"https://www.wikidata.org/wiki/Q11369655"},"geometry":{"type":"Point","coordinates":[134.88083333,35.65572222]}},{"type":"Feature","id":"Q11527936","properties":{"name":"Tokai Power Station","country":"Japan","capacityMW":166,"status":"decommissioned","opened":null,"wikidata":"https://www.wikidata.org/wiki/Q11527936"},"geometry":{"type":"Point","coordinates":[140.606667,36.466389]}},{"type":"Feature","id":"Q11614891","properties":{"name":"Q11614891","country":"Japan","capacityMW":null,"status":"cancelled","opened":null,"wikidata":"https://www.wikidata.org/wiki/Q11614891"},"geometry":{"type":"Point","coordinates":[136.4275,34.21944444]}},{"type":"Feature","id":"Q13101619","properties":{"name":"Remerschen nuclear power station","country":"Luxembourg","capacityMW":null,"status":"cancelled","opened":null,"wikidata":"https://www.wikidata.org/wiki/Q13101619"},"geometry":{"type":"Point","coordinates":[6.362,49.4934]}},{"type":"Feature","id":"Q13220866","properties":{"name":"Sinop Nuclear Power Plant","country":"Turkey","capacityMW":4800,"status":"proposed building or structure","opened":null,"wikidata":"https://www.wikidata.org/wiki/Q13220866"},"geometry":{"type":"Point","coordinates":[34.97,42.086388888]}},{"type":"Feature","id":"Q13419743","properties":{"name":"Bohunice A1 Nuclear Power Plant","country":"Slovakia","capacityMW":null,"status":null,"opened":null,"wikidata":"https://www.wikidata.org/wiki/Q13419743"},"geometry":{"type":"Point","coordinates":[17.6728,48.4918]}},{"type":"Feature","id":"Q14159771","properties":{"name":"Shidao Bay Nuclear Power Plant","country":"People's Republic of China","capacityMW":null,"status":"in use","opened":null,"wikidata":"https://www.wikidata.org/wiki/Q14159771"},"geometry":{"type":"Point","coordinates":[122.528888888,36.972222222]}},{"type":"Feature","id":"Q15116524","properties":{"name":"Marcoule Nuclear Power Plant","country":"France","capacityMW":null,"status":"decommissioned","opened":null,"wikidata":"https://www.wikidata.org/wiki/Q15116524"},"geometry":{"type":"Point","coordinates":[4.714284865,44.150739016]}},{"type":"Feature","id":"Q15938258","properties":{"name":"Nanyang Nuclear Power Plant","country":"People's Republic of China","capacityMW":null,"status":"proposed building or structure","opened":null,"wikidata":"https://www.wikidata.org/wiki/Q15938258"},"geometry":{"type":"Point","coordinates":[112.54083333,33.31861111]}},{"type":"Feature","id":"Q16698859","properties":{"name":"Smolensk Nuclear Power Plant II","country":"Russia","capacityMW":2510,"status":"proposed building or structure","opened":null,"wikidata":"https://www.wikidata.org/wiki/Q16698859"},"geometry":{"type":"Point","coordinates":[33.233333,54.166667]}},{"type":"Feature","id":"Q17012735","properties":{"name":"Sanba Nuclear Power Plant","country":"People's Republic of China","capacityMW":null,"status":"proposed building or structure","opened":null,"wikidata":"https://www.wikidata.org/wiki/Q17012735"},"geometry":{"type":"Point","coordinates":[106.3,30.99]}},{"type":"Feature","id":"Q17224591","properties":{"name":"Hidaka Nuclear Power Plant","country":"Japan","capacityMW":null,"status":"cancelled","opened":null,"wikidata":"https://www.wikidata.org/wiki/Q17224591"},"geometry":{"type":"Point","coordinates":[135.06544444,33.92672222]}},{"type":"Feature","id":"Q19950917","properties":{"name":"Erdeven nuclear power project","country":"France","capacityMW":null,"status":"cancelled","opened":null,"wikidata":"https://www.wikidata.org/wiki/Q19950917"},"geometry":{"type":"Point","coordinates":[-3.18379,47.6231]}},{"type":"Feature","id":"Q19959586","properties":{"name":"Barakah nuclear power plant","country":"United Arab Emirates","capacityMW":5600,"status":"in use","opened":null,"wikidata":"https://www.wikidata.org/wiki/Q19959586"},"geometry":{"type":"Point","coordinates":[52.231666666,23.967777777]}},{"type":"Feature","id":"Q21777235","properties":{"name":"Tokai No.2 Power Station","country":"Japan","capacityMW":1100,"status":"in use","opened":null,"wikidata":"https://www.wikidata.org/wiki/Q21777235"},"geometry":{"type":"Point","coordinates":[140.606666666,36.466388888]}},{"type":"Feature","id":"Q24525665","properties":{"name":"Phipps Bend Nuclear Power Plant","country":"United States","capacityMW":null,"status":"cancelled","opened":null,"wikidata":"https://www.wikidata.org/wiki/Q24525665"},"geometry":{"type":"Point","coordinates":[-82.8075,36.46694444]}},{"type":"Feature","id":"Q24860756","properties":{"name":"Obama Nuclear Power Plant","country":"Japan","capacityMW":null,"status":"cancelled","opened":null,"wikidata":"https://www.wikidata.org/wiki/Q24860756"},"geometry":{"type":"Point","coordinates":[135.82447222,35.53263889]}},{"type":"Feature","id":"Q24861291","properties":{"name":"Gamoda Nuclear Power Plant","country":"Japan","capacityMW":null,"status":"cancelled","opened":null,"wikidata":"https://www.wikidata.org/wiki/Q24861291"},"geometry":{"type":"Point","coordinates":[134.71652778,33.83183333]}},{"type":"Feature","id":"Q24861532","properties":{"name":"Hamamasu Nuclear Power Plant","country":"Japan","capacityMW":null,"status":"cancelled","opened":null,"wikidata":"https://www.wikidata.org/wiki/Q24861532"},"geometry":{"type":"Point","coordinates":[141.39508333,43.57208333]}},{"type":"Feature","id":"Q24861835","properties":{"name":"Kasumi Nuclear Power Plant","country":"Japan","capacityMW":null,"status":"cancelled","opened":null,"wikidata":"https://www.wikidata.org/wiki/Q24861835"},"geometry":{"type":"Point","coordinates":[134.60497222,35.65191667]}},{"type":"Feature","id":"Q24862545","properties":{"name":"Kubokawa Nuclear Power Plant","country":"Japan","capacityMW":null,"status":"cancelled","opened":null,"wikidata":"https://www.wikidata.org/wiki/Q24862545"},"geometry":{"type":"Point","coordinates":[133.23402778,33.20263889]}},{"type":"Feature","id":"Q24862576","properties":{"name":"Q24862576","country":"Japan","capacityMW":null,"status":"cancelled","opened":null,"wikidata":"https://www.wikidata.org/wiki/Q24862576"},"geometry":{"type":"Point","coordinates":[131.25344444,31.38241667]}},{"type":"Feature","id":"Q24949566","properties":{"name":"Chutka Nuclear Power Plant","country":"India","capacityMW":null,"status":"proposed building or structure","opened":null,"wikidata":"https://www.wikidata.org/wiki/Q24949566"},"geometry":{"type":"Point","coordinates":[80.08972222,22.78055556]}},{"type":"Feature","id":"Q25384399","properties":{"name":"Sidi Boulbra","country":"Morocco","capacityMW":null,"status":"proposed building or structure","opened":null,"wikidata":"https://www.wikidata.org/wiki/Q25384399"},"geometry":{"type":"Point","coordinates":[-9.464205,31.908466]}},{"type":"Feature","id":"Q28223974","properties":{"name":"Xudabao Nuclear Power Plant","country":"People's Republic of China","capacityMW":null,"status":"building or structure under construction","opened":null,"wikidata":"https://www.wikidata.org/wiki/Q28223974"},"geometry":{"type":"Point","coordinates":[120.5465412,40.351352]}},{"type":"Feature","id":"Q28409026","properties":{"name":"Xiapu Nuclear Power Plant","country":"People's Republic of China","capacityMW":null,"status":"building or structure under construction","opened":null,"wikidata":"https://www.wikidata.org/wiki/Q28409026"},"geometry":{"type":"Point","coordinates":[120.155,26.803611111]}},{"type":"Feature","id":"Q28854324","properties":{"name":"Blue Castle Project","country":"United States","capacityMW":null,"status":"proposed building or structure","opened":null,"wikidata":"https://www.wikidata.org/wiki/Q28854324"},"geometry":{"type":"Point","coordinates":[-110.240249,39.013898]}},{"type":"Feature","id":"Q30083718","properties":{"name":"El Dabaa Nuclear Power Plant","country":"Egypt","capacityMW":4800,"status":"building or structure under construction","opened":null,"wikidata":"https://www.wikidata.org/wiki/Q30083718"},"geometry":{"type":"Point","coordinates":[28.497777777,31.044166666]}},{"type":"Feature","id":"Q30894419","properties":{"name":"Zhangzhou Nuclear Power Plant","country":"People's Republic of China","capacityMW":null,"status":"building or structure under construction","opened":null,"wikidata":"https://www.wikidata.org/wiki/Q30894419"},"geometry":{"type":"Point","coordinates":[117.491666666,23.829166666]}},{"type":"Feature","id":"Q48795655","properties":{"name":"Geregu nuclear power plant","country":"Nigeria","capacityMW":2400,"status":"proposed building or structure","opened":null,"wikidata":"https://www.wikidata.org/wiki/Q48795655"},"geometry":{"type":"Point","coordinates":[6.69,7.57]}},{"type":"Feature","id":"Q48795688","properties":{"name":"Itu nuclear power plant","country":"Nigeria","capacityMW":2400,"status":"proposed building or structure","opened":null,"wikidata":"https://www.wikidata.org/wiki/Q48795688"},"geometry":{"type":"Point","coordinates":[7.97,5.205]}},{"type":"Feature","id":"Q54296442","properties":{"name":"Hinkley Point nuclear power stations","country":"United Kingdom","capacityMW":0,"status":"building or structure under construction","opened":null,"wikidata":"https://www.wikidata.org/wiki/Q54296442"},"geometry":{"type":"Point","coordinates":[-3.127,51.209]}},{"type":"Feature","id":"Q55063313","properties":{"name":"Sizewell C nuclear power station","country":"United Kingdom","capacityMW":null,"status":"proposed building or structure","opened":null,"wikidata":"https://www.wikidata.org/wiki/Q55063313"},"geometry":{"type":"Point","coordinates":[1.61972,52.215]}},{"type":"Feature","id":"Q60851209","properties":{"name":"Nuclear power plant in the Jizzakh region of Uzbekistan","country":"Uzbekistan","capacityMW":null,"status":"building or structure under construction","opened":null,"wikidata":"https://www.wikidata.org/wiki/Q60851209"},"geometry":{"type":"Point","coordinates":[67.333333333,40.583333333]}},{"type":"Feature","id":"Q85764720","properties":{"name":"Guangxi Bailong Nuclear Power Project","country":"People's Republic of China","capacityMW":2500,"status":"proposed building or structure","opened":null,"wikidata":"https://www.wikidata.org/wiki/Q85764720"},"geometry":{"type":"Point","coordinates":[108.293888888,21.545277777]}},{"type":"Feature","id":"Q85860592","properties":{"name":"Taipingling Nuclear Power Plant","country":"People's Republic of China","capacityMW":null,"status":"building or structure under construction","opened":null,"wikidata":"https://www.wikidata.org/wiki/Q85860592"},"geometry":{"type":"Point","coordinates":[114.978919,22.695437]}},{"type":"Feature","id":"Q92584370","properties":{"name":"Tetov Nuclear Power Plant","country":"Czech Republic","capacityMW":null,"status":"cancelled","opened":null,"wikidata":"https://www.wikidata.org/wiki/Q92584370"},"geometry":{"type":"Point","coordinates":[15.4466036,50.0807708]}},{"type":"Feature","id":"Q92584373","properties":{"name":"Blahutovice Nuclear Powerstation","country":"Czech Republic","capacityMW":null,"status":"proposed building or structure","opened":null,"wikidata":"https://www.wikidata.org/wiki/Q92584373"},"geometry":{"type":"Point","coordinates":[17.8692861,49.5912878]}},{"type":"Feature","id":"Q97585855","properties":{"name":"Bradwell B nuclear power station","country":"United Kingdom","capacityMW":null,"status":"proposed building or structure","opened":null,"wikidata":"https://www.wikidata.org/wiki/Q97585855"},"geometry":{"type":"Point","coordinates":[0.896944444,51.741388888]}},{"type":"Feature","id":"Q104946709","properties":{"name":"Sizewell B power station","country":"United Kingdom","capacityMW":1198,"status":"in use","opened":null,"wikidata":"https://www.wikidata.org/wiki/Q104946709"},"geometry":{"type":"Point","coordinates":[1.61972,52.215]}},{"type":"Feature","id":"Q104946799","properties":{"name":"Heysham 1 power station","country":"United Kingdom","capacityMW":1150,"status":"in use","opened":null,"wikidata":"https://www.wikidata.org/wiki/Q104946799"},"geometry":{"type":"Point","coordinates":[-2.91719,54.0304]}},{"type":"Feature","id":"Q104946808","properties":{"name":"Heysham 2 power station","country":"United Kingdom","capacityMW":1250,"status":"in use","opened":null,"wikidata":"https://www.wikidata.org/wiki/Q104946808"},"geometry":{"type":"Point","coordinates":[-2.91504,54.0273]}},{"type":"Feature","id":"Q104946950","properties":{"name":"Dungeness B power station","country":"United Kingdom","capacityMW":1120,"status":"decommissioned","opened":null,"wikidata":"https://www.wikidata.org/wiki/Q104946950"},"geometry":{"type":"Point","coordinates":[0.95976,50.9134]}},{"type":"Feature","id":"Q104946958","properties":{"name":"Dungeness A power station","country":"United Kingdom","capacityMW":null,"status":"decommissioned","opened":null,"wikidata":"https://www.wikidata.org/wiki/Q104946958"},"geometry":{"type":"Point","coordinates":[0.96392,50.9132]}},{"type":"Feature","id":"Q109377736","properties":{"name":"San'ao nuclear power plant","country":"People's Republic of China","capacityMW":null,"status":"building or structure under construction","opened":null,"wikidata":"https://www.wikidata.org/wiki/Q109377736"},"geometry":{"type":"Point","coordinates":[120.5157494,27.2013582]}},{"type":"Feature","id":"Q110259610","properties":{"name":"İğneada Nuclear Power Plant","country":"Turkey","capacityMW":null,"status":"proposed building or structure","opened":null,"wikidata":"https://www.wikidata.org/wiki/Q110259610"},"geometry":{"type":"Point","coordinates":[28.05,41.716666666]}},{"type":"Feature","id":"Q115100127","properties":{"name":"Gentilly-2 Generating Station","country":"Canada","capacityMW":null,"status":"decommissioned","opened":null,"wikidata":"https://www.wikidata.org/wiki/Q115100127"},"geometry":{"type":"Point","coordinates":[-72.3558333,46.395]}},{"type":"Feature","id":"Q836572","properties":{"name":"Vallecitos Nuclear Center","country":"United States","capacityMW":null,"status":"decommissioned","opened":null,"wikidata":"https://www.wikidata.org/wiki/Q836572"},"geometry":{"type":"Point","coordinates":[-121.84,37.6133]}},{"type":"Feature","id":"Q836576","properties":{"name":"H. B. Robinson Nuclear Generating Station","country":"United States","capacityMW":768.6,"status":null,"opened":null,"wikidata":"https://www.wikidata.org/wiki/Q836576"},"geometry":{"type":"Point","coordinates":[-80.1583,34.4028]}},{"type":"Feature","id":"Q838461","properties":{"name":"Trojan Nuclear Power Plant","country":"United States","capacityMW":null,"status":"decommissioned","opened":null,"wikidata":"https://www.wikidata.org/wiki/Q838461"},"geometry":{"type":"Point","coordinates":[-122.885,46.0383]}},{"type":"Feature","id":"Q838816","properties":{"name":"Fukushima Daini Nuclear Power Plant","country":"Japan","capacityMW":4400,"status":"decommissioned","opened":null,"wikidata":"https://www.wikidata.org/wiki/Q838816"},"geometry":{"type":"Point","coordinates":[141.02111,37.31944]}},{"type":"Feature","id":"Q839256","properties":{"name":"Zion Nuclear Power Station","country":"United States","capacityMW":null,"status":"decommissioned","opened":null,"wikidata":"https://www.wikidata.org/wiki/Q839256"},"geometry":{"type":"Point","coordinates":[-87.803,42.4464]}},{"type":"Feature","id":"Q841463","properties":{"name":"Yankee Rowe Nuclear Power Station","country":"United States","capacityMW":null,"status":"decommissioned","opened":null,"wikidata":"https://www.wikidata.org/wiki/Q841463"},"geometry":{"type":"Point","coordinates":[-72.9291,42.7278]}},{"type":"Feature","id":"Q847648","properties":{"name":"Shoreham Nuclear Power Plant","country":"United States","capacityMW":null,"status":"decommissioned","opened":null,"wikidata":"https://www.wikidata.org/wiki/Q847648"},"geometry":{"type":"Point","coordinates":[-72.865,40.9611]}},{"type":"Feature","id":"Q847687","properties":{"name":"Ignalina Nuclear Power Plant","country":"Lithuania","capacityMW":2600,"status":"decommissioned","opened":null,"wikidata":"https://www.wikidata.org/wiki/Q847687"},"geometry":{"type":"Point","coordinates":[26.56,55.604444]}},{"type":"Feature","id":"Q850462","properties":{"name":"Piqua Nuclear Generating Station","country":"United States","capacityMW":null,"status":"decommissioned","opened":null,"wikidata":"https://www.wikidata.org/wiki/Q850462"},"geometry":{"type":"Point","coordinates":[-84.2348,40.1323]}},{"type":"Feature","id":"Q862589","properties":{"name":"Three Mile Island Nuclear Generating Station","country":"United States","capacityMW":1839,"status":"decommissioned","opened":null,"wikidata":"https://www.wikidata.org/wiki/Q862589"},"geometry":{"type":"Point","coordinates":[-76.724911,40.152047]}},{"type":"Feature","id":"Q870170","properties":{"name":"Mehrzweckforschungsreaktor Karlsruhe","country":"Germany","capacityMW":null,"status":"decommissioned","opened":null,"wikidata":"https://www.wikidata.org/wiki/Q870170"},"geometry":{"type":"Point","coordinates":[8.43234,49.1042]}},{"type":"Feature","id":"Q870534","properties":{"name":"Q870534","country":"Germany","capacityMW":null,"status":"decommissioned","opened":null,"wikidata":"https://www.wikidata.org/wiki/Q870534"},"geometry":{"type":"Point","coordinates":[8.43289,49.0993]}},{"type":"Feature","id":"Q883247","properties":{"name":"Niederaichbach nuclear power station","country":"Germany","capacityMW":null,"status":"decommissioned","opened":null,"wikidata":"https://www.wikidata.org/wiki/Q883247"},"geometry":{"type":"Point","coordinates":[12.304,48.6046]}},{"type":"Feature","id":"Q891025","properties":{"name":"BONUS Reactor Facility","country":"United States","capacityMW":null,"status":"decommissioned","opened":null,"wikidata":"https://www.wikidata.org/wiki/Q891025"},"geometry":{"type":"Point","coordinates":[-67.268611,18.366389]}},{"type":"Feature","id":"Q909477","properties":{"name":"Zaporizhzhia Nuclear Power Plant","country":"Ukraine","capacityMW":5700,"status":"in partial operation","opened":null,"wikidata":"https://www.wikidata.org/wiki/Q909477"},"geometry":{"type":"Point","coordinates":[34.591666666,47.508333333]}},{"type":"Feature","id":"Q918661","properties":{"name":"Dampierre Nuclear Power Plant","country":"France","capacityMW":3560,"status":null,"opened":null,"wikidata":"https://www.wikidata.org/wiki/Q918661"},"geometry":{"type":"Point","coordinates":[2.5175,47.73361111]}},{"type":"Feature","id":"Q928750","properties":{"name":"Duane Arnold Energy Center","country":"United States","capacityMW":601,"status":"decommissioned","opened":null,"wikidata":"https://www.wikidata.org/wiki/Q928750"},"geometry":{"type":"Point","coordinates":[-91.7772,42.1006]}},{"type":"Feature","id":"Q935091","properties":{"name":"Ōma Nuclear Power Plant","country":"Japan","capacityMW":1383,"status":"building or structure under construction","opened":null,"wikidata":"https://www.wikidata.org/wiki/Q935091"},"geometry":{"type":"Point","coordinates":[140.91027778,41.50972222]}},{"type":"Feature","id":"Q941797","properties":{"name":"Koeberg Nuclear Power Station","country":"South Africa","capacityMW":1940,"status":"in use","opened":null,"wikidata":"https://www.wikidata.org/wiki/Q941797"},"geometry":{"type":"Point","coordinates":[18.43194444,-33.67666667]}},{"type":"Feature","id":"Q946058","properties":{"name":"Armenian Nuclear Power Plant","country":"Armenia","capacityMW":407.5,"status":"in use","opened":null,"wikidata":"https://www.wikidata.org/wiki/Q946058"},"geometry":{"type":"Point","coordinates":[44.1425,40.18247222]}},{"type":"Feature","id":"Q946530","properties":{"name":"Douglas Point Nuclear Generating Station","country":"Canada","capacityMW":null,"status":"decommissioned","opened":null,"wikidata":"https://www.wikidata.org/wiki/Q946530"},"geometry":{"type":"Point","coordinates":[-81.6,44.3333]}},{"type":"Feature","id":"Q947549","properties":{"name":"Vogtle Electric Generating Plant","country":"United States","capacityMW":2430,"status":null,"opened":null,"wikidata":"https://www.wikidata.org/wiki/Q947549"},"geometry":{"type":"Point","coordinates":[-81.7606,33.1433]}},{"type":"Feature","id":"Q948689","properties":{"name":"Nuclear Power Demonstration","country":"Canada","capacityMW":19.5,"status":"decommissioned","opened":null,"wikidata":"https://www.wikidata.org/wiki/Q948689"},"geometry":{"type":"Point","coordinates":[-77.6578,46.1867]}},{"type":"Feature","id":"Q964007","properties":{"name":"Daya Bay Nuclear Power Plant","country":"People's Republic of China","capacityMW":1968,"status":null,"opened":null,"wikidata":"https://www.wikidata.org/wiki/Q964007"},"geometry":{"type":"Point","coordinates":[114.54323056,22.59726389]}},{"type":"Feature","id":"Q969222","properties":{"name":"Perry Nuclear Generating Station","country":"United States","capacityMW":1311.6,"status":null,"opened":null,"wikidata":"https://www.wikidata.org/wiki/Q969222"},"geometry":{"type":"Point","coordinates":[-81.1433,41.8008]}},{"type":"Feature","id":"Q972715","properties":{"name":"Madras Atomic Power Station","country":"India","capacityMW":440,"status":null,"opened":null,"wikidata":"https://www.wikidata.org/wiki/Q972715"},"geometry":{"type":"Point","coordinates":[80.175,12.55833333]}},{"type":"Feature","id":"Q985274","properties":{"name":"Arkansas Nuclear One","country":"United States","capacityMW":1845,"status":null,"opened":null,"wikidata":"https://www.wikidata.org/wiki/Q985274"},"geometry":{"type":"Point","coordinates":[-93.2314,35.3103]}},{"type":"Feature","id":"Q995979","properties":{"name":"Hamaoka Nuclear Power Plant","country":"Japan","capacityMW":3504,"status":null,"opened":null,"wikidata":"https://www.wikidata.org/wiki/Q995979"},"geometry":{"type":"Point","coordinates":[138.1425,34.62361111]}},{"type":"Feature","id":"Q1000969","properties":{"name":"Jervis Bay Nuclear Power Plant proposal","country":"Australia","capacityMW":null,"status":"cancelled","opened":null,"wikidata":"https://www.wikidata.org/wiki/Q1000969"},"geometry":{"type":"Point","coordinates":[150.753686,-35.126244]}},{"type":"Feature","id":"Q1029360","properties":{"name":"Fangjiashan Nuclear Power Plant","country":"People's Republic of China","capacityMW":2160,"status":null,"opened":null,"wikidata":"https://www.wikidata.org/wiki/Q1029360"},"geometry":{"type":"Point","coordinates":[120.941758,30.441342]}},{"type":"Feature","id":"Q1029375","properties":{"name":"Yangjiang Nuclear Power Station","country":"People's Republic of China","capacityMW":6000,"status":null,"opened":null,"wikidata":"https://www.wikidata.org/wiki/Q1029375"},"geometry":{"type":"Point","coordinates":[112.261,21.7083]}},{"type":"Feature","id":"Q1029384","properties":{"name":"Haiyang Nuclear Power Plant","country":"People's Republic of China","capacityMW":2340,"status":null,"opened":null,"wikidata":"https://www.wikidata.org/wiki/Q1029384"},"geometry":{"type":"Point","coordinates":[121.38333333,36.70833333]}},{"type":"Feature","id":"Q1029398","properties":{"name":"Sanmen Nuclear Power Station","country":"People's Republic of China","capacityMW":2314,"status":null,"opened":null,"wikidata":"https://www.wikidata.org/wiki/Q1029398"},"geometry":{"type":"Point","coordinates":[121.64194444,29.10111111]}},{"type":"Feature","id":"Q1032792","properties":{"name":"Kozloduy Nuclear Power Plant","country":"Bulgaria","capacityMW":2000,"status":"in use","opened":null,"wikidata":"https://www.wikidata.org/wiki/Q1032792"},"geometry":{"type":"Point","coordinates":[23.77050556,43.74613889]}},{"type":"Feature","id":"Q1037144","properties":{"name":"Khmelnytskyi Nuclear Power Plant","country":"Ukraine","capacityMW":2000,"status":null,"opened":null,"wikidata":"https://www.wikidata.org/wiki/Q1037144"},"geometry":{"type":"Point","coordinates":[26.645,50.305]}},{"type":"Feature","id":"Q1061884","properties":{"name":"Loviisa Nuclear Power Plant","country":"Finland","capacityMW":1014,"status":null,"opened":null,"wikidata":"https://www.wikidata.org/wiki/Q1061884"},"geometry":{"type":"Point","coordinates":[26.34722223,60.37222223]}},{"type":"Feature","id":"Q1067623","properties":{"name":"Onagawa Nuclear Power Plant","country":"Japan","capacityMW":2174,"status":null,"opened":null,"wikidata":"https://www.wikidata.org/wiki/Q1067623"},"geometry":{"type":"Point","coordinates":[141.49972222,38.40111111]}},{"type":"Feature","id":"Q1085951","properties":{"name":"Mochovce Nuclear Power Plant","country":"Slovakia","capacityMW":905,"status":null,"opened":null,"wikidata":"https://www.wikidata.org/wiki/Q1085951"},"geometry":{"type":"Point","coordinates":[18.45694444,48.26388889]}},{"type":"Feature","id":"Q1111040","properties":{"name":"Gentilly Nuclear Generating Station","country":"Canada","capacityMW":675,"status":"decommissioned","opened":null,"wikidata":"https://www.wikidata.org/wiki/Q1111040"},"geometry":{"type":"Point","coordinates":[-72.3569,46.3958]}},{"type":"Feature","id":"Q1186009","properties":{"name":"Bugey Nuclear Power Plant","country":"France","capacityMW":3580,"status":"in use","opened":null,"wikidata":"https://www.wikidata.org/wiki/Q1186009"},"geometry":{"type":"Point","coordinates":[5.27,45.79722222]}},{"type":"Feature","id":"Q1188635","properties":{"name":"Paks Nuclear Power Plant","country":"Hungary","capacityMW":1902,"status":null,"opened":null,"wikidata":"https://www.wikidata.org/wiki/Q1188635"},"geometry":{"type":"Point","coordinates":[18.85416667,46.5725]}},{"type":"Feature","id":"Q1201465","properties":{"name":"Ikata Nuclear Power Plant","country":"Japan","capacityMW":1456,"status":null,"opened":null,"wikidata":"https://www.wikidata.org/wiki/Q1201465"},"geometry":{"type":"Point","coordinates":[132.31111111,33.49083333]}},{"type":"Feature","id":"Q1233845","properties":{"name":"Rancho Seco Nuclear Generating Station","country":"United States","capacityMW":918,"status":"decommissioned","opened":null,"wikidata":"https://www.wikidata.org/wiki/Q1233845"},"geometry":{"type":"Point","coordinates":[-121.122,38.3453]}},{"type":"Feature","id":"Q1247509","properties":{"name":"Byron Nuclear Generating Station","country":"United States","capacityMW":2449.8,"status":null,"opened":null,"wikidata":"https://www.wikidata.org/wiki/Q1247509"},"geometry":{"type":"Point","coordinates":[-89.2819,42.0742]}},{"type":"Feature","id":"Q1248956","properties":{"name":"Cernavodă Nuclear Power Plant","country":"Romania","capacityMW":1270,"status":null,"opened":null,"wikidata":"https://www.wikidata.org/wiki/Q1248956"},"geometry":{"type":"Point","coordinates":[28.05728056,44.32234722]}},{"type":"Feature","id":"Q1274134","properties":{"name":"Karachi Nuclear Power Plant","country":"Pakistan","capacityMW":2034,"status":"in use","opened":null,"wikidata":"https://www.wikidata.org/wiki/Q1274134"},"geometry":{"type":"Point","coordinates":[66.787778,24.845]}},{"type":"Feature","id":"Q1312991","properties":{"name":"Narora Atomic Power Station","country":"India","capacityMW":440,"status":null,"opened":null,"wikidata":"https://www.wikidata.org/wiki/Q1312991"},"geometry":{"type":"Point","coordinates":[78.40833333,28.15833333]}},{"type":"Feature","id":"Q1318977","properties":{"name":"Penly Nuclear Power Plant","country":"France","capacityMW":2660,"status":null,"opened":null,"wikidata":"https://www.wikidata.org/wiki/Q1318977"},"geometry":{"type":"Point","coordinates":[1.21194444,49.97666667]}},{"type":"Feature","id":"Q1331046","properties":{"name":"Monju Nuclear Power Plant","country":"Japan","capacityMW":280,"status":"decommissioned","opened":null,"wikidata":"https://www.wikidata.org/wiki/Q1331046"},"geometry":{"type":"Point","coordinates":[135.98805556,35.74027778]}},{"type":"Feature","id":"Q1353243","properties":{"name":"Darkhovin Nuclear Power Plant","country":"Iran","capacityMW":null,"status":"proposed building or structure","opened":null,"wikidata":"https://www.wikidata.org/wiki/Q1353243"},"geometry":{"type":"Point","coordinates":[48.379687,30.707268]}},{"type":"Feature","id":"Q1371612","properties":{"name":"Cattenom Nuclear Power Plant","country":"France","capacityMW":5200,"status":null,"opened":null,"wikidata":"https://www.wikidata.org/wiki/Q1371612"},"geometry":{"type":"Point","coordinates":[6.218056,49.415833]}},{"type":"Feature","id":"Q1381790","properties":{"name":"Borssele Nuclear Power Station","country":"Netherlands","capacityMW":515,"status":null,"opened":null,"wikidata":"https://www.wikidata.org/wiki/Q1381790"},"geometry":{"type":"Point","coordinates":[3.716667,51.431944]}},{"type":"Feature","id":"Q1391137","properties":{"name":"Point Lepreau Nuclear Generating Station","country":"Canada","capacityMW":660,"status":"in use","opened":null,"wikidata":"https://www.wikidata.org/wiki/Q1391137"},"geometry":{"type":"Point","coordinates":[-66.45555556,45.06944444]}},{"type":"Feature","id":"Q1412996","properties":{"name":"Olkiluoto Nuclear Power Plant","country":"Finland","capacityMW":1780,"status":null,"opened":null,"wikidata":"https://www.wikidata.org/wiki/Q1412996"},"geometry":{"type":"Point","coordinates":[21.44222222,61.23666667]}},{"type":"Feature","id":"Q1418603","properties":{"name":"LaSalle County Nuclear Generating Station","country":"United States","capacityMW":2340,"status":null,"opened":null,"wikidata":"https://www.wikidata.org/wiki/Q1418603"},"geometry":{"type":"Point","coordinates":[-88.66917,41.24556]}},{"type":"Feature","id":"Q1426933","properties":{"name":"Oconee Nuclear Station","country":"United States","capacityMW":2666.7,"status":"in use","opened":null,"wikidata":"https://www.wikidata.org/wiki/Q1426933"},"geometry":{"type":"Point","coordinates":[-82.8981,34.7939]}},{"type":"Feature","id":"Q1431041","properties":{"name":"Almaraz Nuclear Power Plant","country":"Spain","capacityMW":2017,"status":"in use","opened":null,"wikidata":"https://www.wikidata.org/wiki/Q1431041"},"geometry":{"type":"Point","coordinates":[-5.69694444,39.80805556]}},{"type":"Feature","id":"Q1432276","properties":{"name":"Comanche Peak Nuclear Power Plant","country":"United States","capacityMW":2430,"status":"in use","opened":null,"wikidata":"https://www.wikidata.org/wiki/Q1432276"},"geometry":{"type":"Point","coordinates":[-97.785,32.2983]}},{"type":"Feature","id":"Q1465285","properties":{"name":"Golfech Nuclear Power Plant","country":"France","capacityMW":2620,"status":null,"opened":null,"wikidata":"https://www.wikidata.org/wiki/Q1465285"},"geometry":{"type":"Point","coordinates":[0.84027778,44.11111111]}},{"type":"Feature","id":"Q1466261","properties":{"name":"Torness Nuclear Power Station","country":"United Kingdom","capacityMW":1190,"status":"in use","opened":null,"wikidata":"https://www.wikidata.org/wiki/Q1466261"},"geometry":{"type":"Point","coordinates":[-2.40908,55.968]}},{"type":"Feature","id":"Q1471555","properties":{"name":"Nogent Nuclear Power Plant","country":"France","capacityMW":2620,"status":null,"opened":null,"wikidata":"https://www.wikidata.org/wiki/Q1471555"},"geometry":{"type":"Point","coordinates":[3.51777778,48.51611111]}},{"type":"Feature","id":"Q1480246","properties":{"name":"Kaiseraugst Nuclear Power Plant","country":"Switzerland","capacityMW":null,"status":"cancelled","opened":null,"wikidata":"https://www.wikidata.org/wiki/Q1480246"},"geometry":{"type":"Point","coordinates":[7.74889,47.54]}},{"type":"Feature","id":"Q1483977","properties":{"name":"Qinshan Nuclear Power Plant","country":"People's Republic of China","capacityMW":4110,"status":null,"opened":null,"wikidata":"https://www.wikidata.org/wiki/Q1483977"},"geometry":{"type":"Point","coordinates":[120.9581,30.43598333]}},{"type":"Feature","id":"Q1489205","properties":{"name":"Brennilis Nuclear Power Plant","country":"France","capacityMW":70,"status":"decommissioned","opened":null,"wikidata":"https://www.wikidata.org/wiki/Q1489205"},"geometry":{"type":"Point","coordinates":[-3.87222222,48.35333333]}},{"type":"Feature","id":"Q1493850","properties":{"name":"Callaway Energy Center","country":"United States","capacityMW":1235.8,"status":null,"opened":null,"wikidata":"https://www.wikidata.org/wiki/Q1493850"},"geometry":{"type":"Point","coordinates":[-91.78,38.7617]}},{"type":"Feature","id":"Q1500817","properties":{"name":"Fugen Nuclear Power Plant","country":"Japan","capacityMW":165,"status":"decommissioned","opened":null,"wikidata":"https://www.wikidata.org/wiki/Q1500817"},"geometry":{"type":"Point","coordinates":[136.01638889,35.75444444]}},{"type":"Feature","id":"Q1502091","properties":{"name":"Temelín Nuclear Power Station","country":"Czech Republic","capacityMW":2250,"status":"in use","opened":null,"wikidata":"https://www.wikidata.org/wiki/Q1502091"},"geometry":{"type":"Point","coordinates":[14.38138889,49.18194444]}},{"type":"Feature","id":"Q1508667","properties":{"name":"Palo Verde Nuclear Generating Station","country":"United States","capacityMW":4209.6,"status":null,"opened":null,"wikidata":"https://www.wikidata.org/wiki/Q1508667"},"geometry":{"type":"Point","coordinates":[-112.865,33.3892]}},{"type":"Feature","id":"Q1513575","properties":{"name":"Genkai Nuclear Power Plant","country":"Japan","capacityMW":2919,"status":null,"opened":null,"wikidata":"https://www.wikidata.org/wiki/Q1513575"},"geometry":{"type":"Point","coordinates":[129.83722222,33.51555556]}},{"type":"Feature","id":"Q1514659","properties":{"name":"Kewaunee Power Station","country":"United States","capacityMW":560.1,"status":"decommissioned","opened":null,"wikidata":"https://www.wikidata.org/wiki/Q1514659"},"geometry":{"type":"Point","coordinates":[-87.5361,44.3422]}},{"type":"Feature","id":"Q1516266","properties":{"name":"Limerick Generating Station","country":"United States","capacityMW":2277,"status":"in use","opened":null,"wikidata":"https://www.wikidata.org/wiki/Q1516266"},"geometry":{"type":"Point","coordinates":[-75.5872,40.2267]}},{"type":"Feature","id":"Q1516276","properties":{"name":"Hope Creek Nuclear Generating Station","country":"United States","capacityMW":1290.7,"status":null,"opened":null,"wikidata":"https://www.wikidata.org/wiki/Q1516276"},"geometry":{"type":"Point","coordinates":[-75.53805556,39.46777778]}},{"type":"Feature","id":"Q1516283","properties":{"name":"Dresden Generating Station","country":"United States","capacityMW":2018.6,"status":"in use","opened":null,"wikidata":"https://www.wikidata.org/wiki/Q1516283"},"geometry":{"type":"Point","coordinates":[-88.2681,41.3897]}},{"type":"Feature","id":"Q1516337","properties":{"name":"Edwin I. Hatch Nuclear Power Plant","country":"United States","capacityMW":1848,"status":"in use","opened":null,"wikidata":"https://www.wikidata.org/wiki/Q1516337"},"geometry":{"type":"Point","coordinates":[-82.3439,31.9342]}},{"type":"Feature","id":"Q1516539","properties":{"name":"Brunswick Nuclear Generating Station","country":"United States","capacityMW":2003.2,"status":null,"opened":null,"wikidata":"https://www.wikidata.org/wiki/Q1516539"},"geometry":{"type":"Point","coordinates":[-78.0103,33.9583]}},{"type":"Feature","id":"Q1516546","properties":{"name":"Diablo Canyon Power Plant","country":"United States","capacityMW":2323,"status":"in use","opened":null,"wikidata":"https://www.wikidata.org/wiki/Q1516546"},"geometry":{"type":"Point","coordinates":[-120.856,35.2108]}},{"type":"Feature","id":"Q1516614","properties":{"name":"Indian Point Energy Center","country":"United States","capacityMW":1012,"status":"decommissioned","opened":null,"wikidata":"https://www.wikidata.org/wiki/Q1516614"},"geometry":{"type":"Point","coordinates":[-73.952222222,41.269722222]}},{"type":"Feature","id":"Q1516618","properties":{"name":"Columbia Generating Station","country":"United States","capacityMW":1200,"status":"in use","opened":null,"wikidata":"https://www.wikidata.org/wiki/Q1516618"},"geometry":{"type":"Point","coordinates":[-119.334,46.4711]}},{"type":"Feature","id":"Q1516622","properties":{"name":"James A. FitzPatrick Nuclear Power Plant","country":"United States","capacityMW":883.3,"status":null,"opened":null,"wikidata":"https://www.wikidata.org/wiki/Q1516622"},"geometry":{"type":"Point","coordinates":[-76.3983,43.5233]}},{"type":"Feature","id":"Q1516627","properties":{"name":"Maine Yankee Nuclear Power Plant","country":"United States","capacityMW":null,"status":"decommissioned","opened":null,"wikidata":"https://www.wikidata.org/wiki/Q1516627"},"geometry":{"type":"Point","coordinates":[-69.69611111,43.95055556]}},{"type":"Feature","id":"Q1517424","properties":{"name":"Joseph M. Farley Nuclear Generating Station","country":"United States","capacityMW":1776.4,"status":null,"opened":null,"wikidata":"https://www.wikidata.org/wiki/Q1517424"},"geometry":{"type":"Point","coordinates":[-85.1117,31.2231]}},{"type":"Feature","id":"Q1517795","properties":{"name":"Catawba Nuclear Station","country":"United States","capacityMW":2410.2,"status":null,"opened":null,"wikidata":"https://www.wikidata.org/wiki/Q1517795"},"geometry":{"type":"Point","coordinates":[-81.07,35.0517]}},{"type":"Feature","id":"Q1519910","properties":{"name":"Taishan Nuclear Power Plant","country":"People's Republic of China","capacityMW":3500,"status":null,"opened":null,"wikidata":"https://www.wikidata.org/wiki/Q1519910"},"geometry":{"type":"Point","coordinates":[112.982,21.918]}},{"type":"Feature","id":"Q1520114","properties":{"name":"Juragua Nuclear Power Plant","country":"Cuba","capacityMW":880,"status":"cancelled","opened":null,"wikidata":"https://www.wikidata.org/wiki/Q1520114"},"geometry":{"type":"Point","coordinates":[-80.5092,22.0669]}},{"type":"Feature","id":"Q1520384","properties":{"name":"Lemoniz Nuclear Power Plant","country":"Spain","capacityMW":null,"status":"cancelled","opened":null,"wikidata":"https://www.wikidata.org/wiki/Q1520384"},"geometry":{"type":"Point","coordinates":[-2.8725,43.43333]}},{"type":"Feature","id":"Q1528979","properties":{"name":"CIRENE","country":"Italy","capacityMW":null,"status":"cancelled","opened":null,"wikidata":"https://www.wikidata.org/wiki/Q1528979"},"geometry":{"type":"Point","coordinates":[12.808056,41.427222]}},{"type":"Feature","id":"Q1530519","properties":{"name":"Paluel Nuclear Power Plant","country":"France","capacityMW":5320,"status":"in use","opened":null,"wikidata":"https://www.wikidata.org/wiki/Q1530519"},"geometry":{"type":"Point","coordinates":[0.63555556,49.85805556]}},{"type":"Feature","id":"Q1535057","properties":{"name":"Salem Nuclear Power Plant","country":"United States","capacityMW":2381.8,"status":null,"opened":null,"wikidata":"https://www.wikidata.org/wiki/Q1535057"},"geometry":{"type":"Point","coordinates":[-75.53422451,39.46297722]}},{"type":"Feature","id":"Q1535402","properties":{"name":"Peach Bottom Nuclear Generating Station","country":"United States","capacityMW":2876.4,"status":"in use","opened":null,"wikidata":"https://www.wikidata.org/wiki/Q1535402"},"geometry":{"type":"Point","coordinates":[-76.2681,39.7583]}},{"type":"Feature","id":"Q1536182","properties":{"name":"Hinkley Point B Nuclear Power Station","country":"United Kingdom","capacityMW":1250,"status":"decommissioned","opened":null,"wikidata":"https://www.wikidata.org/wiki/Q1536182"},"geometry":{"type":"Point","coordinates":[-3.1280887,51.2088898]}},{"type":"Feature","id":"Q1536186","properties":{"name":"Pilgrim Nuclear Power Station","country":"United States","capacityMW":670,"status":"decommissioned","opened":null,"wikidata":"https://www.wikidata.org/wiki/Q1536186"},"geometry":{"type":"Point","coordinates":[-70.5783,41.945]}},{"type":"Feature","id":"Q1536231","properties":{"name":"Point Beach Nuclear Plant","country":"United States","capacityMW":1311,"status":null,"opened":null,"wikidata":"https://www.wikidata.org/wiki/Q1536231"},"geometry":{"type":"Point","coordinates":[-87.5367,44.2811]}},{"type":"Feature","id":"Q1536314","properties":{"name":"Oyster Creek Nuclear Generating Station","country":"United States","capacityMW":550,"status":"decommissioned","opened":null,"wikidata":"https://www.wikidata.org/wiki/Q1536314"},"geometry":{"type":"Point","coordinates":[-74.205,39.8147]}},{"type":"Feature","id":"Q1537026","properties":{"name":"Monticello Nuclear Generating Plant","country":"United States","capacityMW":685,"status":null,"opened":null,"wikidata":"https://www.wikidata.org/wiki/Q1537026"},"geometry":{"type":"Point","coordinates":[-93.8492,45.3336]}},{"type":"Feature","id":"Q1537471","properties":{"name":"Visaginas Nuclear Power Plant","country":"Lithuania","capacityMW":null,"status":"cancelled","opened":null,"wikidata":"https://www.wikidata.org/wiki/Q1537471"},"geometry":{"type":"Point","coordinates":[26.5758419,55.60569944]}},{"type":"Feature","id":"Q1539046","properties":{"name":"Oskarshamn Nuclear Power Plant","country":"Sweden","capacityMW":1400,"status":null,"opened":null,"wikidata":"https://www.wikidata.org/wiki/Q1539046"},"geometry":{"type":"Point","coordinates":[16.67111111,57.41555556]}},{"type":"Feature","id":"Q121162350","properties":{"name":"Q121162350","country":"Spain","capacityMW":null,"status":null,"opened":null,"wikidata":"https://www.wikidata.org/wiki/Q121162350"},"geometry":{"type":"Point","coordinates":[-7.549451002,43.724286325]}},{"type":"Feature","id":"Q123002687","properties":{"name":"Lianjiang Nuclear Power Plant","country":"People's Republic of China","capacityMW":null,"status":null,"opened":null,"wikidata":"https://www.wikidata.org/wiki/Q123002687"},"geometry":{"type":"Point","coordinates":[109.4825,21.3315]}},{"type":"Feature","id":"Q124313589","properties":{"name":"Choczewo Nuclear Power Plant","country":"Poland","capacityMW":3750,"status":"project","opened":null,"wikidata":"https://www.wikidata.org/wiki/Q124313589"},"geometry":{"type":"Point","coordinates":[17.7875,54.7961]}},{"type":"Feature","id":"Q124613606","properties":{"name":"Mahi Banswara Atomic Power Plant","country":"India","capacityMW":null,"status":null,"opened":null,"wikidata":"https://www.wikidata.org/wiki/Q124613606"},"geometry":{"type":"Point","coordinates":[74.590555555,23.529444444]}},{"type":"Feature","id":"Q124739962","properties":{"name":"Jinqimen Nuclear Power Plant","country":"People's Republic of China","capacityMW":null,"status":null,"opened":null,"wikidata":"https://www.wikidata.org/wiki/Q124739962"},"geometry":{"type":"Point","coordinates":[121.9448,29.0564]}},{"type":"Feature","id":"Q131686976","properties":{"name":"Kerala Nuclear Power Station","country":"India","capacityMW":null,"status":"proposed building or structure","opened":null,"wikidata":"https://www.wikidata.org/wiki/Q131686976"},"geometry":{"type":"Point","coordinates":[75.27993409,12.250315712]}},{"type":"Feature","id":"Q132891362","properties":{"name":"Jamesport Nuclear Power Plant","country":"United States","capacityMW":null,"status":null,"opened":null,"wikidata":"https://www.wikidata.org/wiki/Q132891362"},"geometry":{"type":"Point","coordinates":[-72.596818,40.991391]}},{"type":"Feature","id":"Q137196041","properties":{"name":"Zhaoyuan Nuclear Power Plant","country":"People's Republic of China","capacityMW":null,"status":"proposed building or structure","opened":null,"wikidata":"https://www.wikidata.org/wiki/Q137196041"},"geometry":{"type":"Point","coordinates":[120.3453,37.4871]}},{"type":"Feature","id":"Q137485641","properties":{"name":"Xuwei Nuclear Power Plant","country":"People's Republic of China","capacityMW":null,"status":"proposed building or structure","opened":null,"wikidata":"https://www.wikidata.org/wiki/Q137485641"},"geometry":{"type":"Point","coordinates":[119.508333333,34.625]}},{"type":"Feature","id":"Q138028253","properties":{"name":"Peach Bottom Unit 1","country":null,"capacityMW":null,"status":"decommissioned","opened":null,"wikidata":"https://www.wikidata.org/wiki/Q138028253"},"geometry":{"type":"Point","coordinates":[-76.268055555,39.758333333]}},{"type":"Feature","id":"Q138411572","properties":{"name":"Kemmerer Power Station","country":"United States","capacityMW":null,"status":null,"opened":null,"wikidata":"https://www.wikidata.org/wiki/Q138411572"},"geometry":{"type":"Point","coordinates":[-110.560555555,41.705833333]}},{"type":"Feature","id":"Q1557235","properties":{"name":"Virgil C. Summer Nuclear Generating Station","country":"United States","capacityMW":1029.6,"status":"in use","opened":null,"wikidata":"https://www.wikidata.org/wiki/Q1557235"},"geometry":{"type":"Point","coordinates":[-81.315083333,34.298527777]}},{"type":"Feature","id":"Q1557429","properties":{"name":"Takahama Nuclear Power Plant","country":"Japan","capacityMW":3392,"status":"in use","opened":null,"wikidata":"https://www.wikidata.org/wiki/Q1557429"},"geometry":{"type":"Point","coordinates":[135.50472222,35.52222222]}},{"type":"Feature","id":"Q1561460","properties":{"name":"José Cabrera Nuclear Power Station","country":"Spain","capacityMW":160,"status":"decommissioned","opened":null,"wikidata":"https://www.wikidata.org/wiki/Q1561460"},"geometry":{"type":"Point","coordinates":[-2.884444,40.349167]}},{"type":"Feature","id":"Q24068","properties":{"name":"McGuire Nuclear Station","country":"United States","capacityMW":2440.6,"status":"in use","opened":null,"wikidata":"https://www.wikidata.org/wiki/Q24068"},"geometry":{"type":"Point","coordinates":[-80.9483,35.4325]}},{"type":"Feature","id":"Q82404","properties":{"name":"Chashma Nuclear Power Complex","country":"Pakistan","capacityMW":1330,"status":null,"opened":null,"wikidata":"https://www.wikidata.org/wiki/Q82404"},"geometry":{"type":"Point","coordinates":[71.463777,32.39157]}},{"type":"Feature","id":"Q94805","properties":{"name":"Biblis Nuclear Power Plant","country":"Germany","capacityMW":2525,"status":"decommissioned","opened":null,"wikidata":"https://www.wikidata.org/wiki/Q94805"},"geometry":{"type":"Point","coordinates":[8.415277777,49.71]}},{"type":"Feature","id":"Q113368","properties":{"name":"Phénix","country":"France","capacityMW":130,"status":"decommissioned","opened":null,"wikidata":"https://www.wikidata.org/wiki/Q113368"},"geometry":{"type":"Point","coordinates":[4.71166667,44.14333333]}},{"type":"Feature","id":"Q114295","properties":{"name":"Fukushima Daiichi Nuclear Power Plant","country":"Japan","capacityMW":null,"status":"decommissioned","opened":null,"wikidata":"https://www.wikidata.org/wiki/Q114295"},"geometry":{"type":"Point","coordinates":[141.0325,37.42138889]}},{"type":"Feature","id":"Q123393","properties":{"name":"Shin Wolsong Nuclear Power Plant","country":"South Korea","capacityMW":null,"status":null,"opened":null,"wikidata":"https://www.wikidata.org/wiki/Q123393"},"geometry":{"type":"Point","coordinates":[129.479615,35.721483]}},{"type":"Feature","id":"Q132171","properties":{"name":"Hongyanhe Nuclear Power Plant","country":"People's Republic of China","capacityMW":6366,"status":null,"opened":null,"wikidata":"https://www.wikidata.org/wiki/Q132171"},"geometry":{"type":"Point","coordinates":[121.475,39.80194444]}},{"type":"Feature","id":"Q135639","properties":{"name":"Xianning Nuclear Power Plant","country":"People's Republic of China","capacityMW":null,"status":"proposed building or structure","opened":null,"wikidata":"https://www.wikidata.org/wiki/Q135639"},"geometry":{"type":"Point","coordinates":[114.67,29.66]}},{"type":"Feature","id":"Q135679","properties":{"name":"Fangchenggang Nuclear Power Plant","country":"People's Republic of China","capacityMW":4000,"status":null,"opened":null,"wikidata":"https://www.wikidata.org/wiki/Q135679"},"geometry":{"type":"Point","coordinates":[108.562731597,21.667305748]}},{"type":"Feature","id":"Q136274","properties":{"name":"Changjiang Nuclear Power Plant","country":"People's Republic of China","capacityMW":1202,"status":null,"opened":null,"wikidata":"https://www.wikidata.org/wiki/Q136274"},"geometry":{"type":"Point","coordinates":[108.898838,19.459916]}},{"type":"Feature","id":"Q154006","properties":{"name":"Tricastin nuclear power plant","country":"France","capacityMW":3660,"status":null,"opened":null,"wikidata":"https://www.wikidata.org/wiki/Q154006"},"geometry":{"type":"Point","coordinates":[4.73148,44.331]}},{"type":"Feature","id":"Q163911","properties":{"name":"Wolf Creek Generating Station","country":"United States","capacityMW":1267.7,"status":null,"opened":null,"wikidata":"https://www.wikidata.org/wiki/Q163911"},"geometry":{"type":"Point","coordinates":[-95.6889,38.2389]}},{"type":"Feature","id":"Q186223","properties":{"name":"South Ukraine Nuclear Power Plant","country":"Ukraine","capacityMW":2850,"status":"in use","opened":null,"wikidata":"https://www.wikidata.org/wiki/Q186223"},"geometry":{"type":"Point","coordinates":[31.21666667,47.81666667]}},{"type":"Feature","id":"Q204637","properties":{"name":"Bushehr Nuclear Power Plant","country":"Iran","capacityMW":915,"status":null,"opened":null,"wikidata":"https://www.wikidata.org/wiki/Q204637"},"geometry":{"type":"Point","coordinates":[50.88722222,28.82888889]}},{"type":"Feature","id":"Q205774","properties":{"name":"Ringhals Nuclear Power Plant","country":"Sweden","capacityMW":2193,"status":null,"opened":null,"wikidata":"https://www.wikidata.org/wiki/Q205774"},"geometry":{"type":"Point","coordinates":[12.10833333,57.26111111]}},{"type":"Feature","id":"Q211150","properties":{"name":"Bradwell nuclear power station","country":"United Kingdom","capacityMW":242,"status":"decommissioned","opened":null,"wikidata":"https://www.wikidata.org/wiki/Q211150"},"geometry":{"type":"Point","coordinates":[0.896944,51.7414]}},{"type":"Feature","id":"Q215419","properties":{"name":"Chernobyl Nuclear Power Plant","country":"Ukraine","capacityMW":3515,"status":"decommissioned","opened":null,"wikidata":"https://www.wikidata.org/wiki/Q215419"},"geometry":{"type":"Point","coordinates":[30.099147,51.389553]}},{"type":"Feature","id":"Q250830","properties":{"name":"Rajasthan Atomic Power Station","country":"India","capacityMW":1080,"status":null,"opened":null,"wikidata":"https://www.wikidata.org/wiki/Q250830"},"geometry":{"type":"Point","coordinates":[75.61388889,24.87222222]}},{"type":"Feature","id":"Q281837","properties":{"name":"Leibstadt Nuclear Power Plant","country":"Switzerland","capacityMW":1220,"status":"in use","opened":null,"wikidata":"https://www.wikidata.org/wiki/Q281837"},"geometry":{"type":"Point","coordinates":[8.18375,47.6013]}},{"type":"Feature","id":"Q288334","properties":{"name":"Cruas Nuclear Power Plant","country":"France","capacityMW":3660,"status":null,"opened":null,"wikidata":"https://www.wikidata.org/wiki/Q288334"},"geometry":{"type":"Point","coordinates":[4.75388889,44.63388889]}},{"type":"Feature","id":"Q290561","properties":{"name":"River Bend Nuclear Generating Station","country":"United States","capacityMW":1035.9,"status":null,"opened":null,"wikidata":"https://www.wikidata.org/wiki/Q290561"},"geometry":{"type":"Point","coordinates":[-91.3333,30.7567]}},{"type":"Feature","id":"Q300178","properties":{"name":"AVR reactor","country":"Germany","capacityMW":null,"status":"decommissioned","opened":null,"wikidata":"https://www.wikidata.org/wiki/Q300178"},"geometry":{"type":"Point","coordinates":[6.42121,50.9029]}},{"type":"Feature","id":"Q301915","properties":{"name":"Rivne Nuclear Power Plant","country":"Ukraine","capacityMW":2657,"status":null,"opened":null,"wikidata":"https://www.wikidata.org/wiki/Q301915"},"geometry":{"type":"Point","coordinates":[25.89166667,51.32777778]}},{"type":"Feature","id":"Q302114","properties":{"name":"Neckarwestheim Nuclear Power Plant","country":"Germany","capacityMW":1400,"status":"decommissioned","opened":null,"wikidata":"https://www.wikidata.org/wiki/Q302114"},"geometry":{"type":"Point","coordinates":[9.175,49.0411]}},{"type":"Feature","id":"Q318042","properties":{"name":"Großwelzheim Nuclear Power Plant","country":"Germany","capacityMW":null,"status":"decommissioned","opened":null,"wikidata":"https://www.wikidata.org/wiki/Q318042"},"geometry":{"type":"Point","coordinates":[8.98713056,50.05814167]}},{"type":"Feature","id":"Q323216","properties":{"name":"Würgassen Nuclear Power Plant","country":"Germany","capacityMW":null,"status":"decommissioned","opened":null,"wikidata":"https://www.wikidata.org/wiki/Q323216"},"geometry":{"type":"Point","coordinates":[9.39139,51.6392]}},{"type":"Feature","id":"Q337376","properties":{"name":"Kudankulam Nuclear Power Plant","country":"India","capacityMW":2000,"status":null,"opened":null,"wikidata":"https://www.wikidata.org/wiki/Q337376"},"geometry":{"type":"Point","coordinates":[77.7125,8.16833333]}},{"type":"Feature","id":"Q367676","properties":{"name":"Tomari Nuclear Power Plant","country":"Japan","capacityMW":2070,"status":null,"opened":null,"wikidata":"https://www.wikidata.org/wiki/Q367676"},"geometry":{"type":"Point","coordinates":[140.51333333,43.03722222]}},{"type":"Feature","id":"Q371357","properties":{"name":"South Texas Nuclear Generating Station","country":"United States","capacityMW":2708.6,"status":null,"opened":null,"wikidata":"https://www.wikidata.org/wiki/Q371357"},"geometry":{"type":"Point","coordinates":[-96.0489,28.7956]}},{"type":"Feature","id":"Q371499","properties":{"name":"Laguna Verde Nuclear Power Station","country":"Mexico","capacityMW":1552,"status":null,"opened":null,"wikidata":"https://www.wikidata.org/wiki/Q371499"},"geometry":{"type":"Point","coordinates":[-96.40634167,19.72078333]}},{"type":"Feature","id":"Q384685","properties":{"name":"Mihama Nuclear Power Plant","country":"Japan","capacityMW":780,"status":null,"opened":null,"wikidata":"https://www.wikidata.org/wiki/Q384685"},"geometry":{"type":"Point","coordinates":[135.963415,35.70243]}},{"type":"Feature","id":"Q390252","properties":{"name":"Flamanville Nuclear Power Plant","country":"France","capacityMW":4280,"status":"in use","opened":null,"wikidata":"https://www.wikidata.org/wiki/Q390252"},"geometry":{"type":"Point","coordinates":[-1.8825,49.53722222]}},{"type":"Feature","id":"Q452789","properties":{"name":"SNR-300","country":"Germany","capacityMW":null,"status":"cancelled","opened":null,"wikidata":"https://www.wikidata.org/wiki/Q452789"},"geometry":{"type":"Point","coordinates":[6.32694,51.7631]}},{"type":"Feature","id":"Q473952","properties":{"name":"Kahl Nuclear Power Plant","country":"Germany","capacityMW":null,"status":"decommissioned","opened":null,"wikidata":"https://www.wikidata.org/wiki/Q473952"},"geometry":{"type":"Point","coordinates":[8.987272222,50.059119444]}},{"type":"Feature","id":"Q474478","properties":{"name":"Krško Nuclear Power Plant","country":"Slovenia","capacityMW":702,"status":"in use","opened":null,"wikidata":"https://www.wikidata.org/wiki/Q474478"},"geometry":{"type":"Point","coordinates":[15.51546944,45.93841389]}},{"type":"Feature","id":"Q475652","properties":{"name":"Seabrook Station Nuclear Power Plant","country":"United States","capacityMW":1242,"status":null,"opened":null,"wikidata":"https://www.wikidata.org/wiki/Q475652"},"geometry":{"type":"Point","coordinates":[-70.8508,42.8989]}},{"type":"Feature","id":"Q484896","properties":{"name":"Wolseong Nuclear Power Plant","country":"South Korea","capacityMW":3813,"status":"in use","opened":null,"wikidata":"https://www.wikidata.org/wiki/Q484896"},"geometry":{"type":"Point","coordinates":[129.475,35.71111111]}},{"type":"Feature","id":"Q486898","properties":{"name":"Kori Nuclear Power Plant","country":"South Korea","capacityMW":7489,"status":"in use","opened":null,"wikidata":"https://www.wikidata.org/wiki/Q486898"},"geometry":{"type":"Point","coordinates":[129.2946142,35.3202246]}},{"type":"Feature","id":"Q496248","properties":{"name":"Hanul Nuclear Power Plant","country":"South Korea","capacityMW":5924,"status":null,"opened":null,"wikidata":"https://www.wikidata.org/wiki/Q496248"},"geometry":{"type":"Point","coordinates":[129.389490474,37.084586989]}},{"type":"Feature","id":"Q496260","properties":{"name":"Hanbit Nuclear Power Plant","country":"South Korea","capacityMW":5924,"status":"in use","opened":null,"wikidata":"https://www.wikidata.org/wiki/Q496260"},"geometry":{"type":"Point","coordinates":[126.42388889,35.415]}},{"type":"Feature","id":"Q507704","properties":{"name":"Vandellòs Nuclear Power Plant","country":"Spain","capacityMW":1045,"status":"in use","opened":null,"wikidata":"https://www.wikidata.org/wiki/Q507704"},"geometry":{"type":"Point","coordinates":[0.86666667,40.95138889]}},{"type":"Feature","id":"Q522938","properties":{"name":"Enrico Fermi Nuclear Generating Station","country":"United States","capacityMW":1281,"status":"in use","opened":null,"wikidata":"https://www.wikidata.org/wiki/Q522938"},"geometry":{"type":"Point","coordinates":[-83.2575,41.9628]}},{"type":"Feature","id":"Q525334","properties":{"name":"Trawsfynydd nuclear power station","country":"United Kingdom","capacityMW":null,"status":"decommissioned","opened":null,"wikidata":"https://www.wikidata.org/wiki/Q525334"},"geometry":{"type":"Point","coordinates":[-3.94844,52.9249]}},{"type":"Feature","id":"Q533357","properties":{"name":"Palisades Nuclear Generating Station","country":"United States","capacityMW":811.8,"status":"starting up","opened":null,"wikidata":"https://www.wikidata.org/wiki/Q533357"},"geometry":{"type":"Point","coordinates":[-86.3144,42.3228]}},{"type":"Feature","id":"Q535877","properties":{"name":"Lingen Nuclear Power Plant","country":"Germany","capacityMW":268,"status":"decommissioned","opened":null,"wikidata":"https://www.wikidata.org/wiki/Q535877"},"geometry":{"type":"Point","coordinates":[7.3069,52.4828]}},{"type":"Feature","id":"Q535990","properties":{"name":"Stade Nuclear Power Plant","country":"Germany","capacityMW":null,"status":"decommissioned","opened":null,"wikidata":"https://www.wikidata.org/wiki/Q535990"},"geometry":{"type":"Point","coordinates":[9.53083,53.62]}},{"type":"Feature","id":"Q536084","properties":{"name":"Obrigheim Nuclear Power Plant","country":"Germany","capacityMW":340,"status":"decommissioned","opened":null,"wikidata":"https://www.wikidata.org/wiki/Q536084"},"geometry":{"type":"Point","coordinates":[9.07627,49.3645]}},{"type":"Feature","id":"Q543712","properties":{"name":"Mülheim-Kärlich Nuclear Power Plant","country":"Germany","capacityMW":null,"status":"decommissioned","opened":null,"wikidata":"https://www.wikidata.org/wiki/Q543712"},"geometry":{"type":"Point","coordinates":[7.48972,50.4078]}},{"type":"Feature","id":"Q543775","properties":{"name":"Rheinsberg Nuclear Power Plant","country":"Germany","capacityMW":null,"status":"decommissioned","opened":null,"wikidata":"https://www.wikidata.org/wiki/Q543775"},"geometry":{"type":"Point","coordinates":[12.9902,53.147]}},{"type":"Feature","id":"Q566211","properties":{"name":"THTR-300","country":"Germany","capacityMW":null,"status":"decommissioned","opened":null,"wikidata":"https://www.wikidata.org/wiki/Q566211"},"geometry":{"type":"Point","coordinates":[7.971667,51.679167]}},{"type":"Feature","id":"Q569510","properties":{"name":"Isar Nuclear Power Plant","country":"Germany","capacityMW":1485,"status":"decommissioned","opened":null,"wikidata":"https://www.wikidata.org/wiki/Q569510"},"geometry":{"type":"Point","coordinates":[12.2931,48.6056]}},{"type":"Feature","id":"Q569525","properties":{"name":"Philippsburg Nuclear Power Plant","country":"Germany","capacityMW":1402,"status":"decommissioned","opened":null,"wikidata":"https://www.wikidata.org/wiki/Q569525"},"geometry":{"type":"Point","coordinates":[8.43644,49.2527]}},{"type":"Feature","id":"Q571906","properties":{"name":"Grand Gulf Nuclear Generating Station","country":"United States","capacityMW":1440,"status":null,"opened":null,"wikidata":"https://www.wikidata.org/wiki/Q571906"},"geometry":{"type":"Point","coordinates":[-91.0483,32.0067]}},{"type":"Feature","id":"Q572403","properties":{"name":"Hartlepool Nuclear Power Station","country":"United Kingdom","capacityMW":1185,"status":"in use","opened":null,"wikidata":"https://www.wikidata.org/wiki/Q572403"},"geometry":{"type":"Point","coordinates":[-1.18083,54.635]}},{"type":"Feature","id":"Q575275","properties":{"name":"Dodewaard nuclear power plant","country":"Netherlands","capacityMW":60,"status":"decommissioned","opened":null,"wikidata":"https://www.wikidata.org/wiki/Q575275"},"geometry":{"type":"Point","coordinates":[5.686111,51.899444]}},{"type":"Feature","id":"Q575633","properties":{"name":"Connecticut Yankee Nuclear Power Plant","country":"United States","capacityMW":null,"status":"decommissioned","opened":null,"wikidata":"https://www.wikidata.org/wiki/Q575633"},"geometry":{"type":"Point","coordinates":[-72.4992,41.4819]}},{"type":"Feature","id":"Q586892","properties":{"name":"Fuqing Nuclear Power Plant","country":"People's Republic of China","capacityMW":6000,"status":null,"opened":null,"wikidata":"https://www.wikidata.org/wiki/Q586892"},"geometry":{"type":"Point","coordinates":[119.44722222,25.44583333]}},{"type":"Feature","id":"Q593463","properties":{"name":"Zwentendorf Nuclear Power Plant","country":"Austria","capacityMW":700,"status":"cancelled","opened":null,"wikidata":"https://www.wikidata.org/wiki/Q593463"},"geometry":{"type":"Point","coordinates":[15.8847,48.3544]}},{"type":"Feature","id":"Q597821","properties":{"name":"Embalse Nuclear Power Station","country":"Argentina","capacityMW":600,"status":"in use","opened":null,"wikidata":"https://www.wikidata.org/wiki/Q597821"},"geometry":{"type":"Point","coordinates":[-64.443,-32.232]}},{"type":"Feature","id":"Q605091","properties":{"name":"Donald C. Cook Nuclear Generating Station","country":"United States","capacityMW":2285.3,"status":null,"opened":null,"wikidata":"https://www.wikidata.org/wiki/Q605091"},"geometry":{"type":"Point","coordinates":[-86.5659,41.9754]}},{"type":"Feature","id":"Q611354","properties":{"name":"Susquehanna Steam Electric Station","country":"United States","capacityMW":2532,"status":null,"opened":null,"wikidata":"https://www.wikidata.org/wiki/Q611354"},"geometry":{"type":"Point","coordinates":[-76.1489,41.0889]}},{"type":"Feature","id":"Q615128","properties":{"name":"Montalto di Castro Nuclear Power Station","country":"Italy","capacityMW":2018,"status":"cancelled","opened":null,"wikidata":"https://www.wikidata.org/wiki/Q615128"},"geometry":{"type":"Point","coordinates":[11.5314,42.3588]}},{"type":"Feature","id":"Q644493","properties":{"name":"Saint-Laurent Nuclear Power Plant","country":"France","capacityMW":1830,"status":"in use","opened":null,"wikidata":"https://www.wikidata.org/wiki/Q644493"},"geometry":{"type":"Point","coordinates":[1.57861111,47.72055556]}},{"type":"Feature","id":"Q654974","properties":{"name":"Nine Mile Point Nuclear Generating Station","country":"United States","capacityMW":1901.1,"status":"in use","opened":null,"wikidata":"https://www.wikidata.org/wiki/Q654974"},"geometry":{"type":"Point","coordinates":[-76.4069,43.5208]}},{"type":"Feature","id":"Q655061","properties":{"name":"Unterweser Nuclear Power Plant","country":"Germany","capacityMW":1410,"status":"decommissioned","opened":null,"wikidata":"https://www.wikidata.org/wiki/Q655061"},"geometry":{"type":"Point","coordinates":[8.4802,53.4277]}},{"type":"Feature","id":"Q655384","properties":{"name":"Humboldt Bay Nuclear Power Plant","country":"United States","capacityMW":null,"status":"decommissioned","opened":null,"wikidata":"https://www.wikidata.org/wiki/Q655384"},"geometry":{"type":"Point","coordinates":[-124.209,40.7413]}},{"type":"Feature","id":"Q655947","properties":{"name":"Greifswald Nuclear Power Plant","country":"Germany","capacityMW":null,"status":"decommissioned","opened":null,"wikidata":"https://www.wikidata.org/wiki/Q655947"},"geometry":{"type":"Point","coordinates":[13.66442222,54.14058611]}},{"type":"Feature","id":"Q656534","properties":{"name":"Barsebäck Nuclear Power Plant","country":"Sweden","capacityMW":null,"status":"decommissioned","opened":null,"wikidata":"https://www.wikidata.org/wiki/Q656534"},"geometry":{"type":"Point","coordinates":[12.92083333,55.74444444]}},{"type":"Feature","id":"Q656869","properties":{"name":"Grafenrheinfeld Nuclear Power Plant","country":"Germany","capacityMW":1345,"status":"decommissioned","opened":null,"wikidata":"https://www.wikidata.org/wiki/Q656869"},"geometry":{"type":"Point","coordinates":[10.1847,49.9841]}},{"type":"Feature","id":"Q657018","properties":{"name":"Grohnde Nuclear Power Plant","country":"Germany","capacityMW":1430,"status":"decommissioned","opened":null,"wikidata":"https://www.wikidata.org/wiki/Q657018"},"geometry":{"type":"Point","coordinates":[9.41333,52.0353]}},{"type":"Feature","id":"Q657029","properties":{"name":"Gundremmingen Nuclear Power Plant","country":"Germany","capacityMW":1344,"status":"decommissioned","opened":null,"wikidata":"https://www.wikidata.org/wiki/Q657029"},"geometry":{"type":"Point","coordinates":[10.4022,48.5147]}},{"type":"Feature","id":"Q663406","properties":{"name":"Niederamt Nuclear Power Plant","country":"Switzerland","capacityMW":null,"status":"cancelled","opened":null,"wikidata":"https://www.wikidata.org/wiki/Q663406"},"geometry":{"type":"Point","coordinates":[7.97423,47.3659]}},{"type":"Feature","id":"Q672931","properties":{"name":"Shika Nuclear Power Plant","country":"Japan","capacityMW":1746,"status":null,"opened":null,"wikidata":"https://www.wikidata.org/wiki/Q672931"},"geometry":{"type":"Point","coordinates":[136.72638889,37.06111111]}},{"type":"Feature","id":"Q674107","properties":{"name":"Braidwood Nuclear Generating Station","country":"United States","capacityMW":2449.8,"status":null,"opened":null,"wikidata":"https://www.wikidata.org/wiki/Q674107"},"geometry":{"type":"Point","coordinates":[-88.2292,41.2436]}},{"type":"Feature","id":"Q675779","properties":{"name":"Bellefonte Nuclear Generating Station","country":"United States","capacityMW":null,"status":"cancelled","opened":null,"wikidata":"https://www.wikidata.org/wiki/Q675779"},"geometry":{"type":"Point","coordinates":[-85.9292,34.7086]}},{"type":"Feature","id":"Q676411","properties":{"name":"Fessenheim Nuclear Power Plant","country":"France","capacityMW":1760,"status":"nuclear decommissioning","opened":null,"wikidata":"https://www.wikidata.org/wiki/Q676411"},"geometry":{"type":"Point","coordinates":[7.5625,47.90361111]}},{"type":"Feature","id":"Q679563","properties":{"name":"Brokdorf Nuclear Power Plant","country":"Germany","capacityMW":1480,"status":"decommissioned","opened":null,"wikidata":"https://www.wikidata.org/wiki/Q679563"},"geometry":{"type":"Point","coordinates":[9.344722222,53.850833333]}},{"type":"Feature","id":"Q686800","properties":{"name":"Beznau Nuclear Power Plant","country":"Switzerland","capacityMW":730,"status":"in use","opened":null,"wikidata":"https://www.wikidata.org/wiki/Q686800"},"geometry":{"type":"Point","coordinates":[8.22778,47.5522]}},{"type":"Feature","id":"Q686931","properties":{"name":"Mühleberg Nuclear Power Plant","country":"Switzerland","capacityMW":355,"status":"decommissioned","opened":null,"wikidata":"https://www.wikidata.org/wiki/Q686931"},"geometry":{"type":"Point","coordinates":[7.27028,46.9708]}},{"type":"Feature","id":"Q687033","properties":{"name":"Dukovany Nuclear Power Station","country":"Czech Republic","capacityMW":1878,"status":"in use","opened":null,"wikidata":"https://www.wikidata.org/wiki/Q687033"},"geometry":{"type":"Point","coordinates":[16.14899167,49.08509444]}},{"type":"Feature","id":"Q687422","properties":{"name":"Gösgen Nuclear Power Plant","country":"Switzerland","capacityMW":970,"status":null,"opened":null,"wikidata":"https://www.wikidata.org/wiki/Q687422"},"geometry":{"type":"Point","coordinates":[7.96889,47.3658]}},{"type":"Feature","id":"Q688190","properties":{"name":"Emsland Nuclear Power Plant","country":"Germany","capacityMW":1363,"status":"decommissioned","opened":null,"wikidata":"https://www.wikidata.org/wiki/Q688190"},"geometry":{"type":"Point","coordinates":[7.31786,52.4742]}},{"type":"Feature","id":"Q703271","properties":{"name":"Krümmel Nuclear Power Plant","country":"Germany","capacityMW":1402,"status":"decommissioned","opened":null,"wikidata":"https://www.wikidata.org/wiki/Q703271"},"geometry":{"type":"Point","coordinates":[10.4089,53.41]}},{"type":"Feature","id":"Q704293","properties":{"name":"Brunsbüttel Nuclear Power Plant","country":"Germany","capacityMW":806,"status":"decommissioned","opened":null,"wikidata":"https://www.wikidata.org/wiki/Q704293"},"geometry":{"type":"Point","coordinates":[9.20167,53.8917]}},{"type":"Feature","id":"Q707536","properties":{"name":"Longmen Nuclear Power Plant","country":"Taiwan","capacityMW":null,"status":"building or structure under construction","opened":null,"wikidata":"https://www.wikidata.org/wiki/Q707536"},"geometry":{"type":"Point","coordinates":[121.9241153,25.03832756]}},{"type":"Feature","id":"Q711929","properties":{"name":"Kuosheng Nuclear Power Plant","country":"Taiwan","capacityMW":985,"status":"decommissioned","opened":null,"wikidata":"https://www.wikidata.org/wiki/Q711929"},"geometry":{"type":"Point","coordinates":[121.66286004,25.2029346]}},{"type":"Feature","id":"Q712574","properties":{"name":"Jinshan Nuclear Power Plant","country":"Taiwan","capacityMW":1208,"status":"decommissioned","opened":null,"wikidata":"https://www.wikidata.org/wiki/Q712574"},"geometry":{"type":"Point","coordinates":[121.56767324,25.29147459]}},{"type":"Feature","id":"Q712797","properties":{"name":"Maanshan Nuclear Power Plant","country":"Taiwan","capacityMW":1902,"status":"in use","opened":null,"wikidata":"https://www.wikidata.org/wiki/Q712797"},"geometry":{"type":"Point","coordinates":[120.751612,21.958092]}},{"type":"Feature","id":"Q725100","properties":{"name":"Kashiwazaki-Kariwa Nuclear Power Plant","country":"Japan","capacityMW":7965,"status":null,"opened":null,"wikidata":"https://www.wikidata.org/wiki/Q725100"},"geometry":{"type":"Point","coordinates":[138.601666666,37.428333333]}},{"type":"Feature","id":"Q738945","properties":{"name":"Tōkai Nuclear Power Plant","country":"Japan","capacityMW":1100,"status":"in use","opened":null,"wikidata":"https://www.wikidata.org/wiki/Q738945"},"geometry":{"type":"Point","coordinates":[140.60666667,36.46638889]}},{"type":"Feature","id":"Q740586","properties":{"name":"Angra Nuclear Power Plant","country":"Brazil","capacityMW":1990,"status":"in use","opened":null,"wikidata":"https://www.wikidata.org/wiki/Q740586"},"geometry":{"type":"Point","coordinates":[-44.45833333,-23.00833333]}},{"type":"Feature","id":"Q743467","properties":{"name":"Hanhikivi Nuclear Power Plant","country":"Finland","capacityMW":1200,"status":"proposed building or structure","opened":null,"wikidata":"https://www.wikidata.org/wiki/Q743467"},"geometry":{"type":"Point","coordinates":[24.26388889,64.53055556]}},{"type":"Feature","id":"Q762368","properties":{"name":"San Onofre Nuclear Generating Station","country":"United States","capacityMW":2254,"status":"decommissioned","opened":null,"wikidata":"https://www.wikidata.org/wiki/Q762368"},"geometry":{"type":"Point","coordinates":[-117.555,33.3689]}},{"type":"Feature","id":"Q782133","properties":{"name":"Hunterston B nuclear power station","country":"United Kingdom","capacityMW":965,"status":"decommissioned","opened":null,"wikidata":"https://www.wikidata.org/wiki/Q782133"},"geometry":{"type":"Point","coordinates":[-4.89009,55.7221]}},{"type":"Feature","id":"Q795104","properties":{"name":"Bruce Nuclear Generating Stationc","country":"Canada","capacityMW":6478,"status":"in use","opened":null,"wikidata":"https://www.wikidata.org/wiki/Q795104"},"geometry":{"type":"Point","coordinates":[-81.5994,44.3253]}},{"type":"Feature","id":"Q828534","properties":{"name":"Winfrith","country":"United Kingdom","capacityMW":null,"status":"decommissioned","opened":null,"wikidata":"https://www.wikidata.org/wiki/Q828534"},"geometry":{"type":"Point","coordinates":[-2.26953611,50.68405833]}},{"type":"Feature","id":"Q833602","properties":{"name":"Bohunice Nuclear Power Plant","country":"Slovakia","capacityMW":942,"status":null,"opened":null,"wikidata":"https://www.wikidata.org/wiki/Q833602"},"geometry":{"type":"Point","coordinates":[17.68055556,48.49444444]}},{"type":"Feature","id":"Q835447","properties":{"name":"Ningde Nuclear Power Plant","country":"People's Republic of China","capacityMW":4320,"status":null,"opened":null,"wikidata":"https://www.wikidata.org/wiki/Q835447"},"geometry":{"type":"Point","coordinates":[120.28333333,27.045]}},{"type":"Feature","id":"Q835791","properties":{"name":"Novovoronezh Nuclear Power Plant II","country":"Russia","capacityMW":2375,"status":"in use","opened":null,"wikidata":"https://www.wikidata.org/wiki/Q835791"},"geometry":{"type":"Point","coordinates":[39.21145,51.26499]}},{"type":"Feature","id":"Q836568","properties":{"name":"Big Rock Point Nuclear Power Plant","country":"United States","capacityMW":72,"status":"decommissioned","opened":null,"wikidata":"https://www.wikidata.org/wiki/Q836568"},"geometry":{"type":"Point","coordinates":[-85.1972,45.3589]}}]}
