{"type":"FeatureCollection","_provenance":{"id":"radio-stations","source":"radio-browser.info","url":"https://www.radio-browser.info/","license":"PDDL 1.0 (directory); each stream is subject to its own broadcaster terms","attribution":"Stations: radio-browser.info community directory (PDDL 1.0)","retrievedAt":"2026-09-22T22:26:15.679Z","transform":"Country codes from every tracker's map.radioCountryCodes (AF, PK, CD, RW, EC, MX, ET, ER, PS, IL, IN, IR, IQ, LY, MD, MM, PL, RO, EE, LV, LT, ML, BF, NE, SO, PH, VN, SD, SS, TW, TH, KH, UA, YE); HTTPS MP3/AAC streams with geo coordinates and a passing last check only","featureCount":1327},"features":[{"type":"Feature","id":"4a29dbc1-77e1-449a-b6b5-62e19f66a8fc","properties":{"stationUuid":"4a29dbc1-77e1-449a-b6b5-62e19f66a8fc","name":"Aladin Radio Network","country":"Pakistan","countryCode":"PK","language":"urdu","freqLabel":null,"streamUrl":"https://cc.vmakerhost.com/proxy/magic?mp=/live","codec":"MP3","votes":977},"geometry":{"type":"Point","coordinates":[73.0693817138672,33.664657282179306]}},{"type":"Feature","id":"1c4c4c77-a792-4075-846d-dff13cfc0980","properties":{"stationUuid":"1c4c4c77-a792-4075-846d-dff13cfc0980","name":"City FM 89","country":"Pakistan","countryCode":"PK","language":"english,urdu","freqLabel":"89 FM","streamUrl":"https://radio.cityfm89.com/stream","codec":"AAC","votes":4507},"geometry":{"type":"Point","coordinates":[67.01763153076173,24.84766548139605]}},{"type":"Feature","id":"33cab88d-c3d9-42f9-abaa-fd8c320fde8f","properties":{"stationUuid":"33cab88d-c3d9-42f9-abaa-fd8c320fde8f","name":"City FM 89 Islamabad","country":"Pakistan","countryCode":"PK","language":"english,urdu","freqLabel":"89 FM","streamUrl":"https://radio.cityfm89.com/stream","codec":"AAC","votes":968},"geometry":{"type":"Point","coordinates":[73.02886962890626,33.640990668362946]}},{"type":"Feature","id":"a754b1cb-4a13-47ab-9215-10473d5a13c8","properties":{"stationUuid":"a754b1cb-4a13-47ab-9215-10473d5a13c8","name":"Hum FM 106.2","country":"Pakistan","countryCode":"PK","language":"english,urdu","freqLabel":"106.2 FM","streamUrl":"https://server.mediacast4u.stream/8002/stream","codec":"MP3","votes":3673},"geometry":{"type":"Point","coordinates":[67.0706943424193,24.795206860749147]}},{"type":"Feature","id":"82d0c589-9c97-4ca1-896a-1653e351ec93","properties":{"stationUuid":"82d0c589-9c97-4ca1-896a-1653e351ec93","name":"Mera FM 107.4","country":"Pakistan","countryCode":"PK","language":"urdu","freqLabel":"107.4 FM","streamUrl":"https://samaakhi107-itelservices.radioca.st/stream","codec":"MP3","votes":1851},"geometry":{"type":"Point","coordinates":[73.08517456054689,33.657531190464844]}},{"type":"Feature","id":"47efdce4-809f-4cd3-8e3c-85a2eabce1ef","properties":{"stationUuid":"47efdce4-809f-4cd3-8e3c-85a2eabce1ef","name":"Radio One FM 91","country":"Pakistan","countryCode":"PK","language":"english,urdu","freqLabel":"91 FM","streamUrl":"https://cc.vmakerhost.com/proxy/karachi?mp=/stream","codec":"MP3","votes":1144},"geometry":{"type":"Point","coordinates":[74.32800292968751,31.52016648911368]}},{"type":"Feature","id":"8e776a83-ec45-4c7c-a901-15602bae0f6f","properties":{"stationUuid":"8e776a83-ec45-4c7c-a901-15602bae0f6f","name":"Kolo-mboka fm","country":"The Democratic Republic Of The Congo","countryCode":"CD","language":"french","freqLabel":null,"streamUrl":"https://kolo-mbokafm.volticast.net/kolo-mbokafm.mp3","codec":"AAC","votes":11},"geometry":{"type":"Point","coordinates":[15.606313848585282,-4.673611091306695]}},{"type":"Feature","id":"d23f576b-ff29-40df-8f52-6729118cbe8e","properties":{"stationUuid":"d23f576b-ff29-40df-8f52-6729118cbe8e","name":"Radio Svein","country":"The Democratic Republic Of The Congo","countryCode":"CD","language":"french","freqLabel":null,"streamUrl":"https://radiosvein2.ice.infomaniak.ch/radiosvein2-64.mp3","codec":"MP3","votes":94},"geometry":{"type":"Point","coordinates":[28.873068774244565,-2.499224828704789]}},{"type":"Feature","id":"1e63cd36-ca1e-4862-a548-06a7ab5d3bbc","properties":{"stationUuid":"1e63cd36-ca1e-4862-a548-06a7ab5d3bbc","name":"Clásica FM","country":"Ecuador","countryCode":"EC","language":"english,espanish","freqLabel":null,"streamUrl":"https://radio.soft-dg.com/clasica_fm/index.m3u8","codec":"AAC","votes":8},"geometry":{"type":"Point","coordinates":[-77.99886345863344,-1.4906515229506307]}},{"type":"Feature","id":"43003dc7-d9a2-4931-aeb0-2433a5fe10a7","properties":{"stationUuid":"43003dc7-d9a2-4931-aeb0-2433a5fe10a7","name":"Los 40 Ecuador","country":"Ecuador","countryCode":"EC","language":"español internacional","freqLabel":null,"streamUrl":"https://streamingecuador.com:7051/stream","codec":"AAC","votes":997},"geometry":{"type":"Point","coordinates":[-78.51864337921144,-0.22927327360954372]}},{"type":"Feature","id":"28a896dc-ec7f-485e-bc30-e5b62f4722f1","properties":{"stationUuid":"28a896dc-ec7f-485e-bc30-e5b62f4722f1","name":"machdeportes","country":"Ecuador","countryCode":"EC","language":"spanish","freqLabel":null,"streamUrl":"https://ss.ecuastreamhd.com:8186/stream","codec":"AAC","votes":90},"geometry":{"type":"Point","coordinates":[-78.75000000000001,-1.1249320105321443]}},{"type":"Feature","id":"bf3e1f5b-7b67-476c-bb3b-e009142e8e02","properties":{"stationUuid":"bf3e1f5b-7b67-476c-bb3b-e009142e8e02","name":"MANIATICARADIO","country":"Ecuador","countryCode":"EC","language":"english spanish,spanish","freqLabel":null,"streamUrl":"https://a7.asurahosting.com/listen/maniaticaradio/radio.mp3","codec":"AAC","votes":5},"geometry":{"type":"Point","coordinates":[-78.48684310913087,-0.2140807687703583]}},{"type":"Feature","id":"d51d5562-620a-431d-b514-dd7a8451b1e4","properties":{"stationUuid":"d51d5562-620a-431d-b514-dd7a8451b1e4","name":"Modelo 97.7 FM","country":"Ecuador","countryCode":"EC","language":"español ecuador,spanish","freqLabel":"97.7 FM","streamUrl":"https://usa3.lhdserver.es:8197/stream","codec":"MP3","votes":108},"geometry":{"type":"Point","coordinates":[-80.72775632143022,-0.9497869757840856]}},{"type":"Feature","id":"1f83436a-d4f4-417d-ad2f-fd76c0ad7eb8","properties":{"stationUuid":"1f83436a-d4f4-417d-ad2f-fd76c0ad7eb8","name":"Música para ver llover","country":"Ecuador","countryCode":"EC","language":"castellano. español","freqLabel":null,"streamUrl":"https://stream-287.surfernetwork.com/8ekvqc5urfhvv?zt=eyJhbGciOiJIUzI1NiJ9.eyJzdHJlYW0iOiI4ZWt2cWM1dXJmaHZ2IiwiaG9zdCI6InN0cmVhbS0yODcuc3VyZmVybmV0d29yay5jb20iLCJ0bSI6ZmFsc2UsInJ0dGwiOjUsImp0aSI6Im45TWJxMWNmVGhXRkRjWmdUTzJhVlEiLCJpYXQiOjE3ODk5MzM3MjUsImV4cCI6MTc4OTkzMzc4NX0.aih9D2fPEJ4s5NyxezuDliFr89GWbPLmfMKGGcYBNDE","codec":"MP3","votes":32},"geometry":{"type":"Point","coordinates":[-78.52863805464588,-0.2792138358262728]}},{"type":"Feature","id":"4b08bbe9-04be-4219-b241-c14ebc0d7de7","properties":{"stationUuid":"4b08bbe9-04be-4219-b241-c14ebc0d7de7","name":"No es merengue es una merengazo","country":"Ecuador","countryCode":"EC","language":"español internacional","freqLabel":null,"streamUrl":"https://stream.zeno.fm/twem5wa0k0hvv","codec":"MP3","votes":78},"geometry":{"type":"Point","coordinates":[-78.43333560267638,-0.2272785641245884]}},{"type":"Feature","id":"5a6508e5-10d9-452e-8006-e608cc5c81ba","properties":{"stationUuid":"5a6508e5-10d9-452e-8006-e608cc5c81ba","name":"Pa ti Pati cumbia","country":"Ecuador","countryCode":"EC","language":"español internacional","freqLabel":null,"streamUrl":"https://stream.zeno.fm/7cm28ptuhxhvv","codec":"MP3","votes":72},"geometry":{"type":"Point","coordinates":[-78.40007309223127,-0.3161681416410852]}},{"type":"Feature","id":"0a8eef9d-0c0f-41ab-8f11-da521cb5df22","properties":{"stationUuid":"0a8eef9d-0c0f-41ab-8f11-da521cb5df22","name":"Play Radio Online","country":"Ecuador","countryCode":"EC","language":null,"freqLabel":null,"streamUrl":"https://stream.zeno.fm/thjs0ijturotv","codec":"AAC","votes":3},"geometry":{"type":"Point","coordinates":[-78.49182128906251,-0.2882182363605261]}},{"type":"Feature","id":"1f041b87-0c76-44e5-8bf6-371db39e8f4e","properties":{"stationUuid":"1f041b87-0c76-44e5-8bf6-371db39e8f4e","name":"Pon salsa y todo norte","country":"Ecuador","countryCode":"EC","language":"español internacional","freqLabel":null,"streamUrl":"https://stream.zeno.fm/eft72w1vrnhvv","codec":"MP3","votes":58},"geometry":{"type":"Point","coordinates":[-78.55010129674322,-0.4260285987778071]}},{"type":"Feature","id":"79688255-aded-4d8f-9da8-26c6f6d40279","properties":{"stationUuid":"79688255-aded-4d8f-9da8-26c6f6d40279","name":"Radio Andina","country":"Ecuador","countryCode":"EC","language":"español internacional","freqLabel":null,"streamUrl":"https://grupomundodigital.com:8580/stream","codec":"AAC","votes":417},"geometry":{"type":"Point","coordinates":[-78.6584762390703,-1.6843276922289687]}},{"type":"Feature","id":"4402d9dc-6092-418a-8d6f-a837fd2d0cc5","properties":{"stationUuid":"4402d9dc-6092-418a-8d6f-a837fd2d0cc5","name":"Radio Canela Pichincha","country":"Ecuador","countryCode":"EC","language":null,"freqLabel":null,"streamUrl":"https://canelaradio.makrodigital.com:9280/stream","codec":"MP3","votes":3369},"geometry":{"type":"Point","coordinates":[-78.49868774414064,-0.206636934558138]}},{"type":"Feature","id":"fb779aec-9d23-45b6-98d6-58bc557acf0e","properties":{"stationUuid":"fb779aec-9d23-45b6-98d6-58bc557acf0e","name":"Radio Canela Pichincha 106.5 FM","country":"Ecuador","countryCode":"EC","language":"español - latinoamerica,spanish","freqLabel":"106.5 FM","streamUrl":"https://canelaradio.makrodigital.com/stream/canelaradioquito","codec":"MP3","votes":221},"geometry":{"type":"Point","coordinates":[-78.48477464000352,-0.20173126115347484]}},{"type":"Feature","id":"49ebe1cc-f65e-4bc1-9393-465cd74d417a","properties":{"stationUuid":"49ebe1cc-f65e-4bc1-9393-465cd74d417a","name":"Radio Evolución","country":"Ecuador","countryCode":"EC","language":null,"freqLabel":null,"streamUrl":"https://stream.gradio.net/evolucion","codec":"MP3","votes":28},"geometry":{"type":"Point","coordinates":[-78.48708249722695,-0.1739127182669537]}},{"type":"Feature","id":"5fb9439d-36b1-40a4-934b-539e831fd04d","properties":{"stationUuid":"5fb9439d-36b1-40a4-934b-539e831fd04d","name":"Radio Mágica 87.7 (Ecuador)","country":"Ecuador","countryCode":"EC","language":"english","freqLabel":null,"streamUrl":"https://usa10.fastcast4u.com:1680/;?type=http&nocache=1683305161","codec":"MP3","votes":222},"geometry":{"type":"Point","coordinates":[-79.84196484088899,-2.158905761441751]}},{"type":"Feature","id":"5929ca57-9def-43b8-b884-4cb9af1f0481","properties":{"stationUuid":"5929ca57-9def-43b8-b884-4cb9af1f0481","name":"Radio Mágica 87.7 (Ecuador)","country":"Ecuador","countryCode":"EC","language":null,"freqLabel":null,"streamUrl":"https://usa10.fastcast4u.com:1680/;?type=http&nocache=1683302387","codec":"MP3","votes":340},"geometry":{"type":"Point","coordinates":[-79.84222769737245,-2.158972601550252]}},{"type":"Feature","id":"ec1cc3a3-8e8f-4fe5-ac83-afbf61443605","properties":{"stationUuid":"ec1cc3a3-8e8f-4fe5-ac83-afbf61443605","name":"Radio Ultimito Mix","country":"Ecuador","countryCode":"EC","language":null,"freqLabel":null,"streamUrl":"https://usa4.fastcast4u.com/proxy/rwrw1?mp=/1","codec":"MP3","votes":289},"geometry":{"type":"Point","coordinates":[-80.70719718933105,-0.958855691292497]}},{"type":"Feature","id":"335fb1c9-b8cd-44c6-832c-84f70bc7d7d3","properties":{"stationUuid":"335fb1c9-b8cd-44c6-832c-84f70bc7d7d3","name":"Rockeando con Reguetón ","country":"Ecuador","countryCode":"EC","language":"español - latinoamerica","freqLabel":null,"streamUrl":"https://stream-284.surfernetwork.com/ck2uqw2dgphvv?zt=eyJhbGciOiJIUzI1NiJ9.eyJzdHJlYW0iOiJjazJ1cXcyZGdwaHZ2IiwiaG9zdCI6InN0cmVhbS0yODQuc3VyZmVybmV0d29yay5jb20iLCJ0bSI6ZmFsc2UsInJ0dGwiOjUsImp0aSI6InBJX1NidndmUmZDSzhac1dZX0FTRGciLCJpYXQiOjE3OTAwMDgxMDksImV4cCI6MTc5MDAwODE2OX0.WdCwdOxO2mMZOS-9JnxTw0ADzURFYBlLCdl0D_kavWM","codec":"MP3","votes":149},"geometry":{"type":"Point","coordinates":[-78.3973472796601,-0.2582401979633686]}},{"type":"Feature","id":"6c1ad61c-ac08-4350-95bb-eca2c02dbc74","properties":{"stationUuid":"6c1ad61c-ac08-4350-95bb-eca2c02dbc74","name":"Rosate con bachata","country":"Ecuador","countryCode":"EC","language":"español mexico","freqLabel":null,"streamUrl":"https://stream-281.surfernetwork.com/uagzy1yc5uhvv?zt=eyJhbGciOiJIUzI1NiJ9.eyJzdHJlYW0iOiJ1YWd6eTF5YzV1aHZ2IiwiaG9zdCI6InN0cmVhbS0yODEuc3VyZmVybmV0d29yay5jb20iLCJ0bSI6ZmFsc2UsInJ0dGwiOjUsImp0aSI6IlUyTm5kYzNWVHphdFJvelFjY1c0NUEiLCJpYXQiOjE3ODk5MzgyMzUsImV4cCI6MTc4OTkzODI5NX0.rFlZrDhLM7pjn9psovYaTjkGiBxbc1FpJXD-itF4S_w","codec":"MP3","votes":66},"geometry":{"type":"Point","coordinates":[-78.49830921887441,-0.36910159398715847]}},{"type":"Feature","id":"c2c0573b-faa2-4a09-9021-557a35483be9","properties":{"stationUuid":"c2c0573b-faa2-4a09-9021-557a35483be9","name":"super 949","country":"Ecuador","countryCode":"EC","language":"spanish","freqLabel":null,"streamUrl":"https://dattavolt.com/8028/stream","codec":"MP3","votes":34},"geometry":{"type":"Point","coordinates":[-78.99719238281251,-2.8179550211350866]}},{"type":"Feature","id":"631887c0-dd2c-4460-a2cc-7ee683b93f96","properties":{"stationUuid":"631887c0-dd2c-4460-a2cc-7ee683b93f96","name":"\tLOVE FM: All you need is Love ♥","country":"Mexico","countryCode":"MX","language":"spanish","freqLabel":null,"streamUrl":"https://mdstrm.com/audio/66a01759c5aa2b85d66b5933/live.m3u8","codec":"AAC","votes":1},"geometry":{"type":"Point","coordinates":[-96.13409131765368,19.17006281676033]}},{"type":"Feature","id":"9e5db7b4-1485-43a3-93d4-89da077ca99f","properties":{"stationUuid":"9e5db7b4-1485-43a3-93d4-89da077ca99f","name":"  ACUSTIK RADIO: Arre en Acustik, El Poder del Regional Mexicano","country":"Mexico","countryCode":"MX","language":"spanish","freqLabel":null,"streamUrl":"https://server2.sit-mexico.com:2199/proxy/acustik","codec":"MP3","votes":4},"geometry":{"type":"Point","coordinates":[-99.13315773010255,19.43369571361176]}},{"type":"Feature","id":"20aa608c-2d97-417c-9610-395466fcb00e","properties":{"stationUuid":"20aa608c-2d97-417c-9610-395466fcb00e","name":"  ARROBA FM: Te Conecta","country":"Mexico","countryCode":"MX","language":"spanish","freqLabel":null,"streamUrl":"https://stream.zeno.fm/6vtcayf9d78uv","codec":"MP3","votes":8},"geometry":{"type":"Point","coordinates":[-99.13315773010255,19.433371950610702]}},{"type":"Feature","id":"dad734a4-29a9-4e91-b895-abd6534780de","properties":{"stationUuid":"dad734a4-29a9-4e91-b895-abd6534780de","name":"  CHILANGO RADIO: La Radio Que Viene, Viene","country":"Mexico","countryCode":"MX","language":"spanish","freqLabel":null,"streamUrl":"https://stream.radio.co/s938b68214/listen","codec":"MP3","votes":27},"geometry":{"type":"Point","coordinates":[-99.13380146026611,19.43371468408008]}},{"type":"Feature","id":"ad642d0a-e41b-4572-8894-520ff22ef90f","properties":{"stationUuid":"ad642d0a-e41b-4572-8894-520ff22ef90f","name":"  CULTURA 1060 AM: La radio de las culturas de México","country":"Mexico","countryCode":"MX","language":"spanish","freqLabel":null,"streamUrl":"https://securestreams7.autopo.st/?uri=https://s2.mexside.net/8172/stream","codec":"MP3","votes":1},"geometry":{"type":"Point","coordinates":[-99.13315773010255,19.434343237677428]}},{"type":"Feature","id":"19ba0105-a803-47f3-8489-924fb18cdd35","properties":{"stationUuid":"19ba0105-a803-47f3-8489-924fb18cdd35","name":"  CULTURA 96.5 FM: La Radio Cultural de México","country":"Mexico","countryCode":"MX","language":"spanish","freqLabel":"96.5 FM","streamUrl":"https://securestreams7.autopo.st/?uri=https://s2.mexside.net/8174/stream","codec":"MP3","votes":5},"geometry":{"type":"Point","coordinates":[-99.13418769836429,19.434505118290417]}},{"type":"Feature","id":"aa49dc44-d203-4db8-8a15-3e06d407dd21","properties":{"stationUuid":"aa49dc44-d203-4db8-8a15-3e06d407dd21","name":"  EL HERALDO RADIO HD2: Música Continua 🆕","country":"Mexico","countryCode":"MX","language":"spanish","freqLabel":null,"streamUrl":"https://stream.radiojar.com/rsa7zx3bh8nwv","codec":"MP3","votes":12},"geometry":{"type":"Point","coordinates":[-99.13393020629884,19.434790938353725]}},{"type":"Feature","id":"f99e24fe-03bf-41d6-851d-db41475d7dc5","properties":{"stationUuid":"f99e24fe-03bf-41d6-851d-db41475d7dc5","name":"  EL HERALDO RADIO: La \"H\" Que Sí Suena 🆕","country":"Mexico","countryCode":"MX","language":"spanish","freqLabel":null,"streamUrl":"https://stream.radiojar.com/ce31v3yah8nwv","codec":"MP3","votes":10},"geometry":{"type":"Point","coordinates":[-99.13311481475831,19.433229039393176]}},{"type":"Feature","id":"8e7296a8-bcda-4d9c-9772-3e9ff9bffd85","properties":{"stationUuid":"8e7296a8-bcda-4d9c-9772-3e9ff9bffd85","name":"  FRECUENCIA 🆕: Radio Comunitaria","country":"Mexico","countryCode":"MX","language":"spanish","freqLabel":null,"streamUrl":"https://radio.streamexico.com/listen/frecuencia/radio.aac","codec":"AAC","votes":1},"geometry":{"type":"Point","coordinates":[-99.0832042694092,19.246129221123724]}},{"type":"Feature","id":"926f3319-1963-4537-887d-5c5c61b2d893","properties":{"stationUuid":"926f3319-1963-4537-887d-5c5c61b2d893","name":"  GRUPO FÓRMULA (103.3): Abriendo la Conversación","country":"Mexico","countryCode":"MX","language":"spanish","freqLabel":null,"streamUrl":"https://mdstrm.com/audio/6102ce7ef33d0b0830ec3adc/live.m3u8","codec":"AAC","votes":7},"geometry":{"type":"Point","coordinates":[-99.13247108459474,19.434181356903075]}},{"type":"Feature","id":"d1839c41-0f71-4249-978e-869623d0323b","properties":{"stationUuid":"d1839c41-0f71-4249-978e-869623d0323b","name":"  GRUPO FÓRMULA (104.1): Abriendo la Conversación","country":"Mexico","countryCode":"MX","language":"spanish","freqLabel":null,"streamUrl":"https://mdstrm.com/audio/61e1dfd2658baf082814e25d/live.m3u8","codec":"AAC","votes":4},"geometry":{"type":"Point","coordinates":[-99.1322135925293,19.434790938353725]}},{"type":"Feature","id":"f47d728a-909c-42ab-99b7-351d67ded79a","properties":{"stationUuid":"f47d728a-909c-42ab-99b7-351d67ded79a","name":"  GRUPO FORMULA (1470): Damos poder a tu voz","country":"Mexico","countryCode":"MX","language":"spanish","freqLabel":null,"streamUrl":"https://mdstrm.com/audio/602196cd0607850695f31cd8/live.m3u8","codec":"AAC","votes":3},"geometry":{"type":"Point","coordinates":[-99.1326427459717,19.433857594870233]}},{"type":"Feature","id":"f6b1a559-4666-46ba-810e-a85c3cc1463e","properties":{"stationUuid":"f6b1a559-4666-46ba-810e-a85c3cc1463e","name":"  HORIZONTE: Amplía Tu Escucha","country":"Mexico","countryCode":"MX","language":"spanish","freqLabel":null,"streamUrl":"https://securestreams7.autopo.st/?uri=https://s2.mexside.net/8014/stream","codec":"MP3","votes":3},"geometry":{"type":"Point","coordinates":[-99.1333293914795,19.43563827806277]}},{"type":"Feature","id":"686ae791-54f2-4679-9916-f917395c7874","properties":{"stationUuid":"686ae791-54f2-4679-9916-f917395c7874","name":"  IBERO.2: Música Para Pensar","country":"Mexico","countryCode":"MX","language":"spanish","freqLabel":null,"streamUrl":"https://shaincast.caster.fm:20866/listen.mp3","codec":"MP3","votes":1},"geometry":{"type":"Point","coordinates":[-99.1329860687256,19.434019475967336]}},{"type":"Feature","id":"4b09ce89-f30d-4c07-ae22-c4233e44eec4","properties":{"stationUuid":"4b09ce89-f30d-4c07-ae22-c4233e44eec4","name":"  IMAGEN RADIO: Poniendo a México en la misma Sintonía","country":"Mexico","countryCode":"MX","language":"spanish","freqLabel":null,"streamUrl":"https://mdstrm.com/audio/64a44d807cb6630627ab0c82/live.m3u8","codec":"AAC","votes":8},"geometry":{"type":"Point","coordinates":[-99.13315773010255,19.434343237677428]}},{"type":"Feature","id":"841a10d0-2ef2-48f4-a68c-3238976cfe92","properties":{"stationUuid":"841a10d0-2ef2-48f4-a68c-3238976cfe92","name":"  INTERFERENCIA: Tomamos el control","country":"Mexico","countryCode":"MX","language":"spanish","freqLabel":null,"streamUrl":"https://securestreams7.autopo.st/?uri=https://s2.mexside.net/8022/stream","codec":"MP3","votes":4},"geometry":{"type":"Point","coordinates":[-99.1326427459717,19.434505118290417]}},{"type":"Feature","id":"51412285-a3fc-48b2-9cf4-6d339efe3ad3","properties":{"stationUuid":"51412285-a3fc-48b2-9cf4-6d339efe3ad3","name":"  LOKURA: Te Reto A Que Me Escuches","country":"Mexico","countryCode":"MX","language":"spanish","freqLabel":null,"streamUrl":"https://mdstrm.com/audio/69373baa6d5fd824ec8440c5/live.m3u8","codec":"AAC","votes":6},"geometry":{"type":"Point","coordinates":[-99.13324356079102,19.434467177536227]}},{"type":"Feature","id":"0b79e286-c5ae-4b9a-b570-272e227e6351","properties":{"stationUuid":"0b79e286-c5ae-4b9a-b570-272e227e6351","name":"  LOVE FM: All You Need Is Love","country":"Mexico","countryCode":"MX","language":"spanish","freqLabel":null,"streamUrl":"https://mdstrm.com/audio/66a01759c5aa2b85d66b5933/live.m3u8","codec":"AAC","votes":1},"geometry":{"type":"Point","coordinates":[-96.13409131765368,19.17002734810144]}},{"type":"Feature","id":"0e4b8d3a-606a-4a52-b7e8-a649084c67cd","properties":{"stationUuid":"0e4b8d3a-606a-4a52-b7e8-a649084c67cd","name":"  LOVE FM: All You Need Is LOVE","country":"Mexico","countryCode":"MX","language":"spanish","freqLabel":null,"streamUrl":"https://mdstrm.com/audio/66a01759c5aa2b85d66b5933/live.m3u8","codec":"AAC","votes":1},"geometry":{"type":"Point","coordinates":[-96.13411009311676,19.170016026630595]}},{"type":"Feature","id":"c5fd1de0-f842-4c6f-b7a9-c65f8560837e","properties":{"stationUuid":"c5fd1de0-f842-4c6f-b7a9-c65f8560837e","name":"  LOVE FM: All You Need Is... Love","country":"Mexico","countryCode":"MX","language":"spanish","freqLabel":null,"streamUrl":"https://mdstrm.com/audio/66a01759c5aa2b85d66b5933/live.m3u8","codec":"AAC","votes":3},"geometry":{"type":"Point","coordinates":[-96.13410741090776,19.170047615907453]}},{"type":"Feature","id":"349545b0-cc5e-4f91-aec1-63156b88baee","properties":{"stationUuid":"349545b0-cc5e-4f91-aec1-63156b88baee","name":"  LUCIÉRNAGAS: Encendemos las voces","country":"Mexico","countryCode":"MX","language":"spanish","freqLabel":null,"streamUrl":"https://securestreams7.autopo.st/?uri=https://s2.mexside.net/8026/stream","codec":"MP3","votes":1},"geometry":{"type":"Point","coordinates":[-99.13358688354492,19.435762216933128]}},{"type":"Feature","id":"b9aa82fa-646d-4a20-ba6d-d897b350c3f0","properties":{"stationUuid":"b9aa82fa-646d-4a20-ba6d-d897b350c3f0","name":"  NOFM RADIO: Todo Menos Miedo","country":"Mexico","countryCode":"MX","language":"spanish","freqLabel":null,"streamUrl":"https://securestreams7.autopo.st/?uri=https://s2.voscast.com:8163/stream","codec":"MP3","votes":4},"geometry":{"type":"Point","coordinates":[-99.1333293914795,19.434666998742035]}},{"type":"Feature","id":"b7440f9b-b438-4a8b-a7a5-08cd466b9a89","properties":{"stationUuid":"b7440f9b-b438-4a8b-a7a5-08cd466b9a89","name":"  OPUS 94: Travesía Sonora","country":"Mexico","countryCode":"MX","language":"spanish","freqLabel":null,"streamUrl":"https://securestreams7.autopo.st/?uri=https://s2.mexside.net/8016/stream","codec":"MP3","votes":2},"geometry":{"type":"Point","coordinates":[-99.1336727142334,19.434666998742035]}},{"type":"Feature","id":"a95053b8-7cca-45a2-a9ed-24060f4e1d08","properties":{"stationUuid":"a95053b8-7cca-45a2-a9ed-24060f4e1d08","name":"  RADIO 620: La Música Que Llegó Para Quedarse","country":"Mexico","countryCode":"MX","language":"spanish","freqLabel":null,"streamUrl":"https://stream.zeno.fm/smm679phup8uv","codec":"MP3","votes":7},"geometry":{"type":"Point","coordinates":[-99.1329860687256,19.433533832191916]}},{"type":"Feature","id":"987ea52d-4691-4070-8263-02bda7ab1399","properties":{"stationUuid":"987ea52d-4691-4070-8263-02bda7ab1399","name":"  RADIO 710: Pura Música Mexicana","country":"Mexico","countryCode":"MX","language":"spanish","freqLabel":null,"streamUrl":"https://securestreams7.autopo.st/?uri=https://s2.mexside.net/8028/stream","codec":"MP3","votes":2},"geometry":{"type":"Point","coordinates":[-99.1329860687256,19.434019475967336]}},{"type":"Feature","id":"34d00847-61d5-4567-bca0-dc643d1ccd76","properties":{"stationUuid":"34d00847-61d5-4567-bca0-dc643d1ccd76","name":"  RADIO LA GUADALUPANA ESNE: Bajo su manto, con la sonrisa de María","country":"Mexico","countryCode":"MX","language":"spanish","freqLabel":null,"streamUrl":"https://securestreams7.autopo.st/?uri=https://s3.voscast.com:11489/xstream","codec":"MP3","votes":2},"geometry":{"type":"Point","coordinates":[-99.13530349731448,19.43543845805219]}},{"type":"Feature","id":"427d1844-450e-45fc-a3ee-bce70b83482c","properties":{"stationUuid":"427d1844-450e-45fc-a3ee-bce70b83482c","name":"  RADIO MÉXICO INTERNACIONAL: La voz que nos une","country":"Mexico","countryCode":"MX","language":"spanish","freqLabel":null,"streamUrl":"https://securestreams7.autopo.st/?uri=https://s2.mexside.net/8020/stream","codec":"MP3","votes":3},"geometry":{"type":"Point","coordinates":[-99.13401603698732,19.43482887903227]}},{"type":"Feature","id":"94840993-87f2-4051-b187-d2a07e04882c","properties":{"stationUuid":"94840993-87f2-4051-b187-d2a07e04882c","name":"  RADIO UNAM (AM): Experiencia Sonora","country":"Mexico","countryCode":"MX","language":"spanish","freqLabel":null,"streamUrl":"https://tv.radiohosting.online:9486/stream","codec":"MP3","votes":4},"geometry":{"type":"Point","coordinates":[-99.1333293914795,19.434019475967336]}},{"type":"Feature","id":"77de9942-838a-41cc-af8b-af981fb84cb4","properties":{"stationUuid":"77de9942-838a-41cc-af8b-af981fb84cb4","name":"  RADIO UNAM (FM): Experiencia Sonora","country":"Mexico","countryCode":"MX","language":"spanish","freqLabel":null,"streamUrl":"https://tv.radiohosting.online:9484/stream","codec":"MP3","votes":10},"geometry":{"type":"Point","coordinates":[-99.13281440734865,19.433857594870233]}},{"type":"Feature","id":"338780fb-1173-43f7-8251-2e96be12591a","properties":{"stationUuid":"338780fb-1173-43f7-8251-2e96be12591a","name":"  REACTOR: #GeneraciónR","country":"Mexico","countryCode":"MX","language":"spanish","freqLabel":null,"streamUrl":"https://securestreams7.autopo.st/?uri=http://184.164.75.138:8002/stream","codec":"MP3","votes":12},"geometry":{"type":"Point","coordinates":[-99.1318702697754,19.434790938353725]}},{"type":"Feature","id":"1cb7d12d-c6d5-4a8d-90f7-d6f2cbb0d0cd","properties":{"stationUuid":"1cb7d12d-c6d5-4a8d-90f7-d6f2cbb0d0cd","name":"  ROMÁNTICA: ¡Siempre En Tu Corazón!","country":"Mexico","countryCode":"MX","language":"spanish","freqLabel":null,"streamUrl":"https://cdn1.onstream.audio/proxy/xeco/stream","codec":"MP3","votes":8},"geometry":{"type":"Point","coordinates":[-99.13247108459474,19.434505118290417]}},{"type":"Feature","id":"7235a403-90c0-4004-a3e6-d7faa441db05","properties":{"stationUuid":"7235a403-90c0-4004-a3e6-d7faa441db05","name":"  TROPICALÍSIMA: El sonido de la calle","country":"Mexico","countryCode":"MX","language":"spanish","freqLabel":null,"streamUrl":"https://securestreams7.autopo.st/?uri=https://s2.mexside.net/8030/stream","codec":"MP3","votes":3},"geometry":{"type":"Point","coordinates":[-99.1329860687256,19.436447673058723]}},{"type":"Feature","id":"902f0bac-c164-4b49-98e3-a67739f0d004","properties":{"stationUuid":"902f0bac-c164-4b49-98e3-a67739f0d004","name":"  UAM RADIO: Abierta Al Tiempo","country":"Mexico","countryCode":"MX","language":"spanish","freqLabel":null,"streamUrl":"https://stream5.mexiserver.com:1124/","codec":"MP3","votes":2},"geometry":{"type":"Point","coordinates":[-99.13358688354492,19.43252459907613]}},{"type":"Feature","id":"3aaa0b26-5620-4553-aaf8-f051113a847a","properties":{"stationUuid":"3aaa0b26-5620-4553-aaf8-f051113a847a","name":"  VOX: Radio Hits","country":"Mexico","countryCode":"MX","language":"spanish","freqLabel":null,"streamUrl":"https://streamingcwsradio30.com/8292/vox","codec":"MP3","votes":7},"geometry":{"type":"Point","coordinates":[-99.13401603698732,19.433857594870233]}},{"type":"Feature","id":"933685cf-7668-40e1-9ea2-b62fd17a61ff","properties":{"stationUuid":"933685cf-7668-40e1-9ea2-b62fd17a61ff","name":"  XEB: La B Grande de México","country":"Mexico","countryCode":"MX","language":"spanish","freqLabel":null,"streamUrl":"https://securestreams7.autopo.st/?uri=https://s2.mexside.net/8024/stream","codec":"MP3","votes":1},"geometry":{"type":"Point","coordinates":[-99.13324356079102,19.43381965396475]}},{"type":"Feature","id":"76b0a669-2780-47a4-b18e-9d3e8c2c1c1a","properties":{"stationUuid":"76b0a669-2780-47a4-b18e-9d3e8c2c1c1a","name":"  ZER RADIO: Con lo mejor de la música instrumental","country":"Mexico","countryCode":"MX","language":"spanish","freqLabel":null,"streamUrl":"https://cast.zuperdns.net/8032/stream","codec":"MP3","votes":1},"geometry":{"type":"Point","coordinates":[-99.1336727142334,19.43369571361176]}},{"type":"Feature","id":"acdc919d-e40b-4c30-83b4-f45d072382fb","properties":{"stationUuid":"acdc919d-e40b-4c30-83b4-f45d072382fb","name":" 103.7 LOVE FM (Veracruz) - 103.7 FM - XHCS-FM - Radio SA - Veracruz, Veracruz","country":"Mexico","countryCode":"MX","language":"spanish","freqLabel":"103.7 FM","streamUrl":"https://mdstrm.com/audio/66a01759c5aa2b85d66b5933/live.m3u8","codec":"AAC","votes":1},"geometry":{"type":"Point","coordinates":[-96.1340805888176,19.170072950661453]}},{"type":"Feature","id":"851be729-dbda-40f0-b489-7a7738c18932","properties":{"stationUuid":"851be729-dbda-40f0-b489-7a7738c18932","name":" 860 LÍDER INFORMATIVO (Ciudad Juárez) - 860 AM - XEZOL-AM - MegaRadio - Ciudad Juárez, Chihuahua","country":"Mexico","countryCode":"MX","language":"spanish","freqLabel":null,"streamUrl":"https://stream.zeno.fm/wwsc28r91rhvv","codec":"MP3","votes":3},"geometry":{"type":"Point","coordinates":[-106.42619132995608,31.69162396361992]}},{"type":"Feature","id":"ced32c23-d57d-4ee1-841f-11a3da3ac375","properties":{"stationUuid":"ced32c23-d57d-4ee1-841f-11a3da3ac375","name":" 91.5 FM (Morelia) - XHMRL-FM - Grupo Marmor - Morelia, Michoacán","country":"Mexico","countryCode":"MX","language":"spanish","freqLabel":"91.5 FM","streamUrl":"https://sp04.servidorrprivado.com/2358/stream","codec":"MP3","votes":45},"geometry":{"type":"Point","coordinates":[-101.19343757629396,19.703973262987247]}},{"type":"Feature","id":"eb06f093-8a31-4d15-93ce-64835a3623da","properties":{"stationUuid":"eb06f093-8a31-4d15-93ce-64835a3623da","name":" ACUSTIK RADIO 1150 (CDMX) - 1150 AM - XEJP-AM - Grupo Acustik - Ciudad de México","country":"Mexico","countryCode":"MX","language":"spanish","freqLabel":null,"streamUrl":"https://server2.sit-mexico.com:2199/proxy/acustik?mp=/stream&1769272990469","codec":"MP3","votes":3},"geometry":{"type":"Point","coordinates":[-99.13023948669436,19.434019475967336]}},{"type":"Feature","id":"12c6a5a4-16b6-41d1-ad29-676f0e185cd5","properties":{"stationUuid":"12c6a5a4-16b6-41d1-ad29-676f0e185cd5","name":" ADN 92.1 (Saltillo) - 92.1 FM - XHPEFQ-FM - Alas Para Las Palabras, A.C. - Saltillo, Coahuila","country":"Mexico","countryCode":"MX","language":"spanish","freqLabel":"92.1 FM","streamUrl":"https://streamingcwsradio30.com/8322/stream","codec":"MP3","votes":20},"geometry":{"type":"Point","coordinates":[-100.993709564209,25.424288975314095]}},{"type":"Feature","id":"cbeb6b35-c1fa-40b1-bd1d-f3af6b5d048c","properties":{"stationUuid":"cbeb6b35-c1fa-40b1-bd1d-f3af6b5d048c","name":" ALEGRÍA MEXICANA 90.1 (La Paz) - 90.1 FM - XHW-FM - Promomedios California - La Paz, Baja CAlifornia","country":"Mexico","countryCode":"MX","language":"spanish","freqLabel":"90.1 FM","streamUrl":"https://stream.zeno.fm/mkifybkafybtv","codec":"AAC","votes":6},"geometry":{"type":"Point","coordinates":[-110.31492233276369,24.16265657394661]}},{"type":"Feature","id":"e9d93cc4-c17b-4251-bdc5-96e9d5c44793","properties":{"stationUuid":"e9d93cc4-c17b-4251-bdc5-96e9d5c44793","name":" ALTAVOZ RADIO 88.9 (La Paz) - 88.9 FM - XHCPBV-FM - Sistema Público de Radiodifusión del Estado Mexicano (SPR) - La Paz, Baja California Sur","country":"Mexico","countryCode":"MX","language":"spanish","freqLabel":"88.9 FM","streamUrl":"https://securestreams7.autopo.st/?uri=https://s2.mexside.net/8088/lapaz","codec":"MP3","votes":1},"geometry":{"type":"Point","coordinates":[-110.30968666076662,24.16347638763493]}},{"type":"Feature","id":"bc4e1e02-3c17-4b47-9ce5-b4552294b77d","properties":{"stationUuid":"bc4e1e02-3c17-4b47-9ce5-b4552294b77d","name":" ALTERNATIVA 98 98.1 (Aguascalientes) - 98.1 FM - XHNM-FM - Radio y Televisión de Aguascalientes - Aguascalientes, Aguascalientes","country":"Mexico","countryCode":"MX","language":"spanish","freqLabel":"98 FM","streamUrl":"https://streamingcwsradio30.com/8016/stream/1/;","codec":"MP3","votes":10},"geometry":{"type":"Point","coordinates":[-102.29404449462892,21.881740469539572]}},{"type":"Feature","id":"4bc2ea44-0855-4578-8976-5c489d29c4fd","properties":{"stationUuid":"4bc2ea44-0855-4578-8976-5c489d29c4fd","name":" AMOR  91.7 (Xalapa) - 91.7 FM - XHOZ-FM - Quatro Media - Xalapa, Veracruz","country":"Mexico","countryCode":"MX","language":"spanish","freqLabel":"91.7 FM","streamUrl":"https://streaming.servicioswebmx.com/8126/stream","codec":"MP3","votes":9},"geometry":{"type":"Point","coordinates":[-96.91426277160646,19.54179638865155]}},{"type":"Feature","id":"7347794b-6214-40b8-8fc2-ba450b1a5009","properties":{"stationUuid":"7347794b-6214-40b8-8fc2-ba450b1a5009","name":" AMOR 100.1 (Mérida) - 100.1 FM - XHYU-FM - Grupo SIPSE Radio - Mérida, Yucatán","country":"Mexico","countryCode":"MX","language":"spanish","freqLabel":"100.1 FM","streamUrl":"https://webprod.sipse.com.mx:8080/amor","codec":"MP3","votes":54},"geometry":{"type":"Point","coordinates":[-89.62354660034181,20.969699900317423]}},{"type":"Feature","id":"1fc77959-e77e-4e91-82b4-24ba21d310b3","properties":{"stationUuid":"1fc77959-e77e-4e91-82b4-24ba21d310b3","name":" AMOR ES 104.5 (Aguascalientes) - 104.5 FM - XHDC-FM - Grupo Radiofónico ZER - Aguascalientes, Aguascalientes","country":"Mexico","countryCode":"MX","language":"spanish","freqLabel":"104.5 FM","streamUrl":"https://cast.zuperdns.net/8026/stream/","codec":"MP3","votes":25},"geometry":{"type":"Point","coordinates":[-102.29790687561037,21.88169317911191]}},{"type":"Feature","id":"ef96f864-75ac-48a4-8c53-dfe35ba0e5a9","properties":{"stationUuid":"ef96f864-75ac-48a4-8c53-dfe35ba0e5a9","name":" AMOR ES 95.1 (Ciudad Guzmán) - 95.1 FM - XHBC-FM - Grupo Radiofónico ZER - Ciudad Guzmán, Jalisco","country":"Mexico","countryCode":"MX","language":"spanish","freqLabel":"95.1 FM","streamUrl":"https://cast.zuperdns.net/9510/stream/","codec":"MP3","votes":11},"geometry":{"type":"Point","coordinates":[-103.46421718597414,19.701244806421247]}},{"type":"Feature","id":"ec3bedee-bd81-4704-8175-4c7d8c833406","properties":{"stationUuid":"ec3bedee-bd81-4704-8175-4c7d8c833406","name":" AMOR ES 99.3 (Zacatecas) - 99.3 FM - XHZAZ-FM - Grupo Radiofónico ZER - Zacatecas, Zacatecas","country":"Mexico","countryCode":"MX","language":"spanish","freqLabel":"99.3 FM","streamUrl":"https://cast.zuperdns.net/8002/stream/","codec":"MP3","votes":16},"geometry":{"type":"Point","coordinates":[-102.57290840148929,22.77646096075339]}},{"type":"Feature","id":"8bbcb05f-7931-4e49-88fe-711412cfd417","properties":{"stationUuid":"8bbcb05f-7931-4e49-88fe-711412cfd417","name":" AMOR MÍO 92.9 (Ensenada) - 92.9 FM - XHFZO-FM - Grupo Uzivra - Ensenada, Baja California","country":"Mexico","countryCode":"MX","language":"spanish","freqLabel":"92.9 FM","streamUrl":"https://sudominiohoy.com:18303/stream","codec":"MP3","votes":1},"geometry":{"type":"Point","coordinates":[-116.60116195678712,31.866478368426876]}},{"type":"Feature","id":"da73ee47-6d59-4310-af52-33a84d9e3ca5","properties":{"stationUuid":"da73ee47-6d59-4310-af52-33a84d9e3ca5","name":" ANTENA 102.5 (Chihuahua) - 102.5 FM - XHES-FM - GRD Multimedia - Chihuahua, Chihuahua","country":"Mexico","countryCode":"MX","language":"spanish","freqLabel":"102.5 FM","streamUrl":"https://streamingcwsradio30.com:7093/;","codec":"MP3","votes":4},"geometry":{"type":"Point","coordinates":[-106.07720375061037,28.63753277794977]}},{"type":"Feature","id":"70282182-bbe9-419e-ad97-e60e91d8a888","properties":{"stationUuid":"70282182-bbe9-419e-ad97-e60e91d8a888","name":" APOSTOLICUS 1370 (GDL) - 1370 AM  - XEPJ-AM - Radiorama de Occidente - Guadalajara, Jalisco","country":"Mexico","countryCode":"MX","language":"spanish","freqLabel":null,"streamUrl":"https://stream.zeno.fm/8upea67vurhvv","codec":"MP3","votes":1},"geometry":{"type":"Point","coordinates":[-103.33860397338869,20.675436044606293]}},{"type":"Feature","id":"ac7e8ad5-b543-4ebf-820c-716c6ab6d21a","properties":{"stationUuid":"ac7e8ad5-b543-4ebf-820c-716c6ab6d21a","name":" ARANDAS FM 107.3 (Arandas) - 107.3 FM - XHARDJ-FM - Grupo Radiofónico ZER - Arandas, Jalisco","country":"Mexico","countryCode":"MX","language":"spanish","freqLabel":"107.3 FM","streamUrl":"https://live.zuperdns.net/1073/stream","codec":"MP3","votes":25},"geometry":{"type":"Point","coordinates":[-102.34665870666504,20.707430829533493]}},{"type":"Feature","id":"cb1d0881-6072-46fc-a4ab-82720706bc26","properties":{"stationUuid":"cb1d0881-6072-46fc-a4ab-82720706bc26","name":" ARROBA FM (CDMX) - Online - www.arroba.fm - Radiorama - Ciudad de México","country":"Mexico","countryCode":"MX","language":"spanish","freqLabel":null,"streamUrl":"https://stream.zeno.fm/6vtcayf9d78uv","codec":"MP3","votes":1},"geometry":{"type":"Point","coordinates":[-99.13294315338136,19.433471861918164]}},{"type":"Feature","id":"09732a83-0ff5-4919-a151-ea9b80dd3c08","properties":{"stationUuid":"09732a83-0ff5-4919-a151-ea9b80dd3c08","name":" ARROBA FM 101.1 (Hermosillo) - 101.1 FM - XHVSS-FM - Radiorama Sonora - Hermosillo, Sonora","country":"Mexico","countryCode":"MX","language":"spanish","freqLabel":"101.1 FM","streamUrl":"https://stream.freepi.io/8402/live","codec":"MP3","votes":15},"geometry":{"type":"Point","coordinates":[-110.96800804138184,29.096041919083248]}},{"type":"Feature","id":"983c2795-2c63-4800-b182-d6babd2da34a","properties":{"stationUuid":"983c2795-2c63-4800-b182-d6babd2da34a","name":" ARROBA FM 101.7 (Piedras Negras) - 101.7 FM - XHCPN-FM - Radiorama Piedras Negras - Piedras Negras, Coahuila","country":"Mexico","countryCode":"MX","language":"spanish","freqLabel":"101.7 FM","streamUrl":"https://stream.zeno.fm/p7xefup9d78uv","codec":"MP3","votes":5},"geometry":{"type":"Point","coordinates":[-100.51880836486818,28.706212103016057]}},{"type":"Feature","id":"8e0f47c4-0ba0-4605-ad12-11a47f63bf80","properties":{"stationUuid":"8e0f47c4-0ba0-4605-ad12-11a47f63bf80","name":" ARROBA FM 88.5 (Chihuahua) - 88.5 FM - XHDI-FM - Radiorama Chihuahua - Chihuahua, Chihuahua","country":"Mexico","countryCode":"MX","language":"spanish","freqLabel":"88.5 FM","streamUrl":"https://stream.zeno.fm/hv5u0bg9d78uv","codec":"MP3","votes":8},"geometry":{"type":"Point","coordinates":[-106.07737541198732,28.63843674548642]}},{"type":"Feature","id":"8e527ecc-5c7a-49e4-8213-9d44c6890177","properties":{"stationUuid":"8e527ecc-5c7a-49e4-8213-9d44c6890177","name":" ARROBA FM 88.7 (GDL) - 88.7 FM - XHGDL-FM - Radiorama de Occidente - Guadalajara, Jalisco","country":"Mexico","countryCode":"MX","language":"spanish","freqLabel":"88.7 FM","streamUrl":"https://stream.zeno.fm/es06s1g9d78uv","codec":"MP3","votes":14},"geometry":{"type":"Point","coordinates":[-103.33989143371583,20.674349443390476]}},{"type":"Feature","id":"0dbead85-dc1f-4181-b283-0e3516fe6f4c","properties":{"stationUuid":"0dbead85-dc1f-4181-b283-0e3516fe6f4c","name":" ARROBA FM 89.3 (Poza Rica) - 89.3 FM - XHRRR-FM - Radiorama Poza Rica - Poza Rica, Veracruz","country":"Mexico","countryCode":"MX","language":"spanish","freqLabel":"89.3 FM","streamUrl":"https://stream.zeno.fm/dctbwwp9d78uv","codec":"MP3","votes":12},"geometry":{"type":"Point","coordinates":[-97.454309463501,20.532789082779132]}},{"type":"Feature","id":"274a1d91-a6d0-4eb0-bcf9-71adf8bfa7d7","properties":{"stationUuid":"274a1d91-a6d0-4eb0-bcf9-71adf8bfa7d7","name":" ARROBA FM 93.3 (Cuernavaca) - 93.3 FM - XHTB-FM - Radiorama Morelos - Cuernavaca, Morelos","country":"Mexico","countryCode":"MX","language":"spanish","freqLabel":"93.3 FM","streamUrl":"https://stream.zeno.fm/yt2efgg9d78uv","codec":"MP3","votes":10},"geometry":{"type":"Point","coordinates":[-99.23426628112794,18.923461973971936]}},{"type":"Feature","id":"ce9f3f5f-3683-4b30-9194-844860553c77","properties":{"stationUuid":"ce9f3f5f-3683-4b30-9194-844860553c77","name":" ARROBA FM 93.5 (Tampico) - 93.5 FM - XHPP-FM - Radiorama Tamaulipas - Tampico, Tamaulipas","country":"Mexico","countryCode":"MX","language":"spanish","freqLabel":"93.5 FM","streamUrl":"https://stream.zeno.fm/y57qb0p9d78uv","codec":"MP3","votes":9},"geometry":{"type":"Point","coordinates":[-97.85599708557127,22.216929421339323]}},{"type":"Feature","id":"5fd0fac5-b7b8-4f84-a3c8-3e3657771e4f","properties":{"stationUuid":"5fd0fac5-b7b8-4f84-a3c8-3e3657771e4f","name":" ARROBA FM 95.3 (Reynosa) - 95.3 FM - XHRT-FM - Radiorama Tamaulipas - Reynosa, Tamaulipas","country":"Mexico","countryCode":"MX","language":"spanish","freqLabel":"95.3 FM","streamUrl":"https://stream.zeno.fm/b04err5zfkhvv","codec":"MP3","votes":6},"geometry":{"type":"Point","coordinates":[-98.2814598083496,26.090941029106716]}},{"type":"Feature","id":"2be11300-6e2e-4120-a30e-ee29a4b126c7","properties":{"stationUuid":"2be11300-6e2e-4120-a30e-ee29a4b126c7","name":" ARROBA FM 96.1 (Puebla) - 96.1 FM - XHEZAR-FM - Radiorama Puebla - Puebla, Puebla","country":"Mexico","countryCode":"MX","language":"spanish","freqLabel":"96.1 FM","streamUrl":"https://stream.zeno.fm/pfyc6yp9d78uv","codec":"MP3","votes":11},"geometry":{"type":"Point","coordinates":[-98.19906234741212,19.045167136747004]}},{"type":"Feature","id":"ac0a5dbd-5f15-4d08-a624-2661eeced130","properties":{"stationUuid":"ac0a5dbd-5f15-4d08-a624-2661eeced130","name":" ARROBA FM 98.5 (Tepic) - 98.5 FM - XHEPIC-FM - Radiorama Nayarit - Tepic, Nayarit","country":"Mexico","countryCode":"MX","language":"spanish","freqLabel":"98.5 FM","streamUrl":"https://stream.zeno.fm/csvzw6ypu98uv","codec":"MP3","votes":9},"geometry":{"type":"Point","coordinates":[-104.89119529724124,21.513251378976847]}},{"type":"Feature","id":"80b49968-ea74-4c78-bf78-f73d032affff","properties":{"stationUuid":"80b49968-ea74-4c78-bf78-f73d032affff","name":" ARROBA FM 99.3 (León) - 99.3 FM - XHSD-FM - Radiorama Bajío - León, Guanajuato","country":"Mexico","countryCode":"MX","language":"spanish","freqLabel":"99.3 FM","streamUrl":"https://stream-285.surfernetwork.com/883nc8g9d78uv?zt=eyJhbGciOiJIUzI1NiJ9.eyJzdHJlYW0iOiI4ODNuYzhnOWQ3OHV2IiwiaG9zdCI6InN0cmVhbS0yODUuc3VyZmVybmV0d29yay5jb20iLCJ0bSI6ZmFsc2UsInJ0dGwiOjUsImp0aSI6IkE2S1BjdzRFU25PZ0RmdTNsX0R6UmciLCJpYXQiOjE3ODk5OTM4MzIsImV4cCI6MTc4OTk5Mzg5Mn0.SzTUF8hF_YSYhxMuohWFS91rLO8W7ORISLA15HeEW7E","codec":"MP3","votes":13},"geometry":{"type":"Point","coordinates":[-101.6831874847412,21.125460107405065]}},{"type":"Feature","id":"e166f132-2b75-4d6d-b964-a1bd322a61e7","properties":{"stationUuid":"e166f132-2b75-4d6d-b964-a1bd322a61e7","name":" ARROBA FM 99.7 (Durango) - 99.7 FM - XHOH-FM - Radiorama Durango - Durango, Durango","country":"Mexico","countryCode":"MX","language":"spanish","freqLabel":"99.7 FM","streamUrl":"https://stream.zeno.fm/pp1aypg9d78uv","codec":"MP3","votes":10},"geometry":{"type":"Point","coordinates":[-104.65456008911134,24.024755278153265]}},{"type":"Feature","id":"e005efce-b64f-4729-87b7-5f73c7e6cf1b","properties":{"stationUuid":"e005efce-b64f-4729-87b7-5f73c7e6cf1b","name":" ARYA 88.5 (Mérida) - 88.5 FM - XHRRF-FM - Península Studios - Mérida, Yucatán","country":"Mexico","countryCode":"MX","language":"spanish","freqLabel":"88.5 FM","streamUrl":"https://securestreams7.autopo.st/?uri=https://s1.voscast.com:10271/stream","codec":"AAC","votes":1},"geometry":{"type":"Point","coordinates":[-89.62217330932619,20.968738143951693]}},{"type":"Feature","id":"030ec72f-0d44-4f28-a798-9e4829544f30","properties":{"stationUuid":"030ec72f-0d44-4f28-a798-9e4829544f30","name":" AZTLÁN RADIO 100.3 (Tepic) - 100.3 FM - XHTNY-FM - Sistema de Radio y Televisión de Nayarit - Tepic, Nayarit","country":"Mexico","countryCode":"MX","language":"spanish","freqLabel":"100.3 FM","streamUrl":"https://stream-204.surfernetwork.com/0zqsdz9xoamuv?zt=eyJhbGciOiJIUzI1NiJ9.eyJzdHJlYW0iOiIwenFzZHo5eG9hbXV2IiwiaG9zdCI6InN0cmVhbS0yMDQuc3VyZmVybmV0d29yay5jb20iLCJ0bSI6ZmFsc2UsInJ0dGwiOjUsImp0aSI6InRrTV82RFRqVHFPZ3pCLTZLdUdfX2ciLCJpYXQiOjE3ODk5NjU2NjcsImV4cCI6MTc4OTk2NTcyN30.Je_RHTsIPsVUNHj94mAp0mRuG8ZffbFYqQqhoGjqNwE","codec":"MP3","votes":7},"geometry":{"type":"Point","coordinates":[-104.89093780517578,21.5092962002293]}},{"type":"Feature","id":"00f6f06a-6972-4dae-8910-52a065e436eb","properties":{"stationUuid":"00f6f06a-6972-4dae-8910-52a065e436eb","name":" AZTLÁN RADIO 550 (Tepic) - 550 AM - XEGNAY-AM - Sistema de Radio y Televisión de Nayarit - Tepic, Nayarit","country":"Mexico","countryCode":"MX","language":"spanish","freqLabel":null,"streamUrl":"https://stream-286.surfernetwork.com/h1t89686h0hvv?zt=eyJhbGciOiJIUzI1NiJ9.eyJzdHJlYW0iOiJoMXQ4OTY4NmgwaHZ2IiwiaG9zdCI6InN0cmVhbS0yODYuc3VyZmVybmV0d29yay5jb20iLCJ0bSI6ZmFsc2UsInJ0dGwiOjUsImp0aSI6IllnZHFDMjBKU3hhS2dsazJLMlVNUGciLCJpYXQiOjE3OTAwMDM5MDksImV4cCI6MTc5MDAwMzk2OX0.oqlxX8yT8MAmoI0XxxnTAfHweKCMBo3hW5DBVMOPruA","codec":"MP3","votes":3},"geometry":{"type":"Point","coordinates":[-104.89076614379884,21.512096028740206]}},{"type":"Feature","id":"88a70881-548e-4cd5-8690-3f7000bedcbb","properties":{"stationUuid":"88a70881-548e-4cd5-8690-3f7000bedcbb","name":" BANDOLERA 92.3 (Ciudad del Carmen) - 92.3 FM - XHPCDC-FM - Grupo Audiorama Comunicaciones / NRM Comunicaciones - Ciudad del Carmen, Campeche","country":"Mexico","countryCode":"MX","language":"spanish","freqLabel":"92.3 FM","streamUrl":"https://cdn1.onstream.audio/proxy/xhpcdc/stream","codec":"MP3","votes":7},"geometry":{"type":"Point","coordinates":[-91.81360244750977,18.650072480511373]}},{"type":"Feature","id":"9e27bf27-d538-4604-b371-30f13aa6bdb8","properties":{"stationUuid":"9e27bf27-d538-4604-b371-30f13aa6bdb8","name":" BELLA MÚSICA 106.7 (Tapachula) - 106.7 FM - XHTPC-FM - Valanci Media Group - Tapachula, Chiapas","country":"Mexico","countryCode":"MX","language":"spanish","freqLabel":"106.7 FM","streamUrl":"https://stream.zeno.fm/scdv0t33gd0uv","codec":"AAC","votes":7},"geometry":{"type":"Point","coordinates":[-92.26017951965332,14.904937132889549]}},{"type":"Feature","id":"21355acf-8d89-486d-abfd-cf43e1f89e9e","properties":{"stationUuid":"21355acf-8d89-486d-abfd-cf43e1f89e9e","name":" BELLA MÚSICA 90.9 (Veracruz) - 90.9 FM - XHVER-FM - Valanci Media Group - Boca del Río, Veracruz","country":"Mexico","countryCode":"MX","language":"spanish","freqLabel":"90.9 FM","streamUrl":"https://stream.zeno.fm/reqz9p23gd0uv","codec":"MP3","votes":6},"geometry":{"type":"Point","coordinates":[-96.1045414209366,19.134938853650677]}},{"type":"Feature","id":"c5d71e6b-8dfc-4641-91d2-917b7649bf05","properties":{"stationUuid":"c5d71e6b-8dfc-4641-91d2-917b7649bf05","name":" BELLA MÚSICA 93.1 (Tuxtla) - 93.1 FM - XHREZ-FM - Valanci Media Group - Tuxtla Gutiérrez, Chiapas","country":"Mexico","countryCode":"MX","language":"spanish","freqLabel":"93.1 FM","streamUrl":"https://stream.zeno.fm/ayrbxv13gd0uv","codec":"AAC","votes":7},"geometry":{"type":"Point","coordinates":[-93.11488151550292,16.75470377524286]}},{"type":"Feature","id":"da706cfe-fb5c-4a48-81fd-3c8cfb118045","properties":{"stationUuid":"da706cfe-fb5c-4a48-81fd-3c8cfb118045","name":" BFM 99.5 (Hermosillo) - 99.5 FM - XHFEM-FM - Bura Multimedia - Hermosillo, Sonora","country":"Mexico","countryCode":"MX","language":"spanish","freqLabel":"99.5 FM","streamUrl":"https://app.sonicpanelradio.com:8520/stream","codec":"MP3","votes":2},"geometry":{"type":"Point","coordinates":[-110.9696388244629,29.096306760214723]}},{"type":"Feature","id":"2c5e15fc-c3c8-4372-99ff-8a856c129cb2","properties":{"stationUuid":"2c5e15fc-c3c8-4372-99ff-8a856c129cb2","name":" BLU FM 92.3 (León) - 92.3 FM - XHOI-FM - Promomedios - Leon, Guanajuato","country":"Mexico","countryCode":"MX","language":"spanish","freqLabel":"92.3 FM","streamUrl":"https://stream.zeno.fm/0w7y1mu0ra0uv","codec":"AAC","votes":4},"geometry":{"type":"Point","coordinates":[-101.68267250061037,21.123698726211636]}},{"type":"Feature","id":"5bc28cea-2ccb-4069-abfd-d0ee12dfb6e0","properties":{"stationUuid":"5bc28cea-2ccb-4069-abfd-d0ee12dfb6e0","name":" BONITA 91.1 (Ciudad Mante) - 91.1 FM - XHECM-FM - ORT Radio - Ciudad Mante, Tamaulipas","country":"Mexico","countryCode":"MX","language":"spanish","freqLabel":"91.1 FM","streamUrl":"https://cast1.my-control-panel.com/proxy/bonita/stream/","codec":"MP3","votes":7},"geometry":{"type":"Point","coordinates":[-98.97188186645508,22.744131812348087]}},{"type":"Feature","id":"a62b25e7-cab6-454f-9d0f-24cdc82999a6","properties":{"stationUuid":"a62b25e7-cab6-454f-9d0f-24cdc82999a6","name":" BOOM FM  104.7 (Tampico) - 104.7 FM - XHERP-FM - Grupo AS Comunicación - Tampico, Tamaulipas","country":"Mexico","countryCode":"MX","language":"spanish","freqLabel":"104.7 FM","streamUrl":"https://stream.zeno.fm/mgypyrbf5ottv","codec":"MP3","votes":9},"geometry":{"type":"Point","coordinates":[-97.86020278930664,22.21689217515128]}},{"type":"Feature","id":"b523abc8-cd1d-4b1a-aff4-e6e157588f8d","properties":{"stationUuid":"b523abc8-cd1d-4b1a-aff4-e6e157588f8d","name":" BOOM FM 101.5 (Comitán) - 101.5 FM - XHPCOM-FM - Boom FM - Comitán, Chiapas","country":"Mexico","countryCode":"MX","language":"spanish","freqLabel":"101.5 FM","streamUrl":"https://stream.freepi.io:8200/stream","codec":"MP3","votes":6},"geometry":{"type":"Point","coordinates":[-92.1342658996582,16.24426505084511]}},{"type":"Feature","id":"290490b5-483e-4ca2-8fe7-6aa4cc0a88f0","properties":{"stationUuid":"290490b5-483e-4ca2-8fe7-6aa4cc0a88f0","name":" BOOM FM 91.5 (Cintalapa) - 91.5 FM - XHCCAG-FM - Cadena Boom FM - Cintalapa, Chiapas","country":"Mexico","countryCode":"MX","language":"spanish","freqLabel":"91.5 FM","streamUrl":"https://stream.freepi.io:8202/stream","codec":"MP3","votes":2},"geometry":{"type":"Point","coordinates":[-93.72410774230958,16.692067005150523]}},{"type":"Feature","id":"f60cd265-6844-4262-9517-b31ce1ed794f","properties":{"stationUuid":"f60cd265-6844-4262-9517-b31ce1ed794f","name":" BUENAVISTA RADIO 102.9 (Ciudad Valles) - 102.9 FM - XHCSBY-FM - Medios Digitales Culturales de la Huasteca, A.C. - Ciudad Valles, San Luis Potosí","country":"Mexico","countryCode":"MX","language":"spanish","freqLabel":"102.9 FM","streamUrl":"https://cast1.asurahosting.com/proxy/bnavista/;","codec":"MP3","votes":2},"geometry":{"type":"Point","coordinates":[-99.00960445404054,21.99237821518689]}},{"type":"Feature","id":"ee25b86c-f603-40ae-8130-465f311759b5","properties":{"stationUuid":"ee25b86c-f603-40ae-8130-465f311759b5","name":" BUENISIIMA 103.9 (Acapulco) - 103.9 FM - XHPO-FM - Grupo Audiorama Comunicaciones - Acapulco, Guerrero","country":"Mexico","countryCode":"MX","language":"spanish","freqLabel":"103.9 FM","streamUrl":"https://ss1.audiorama.com.mx:6606/stream","codec":"MP3","votes":2},"geometry":{"type":"Point","coordinates":[-99.8936176300049,16.868252217983937]}},{"type":"Feature","id":"c81a5fc5-24a3-4ca8-bd3b-a3c39a36c63f","properties":{"stationUuid":"c81a5fc5-24a3-4ca8-bd3b-a3c39a36c63f","name":" BUENISIIMA 850 (Mexicali) - 850 AM - XEZF-AM - Grupo Audiorama Comunicaciones - Mexicali, Baja California","country":"Mexico","countryCode":"MX","language":"spanish","freqLabel":null,"streamUrl":"https://ss1.audiorama.com.mx:6594/stream","codec":"MP3","votes":5},"geometry":{"type":"Point","coordinates":[-115.44931411743164,32.625428944784474]}},{"type":"Feature","id":"eb5f4d3d-6844-47de-aff1-4efd26cb4b08","properties":{"stationUuid":"eb5f4d3d-6844-47de-aff1-4efd26cb4b08","name":" CABO MIL 96.3 (Los Cabos) - 96.3 FM - XHSJS-FM - San José del Cabo, Baja California","country":"Mexico","countryCode":"MX","language":"spanish","freqLabel":"96.3 FM","streamUrl":"https://streamingcwsradio30.com:7070/stream","codec":"MP3","votes":5},"geometry":{"type":"Point","coordinates":[-109.70320701599124,23.061690472716244]}},{"type":"Feature","id":"0060d7b7-b974-4fe1-a705-cd1ba534ad0f","properties":{"stationUuid":"0060d7b7-b974-4fe1-a705-cd1ba534ad0f","name":" CABO MIL 96.3 (Los Cabos) - 96.3 FM - XHSJS-FM - San José Del Cabo, Baja California 🆕","country":"Mexico","countryCode":"MX","language":"spanish","freqLabel":"96.3 FM","streamUrl":"https://s2.radio.co/s77395f3d5/listen","codec":"MP3","votes":3},"geometry":{"type":"Point","coordinates":[-109.8621439933777,22.907715124590453]}},{"type":"Feature","id":"ccc1c7a3-2c82-41d5-9cea-1ab81a83813d","properties":{"stationUuid":"ccc1c7a3-2c82-41d5-9cea-1ab81a83813d","name":" CADENA AZUL 95.7 (Atlacomulco) - 95.7 FM - XHATF-FM - Grupo Rotativo - Atlacomulco, Estado de México","country":"Mexico","countryCode":"MX","language":"spanish","freqLabel":"95.7 FM","streamUrl":"https://01.solumedia.com.ar:10023/stream","codec":"MP3","votes":1},"geometry":{"type":"Point","coordinates":[-99.87387657165527,19.80123293125664]}},{"type":"Feature","id":"22c42a2c-4e16-4fc1-b8d4-d827045d6602","properties":{"stationUuid":"22c42a2c-4e16-4fc1-b8d4-d827045d6602","name":" CAFÉ ROMÁNTICO RADIO (MTY) - Online - www.caferomanticoradio.com - Grupo Digital Retroland - Monterrey, Nuevo León","country":"Mexico","countryCode":"MX","language":"spanish","freqLabel":null,"streamUrl":"https://panel.retrolandigital.com/radio/8110/listen","codec":"AAC","votes":9},"geometry":{"type":"Point","coordinates":[-100.31461715698244,25.683540067610764]}},{"type":"Feature","id":"7c6560ff-5656-44f8-b942-d089d8c10f6c","properties":{"stationUuid":"7c6560ff-5656-44f8-b942-d089d8c10f6c","name":" CALVILLO FM 101.3 (Calvillo) - 101.3 FM - XHSCCH-FM - Comunicar para Ayudar, A.C. - Calvillo, Aguascalientes","country":"Mexico","countryCode":"MX","language":"spanish","freqLabel":"101.3 FM","streamUrl":"https://stream.zeno.fm/af12yk53ud0uv","codec":"AAC","votes":5},"geometry":{"type":"Point","coordinates":[-102.7185845375061,21.84675184920304]}},{"type":"Feature","id":"575e90dc-d7e9-4823-bfc3-50a0ba9f3cb4","properties":{"stationUuid":"575e90dc-d7e9-4823-bfc3-50a0ba9f3cb4","name":" CANDELA 104.7 (La Barca) - 104.7 FM - XHLB-FM - Cadena RASA - Jamay, Jalisco","country":"Mexico","countryCode":"MX","language":"spanish","freqLabel":"104.7 FM","streamUrl":"https://stream.zeno.fm/ct6cvy2vqp8uv","codec":"MP3","votes":2},"geometry":{"type":"Point","coordinates":[-102.54527091979982,20.28744038161033]}},{"type":"Feature","id":"3d0f74c9-828c-4aed-8954-9311fa8946cf","properties":{"stationUuid":"3d0f74c9-828c-4aed-8954-9311fa8946cf","name":" CANDELA 92.7 (Valladolid) - 92.7 FM - XHUM-FM - Cadena RASA - Valladolid, Yucatán","country":"Mexico","countryCode":"MX","language":"spanish","freqLabel":"92.7 FM","streamUrl":"https://stream.zeno.fm/nv2zf1kc4p8uv","codec":"MP3","votes":1},"geometry":{"type":"Point","coordinates":[-88.20107460021973,20.69217574681323]}},{"type":"Feature","id":"4eabdf37-7930-4087-a5f0-1435577589d8","properties":{"stationUuid":"4eabdf37-7930-4087-a5f0-1435577589d8","name":" CANDELA 94.1 (San Luis Potosí) - 94.1 FM - XHRASA-FM - Cadena RASA - San Luis Potosí, San Luis Potosí","country":"Mexico","countryCode":"MX","language":"spanish","freqLabel":"94.1 FM","streamUrl":"https://stream-204.surfernetwork.com/q8mt825e0chvv?zt=eyJhbGciOiJIUzI1NiJ9.eyJzdHJlYW0iOiJxOG10ODI1ZTBjaHZ2IiwiaG9zdCI6InN0cmVhbS0yMDQuc3VyZmVybmV0d29yay5jb20iLCJ0bSI6ZmFsc2UsInJ0dGwiOjUsImp0aSI6IndhZ1ByVDVPUVdDd2V4VHE1OWhpbUEiLCJpYXQiOjE3ODk5NDgwODgsImV4cCI6MTc4OTk0ODE0OH0.QRPwI_QzS-k3W8E5rrSlDI111IM8QvybioCmUxQSl3s","codec":"MP3","votes":2},"geometry":{"type":"Point","coordinates":[-100.97697257995608,22.152712253352576]}},{"type":"Feature","id":"2cd74bab-0eea-4e12-826c-085e3cc5d615","properties":{"stationUuid":"2cd74bab-0eea-4e12-826c-085e3cc5d615","name":" CANDELA 94.1 (Zamora) - 94.1 FM - XHGT-FM - Cadena RASA - Zamora, Michoacán","country":"Mexico","countryCode":"MX","language":"spanish","freqLabel":"94.1 FM","streamUrl":"https://stream.zeno.fm/9t73skxn8k8uv","codec":"MP3","votes":1},"geometry":{"type":"Point","coordinates":[-102.28597640991212,19.984243646271665]}},{"type":"Feature","id":"e736fbb5-f071-4a9e-aef3-fd9770456085","properties":{"stationUuid":"e736fbb5-f071-4a9e-aef3-fd9770456085","name":" CANDELA 95.1 (Apatzingán) - 95.1 FM - XHAPM-FM - Cadena RASA - Apatzingán, Michoacán","country":"Mexico","countryCode":"MX","language":"spanish","freqLabel":"95.1 FM","streamUrl":"https://stream-282.surfernetwork.com/kvdvkhbtvchvv?zt=eyJhbGciOiJIUzI1NiJ9.eyJzdHJlYW0iOiJrdmR2a2hidHZjaHZ2IiwiaG9zdCI6InN0cmVhbS0yODIuc3VyZmVybmV0d29yay5jb20iLCJ0bSI6ZmFsc2UsInJ0dGwiOjUsImp0aSI6Im9kYWpZcDBYU3ptRkE0bUF4WEowSUEiLCJpYXQiOjE3ODk5NjYyODksImV4cCI6MTc4OTk2NjM0OX0.CWUTf1129s6dZLsqk1VHQg9pwTUaAk_gyyWYwESbASw","codec":"MP3","votes":3},"geometry":{"type":"Point","coordinates":[-102.35386848449708,19.09274196195962]}},{"type":"Feature","id":"f85116ba-1df6-44f4-89f5-f48f13cc8c4a","properties":{"stationUuid":"f85116ba-1df6-44f4-89f5-f48f13cc8c4a","name":" CANDELA 95.3 (Mérida) - 95.3 FM - XHMH-FM - Cadena RASA - Mérida, Yucatán","country":"Mexico","countryCode":"MX","language":"spanish","freqLabel":"95.3 FM","streamUrl":"https://stream.zeno.fm/tbnc01hc4p8uv","codec":"MP3","votes":1},"geometry":{"type":"Point","coordinates":[-89.62414741516113,20.96845512592627]}},{"type":"Feature","id":"498e7b29-e533-490f-83ef-1422929cce18","properties":{"stationUuid":"498e7b29-e533-490f-83ef-1422929cce18","name":" CANDELA 96.3 (Tizimín) - 96.3 FM - XHUP-FM - Cadena RASA - Tizimín, Yucatán","country":"Mexico","countryCode":"MX","language":"spanish","freqLabel":"96.3 FM","streamUrl":"https://stream.zeno.fm/kg0w97kc4p8uv","codec":"MP3","votes":2},"geometry":{"type":"Point","coordinates":[-88.15163612365724,21.14451371169359]}},{"type":"Feature","id":"e1de2458-535a-482d-8134-b4cb8d073053","properties":{"stationUuid":"e1de2458-535a-482d-8134-b4cb8d073053","name":" CAPULLO FM 105.1 (Francisco I. Madero) - 105.1 FM - XHYD-FM - GPS Media - Francisco I. Madero, Coahuila","country":"Mexico","countryCode":"MX","language":"spanish","freqLabel":"105.1 FM","streamUrl":"https://stream.zeno.fm/3qv5hnktu4rvv","codec":"MP3","votes":3},"geometry":{"type":"Point","coordinates":[-103.2719135284424,25.77558810280485]}},{"type":"Feature","id":"4fc8a80c-f39a-46d3-a163-dd3a637028c3","properties":{"stationUuid":"4fc8a80c-f39a-46d3-a163-dd3a637028c3","name":" CARIBE FM 101.9 (Cancún) - 101.9 FM - XHCBJ-FM - SQCS (Sistema Quintanarroense de Comunicación Social) - Cancún, Quintana Roo","country":"Mexico","countryCode":"MX","language":"spanish","freqLabel":"101.9 FM","streamUrl":"https://sp2.servidorrprivado.com/8042/stream","codec":"MP3","votes":2},"geometry":{"type":"Point","coordinates":[-86.84091567993165,21.153281649388816]}},{"type":"Feature","id":"d05249c1-2547-49ff-a98d-b56623980ed4","properties":{"stationUuid":"d05249c1-2547-49ff-a98d-b56623980ed4","name":" CATEDRAL DE LA MÚSICA (Zamora) - 91.7 FM - XHQL-FM - Cadena RASA - Zamora, Michoacán","country":"Mexico","countryCode":"MX","language":"spanish","freqLabel":"91.7 FM","streamUrl":"https://stream-285.surfernetwork.com/1parq976sk8uv?zt=eyJhbGciOiJIUzI1NiJ9.eyJzdHJlYW0iOiIxcGFycTk3NnNrOHV2IiwiaG9zdCI6InN0cmVhbS0yODUuc3VyZmVybmV0d29yay5jb20iLCJ0bSI6ZmFsc2UsInJ0dGwiOjUsImp0aSI6Inowb1ptODV2UmpxWkZWRS1wVmJ6dkEiLCJpYXQiOjE3ODk5NjMzNzksImV4cCI6MTc4OTk2MzQzOX0.0Hfzru96irsErp11QFIjwwKsu6vKyYav0KWy9rBmYYU","codec":"MP3","votes":7},"geometry":{"type":"Point","coordinates":[-102.28417396545412,19.983797480996497]}},{"type":"Feature","id":"c47e4ea9-1652-4ed6-8810-820ba7a7239e","properties":{"stationUuid":"c47e4ea9-1652-4ed6-8810-820ba7a7239e","name":" CAXCÁN FM 95.1 (Jalpa) - 95.1 FM - XHJRS-FM - Grupo Radiofónico ZER - Jalpa, Zacatecas","country":"Mexico","countryCode":"MX","language":"spanish","freqLabel":"95.1 FM","streamUrl":"https://cast.zuperdns.net/8008/stream/;stream.mp3?nochache=0.3141970676706438","codec":"MP3","votes":4},"geometry":{"type":"Point","coordinates":[-102.97772884368898,21.63315687996717]}},{"type":"Feature","id":"534079b6-90b7-41c3-953f-717de724b22f","properties":{"stationUuid":"534079b6-90b7-41c3-953f-717de724b22f","name":" CHILANGO RADIO 105.3 (CDMX) - 105.3 FM - XHINFO-FM - Capital Digital - Ciudad de México","country":"Mexico","countryCode":"MX","language":"spanish","freqLabel":"105.3 FM","streamUrl":"https://stream.radio.co/s938b68214/listen","codec":"MP3","votes":18},"geometry":{"type":"Point","coordinates":[-99.13418769836429,19.434343237677428]}},{"type":"Feature","id":"26329f41-b546-4a5e-ab07-48faf5199176","properties":{"stationUuid":"26329f41-b546-4a5e-ab07-48faf5199176","name":" CIELOS ABIERTOS FM 94.7 (Ciudad Valles) - 94.7 FM - XHPEAA-FM - Ciudad Valles, San Luis Potosí","country":"Mexico","countryCode":"MX","language":"spanish","freqLabel":"94.7 FM","streamUrl":"https://radiosprofecionalesmex.com:8002/stream","codec":"MP3","votes":1},"geometry":{"type":"Point","coordinates":[-99.0092182159424,21.99251873256832]}},{"type":"Feature","id":"40fb3303-4f32-49e3-8b02-9fe96f3bd71b","properties":{"stationUuid":"40fb3303-4f32-49e3-8b02-9fe96f3bd71b","name":" CLASSIC 106.9 (MTY) - 106.9 FM - XHPJ-FM - Multimedios Radio - Monterrey, Nuevo León","country":"Mexico","countryCode":"MX","language":"spanish","freqLabel":"106.9 FM","streamUrl":"https://mdstrm.com/audio/673788019b826f0dc1842750/icecast.audio","codec":"AAC","votes":69},"geometry":{"type":"Point","coordinates":[-100.31659126281738,25.681101076784145]}},{"type":"Feature","id":"56f3725f-eb27-4d58-88fd-e451df4a1e09","properties":{"stationUuid":"56f3725f-eb27-4d58-88fd-e451df4a1e09","name":" CLASSIC 93.9 (Torreón) - 93.9 FM - XHWN-FM - Multimedios Radio - Torreón, Coahuila","country":"Mexico","countryCode":"MX","language":"spanish","freqLabel":"93.9 FM","streamUrl":"https://mdstrm.com/audio/67378091f22f160aaf4c34b1/icecast.audio","codec":"AAC","votes":7},"geometry":{"type":"Point","coordinates":[-103.41035842895508,25.544537229284064]}},{"type":"Feature","id":"8a03138f-273d-4069-a69a-7552abbf06b9","properties":{"stationUuid":"8a03138f-273d-4069-a69a-7552abbf06b9","name":" CLASSIC 96.1 (Tampico) - 96.1 FM - XHON-FM - Multimedios Radio - Tampico, Tamaulipas","country":"Mexico","countryCode":"MX","language":"spanish","freqLabel":"96.1 FM","streamUrl":"https://mdstrm.com/audio/673784f2f22f160aaf4c8e8c/icecast.audio","codec":"AAC","votes":8},"geometry":{"type":"Point","coordinates":[-97.85805702209474,22.21661158688351]}},{"type":"Feature","id":"4874e6e5-3a3b-4295-be7b-a7a115c53f2f","properties":{"stationUuid":"4874e6e5-3a3b-4295-be7b-a7a115c53f2f","name":" COAHUILA HOY RADIO (Torreón) - 97.5 FM - XHCSBB-FM - Grupo M Radio - Torreón, Coahuila","country":"Mexico","countryCode":"MX","language":"spanish","freqLabel":"97.5 FM","streamUrl":"https://cast1.my-control-panel.com/proxy/coahuilahoy/stream","codec":"MP3","votes":11},"geometry":{"type":"Point","coordinates":[-103.41087341308597,25.543520814867616]}},{"type":"Feature","id":"44451d53-8d5d-43f6-a1bf-5fce592d462a","properties":{"stationUuid":"44451d53-8d5d-43f6-a1bf-5fce592d462a","name":" COAHUILA HOY RADIO 102.5 (Saltillo) - 102.5 FM - XHSHT-FM - Grupo M Radio - Saltillo, Coahuila","country":"Mexico","countryCode":"MX","language":"spanish","freqLabel":"102.5 FM","streamUrl":"https://cast1.asurahosting.com/proxy/coahuilasaltillo/stream","codec":"MP3","votes":1},"geometry":{"type":"Point","coordinates":[-100.99345207214355,25.424945456427007]}},{"type":"Feature","id":"ab954ec1-c576-48b6-9d5a-8644bc1214b6","properties":{"stationUuid":"ab954ec1-c576-48b6-9d5a-8644bc1214b6","name":" COAHUILA HOY RADIO 106.3 (Piedras Negras) - 106.3 FM - XHPSP-FM - Grupo M Radio - Piedras Negras, Coahuila","country":"Mexico","countryCode":"MX","language":"spanish","freqLabel":"106.3 FM","streamUrl":"https://cast1.asurahosting.com/proxy/coahuilapiedras/stream","codec":"MP3","votes":1},"geometry":{"type":"Point","coordinates":[-100.54112434387208,28.692208790428676]}},{"type":"Feature","id":"bb13f546-8b51-4176-8acd-4bf60c4ca45a","properties":{"stationUuid":"bb13f546-8b51-4176-8acd-4bf60c4ca45a","name":" COAHUILA HOY RADIO 93.1 (Monclova) - 93.1 FM - XHCSBA-FM - Grupo M Radio - Monclova, Coahuila","country":"Mexico","countryCode":"MX","language":"spanish","freqLabel":"93.1 FM","streamUrl":"https://cast1.my-control-panel.com/proxy/coahuilahoy2/stream","codec":"MP3","votes":1},"geometry":{"type":"Point","coordinates":[-101.41865730285645,26.90274717460126]}},{"type":"Feature","id":"9e3b4546-abaf-4617-9062-99c25e68c7be","properties":{"stationUuid":"9e3b4546-abaf-4617-9062-99c25e68c7be","name":" COAHUILA RADIO 89.7 (Saltillo) - 89.7 FM - XHSOC-FM - Coahuila Radio y Televisión - Saltillo, Coahuila","country":"Mexico","countryCode":"MX","language":"spanish","freqLabel":"89.7 FM","streamUrl":"https://cryt-stream.mx:8443/cryt-xhsoc","codec":"MP3","votes":9},"geometry":{"type":"Point","coordinates":[-100.9932804107666,25.42432531200053]}},{"type":"Feature","id":"6fcae679-c3f7-464f-b73b-953309c83c99","properties":{"stationUuid":"6fcae679-c3f7-464f-b73b-953309c83c99","name":" CON MADRE 92.1 (Ciudad Obregón) - 92.1 FM - XHOBS-FM - Radiorama Sonora - Ciudad Obregón, Sonora","country":"Mexico","countryCode":"MX","language":"spanish","freqLabel":"92.1 FM","streamUrl":"https://stream.freepi.io:8408/live","codec":"MP3","votes":2},"geometry":{"type":"Point","coordinates":[-109.936580657959,27.486882398618796]}},{"type":"Feature","id":"49031178-1364-4066-ad62-8366ce0145ef","properties":{"stationUuid":"49031178-1364-4066-ad62-8366ce0145ef","name":" CONEXIÓN 92.7 (Aguascalientes) - 92.7 FM - XHCPDI-FM - Radio y Televisión de Aguascalientes - Aguascalientes, Aguascalientes","country":"Mexico","countryCode":"MX","language":"spanish","freqLabel":"92.7 FM","streamUrl":"https://streamingcwsradio30.com:7008/stream","codec":"MP3","votes":5},"geometry":{"type":"Point","coordinates":[-102.29550361633302,21.882330354083077]}},{"type":"Feature","id":"62b28ffa-910c-4142-8cbb-cf4ab8f31e5b","properties":{"stationUuid":"62b28ffa-910c-4142-8cbb-cf4ab8f31e5b","name":" CONTACTO 98.9 (Chalco) - 98.9 FM - XHCHAL-FM - Comunicaciones en Contacto, Cultura y Bienestar Social, A.C. - Chalco, Estado de México","country":"Mexico","countryCode":"MX","language":"spanish","freqLabel":"98.9 FM","streamUrl":"https://stm11.xcast.com.br:9640/;","codec":"MP3","votes":3},"geometry":{"type":"Point","coordinates":[-98.89660835266116,19.26314542025243]}},{"type":"Feature","id":"89217111-a425-49b0-a8b8-c26f9aef0fb3","properties":{"stationUuid":"89217111-a425-49b0-a8b8-c26f9aef0fb3","name":" CONVOY (CDMX) - Online - www.convoynetwork.com - Convoy Network - Ciudad de México","country":"Mexico","countryCode":"MX","language":"spanish","freqLabel":null,"streamUrl":"https://live.convoynetwork.com/stream","codec":"AAC","votes":3},"geometry":{"type":"Point","coordinates":[-99.1336727142334,19.434505118290417]}},{"type":"Feature","id":"f84672a0-b170-4de6-8027-767a70a9ad94","properties":{"stationUuid":"f84672a0-b170-4de6-8027-767a70a9ad94","name":" CRISTO REY RADIO 1110 (Ciudad Juárez) - 1110 AM - XEWR-AM - MegaRadio - Ciudad Juárez, Chihuahua","country":"Mexico","countryCode":"MX","language":"spanish","freqLabel":null,"streamUrl":"https://live.turadio.stream:7021/stream","codec":"MP3","votes":1},"geometry":{"type":"Point","coordinates":[-106.42215728759768,31.715180734774272]}},{"type":"Feature","id":"365e8e99-c14d-4327-b826-73384a4b3b0a","properties":{"stationUuid":"365e8e99-c14d-4327-b826-73384a4b3b0a","name":" CULTURA 1060 (CDMX) - 1060 AM - XECPAE-AM - Radio Educación - Ciudad de México","country":"Mexico","countryCode":"MX","language":"spanish","freqLabel":null,"streamUrl":"https://securestreams7.autopo.st/?uri=https://s2.mexside.net/8172/stream","codec":"MP3","votes":0},"geometry":{"type":"Point","coordinates":[-99.1329860687256,19.43515263912861]}},{"type":"Feature","id":"749995c6-4bcf-4e07-961d-1397fa1a0f2d","properties":{"stationUuid":"749995c6-4bcf-4e07-961d-1397fa1a0f2d","name":" CULTURA 1060 (CDMX) - 1060 AM - XECPAE-AM - Radio Educación - Ciudad de Mexico","country":"Mexico","countryCode":"MX","language":"spanish","freqLabel":null,"streamUrl":"https://securestreams7.autopo.st/?uri=https://s2.mexside.net/8172/stream","codec":"MP3","votes":3},"geometry":{"type":"Point","coordinates":[-99.1326427459717,19.43547639857944]}},{"type":"Feature","id":"37445f60-835b-4790-bf1f-1ed932ce6789","properties":{"stationUuid":"37445f60-835b-4790-bf1f-1ed932ce6789","name":" CULTURA 96.5 (CDMX) - 96.5 FM - XHEP-FM - Radio Educación - Ciudad de México","country":"Mexico","countryCode":"MX","language":"spanish","freqLabel":"96.5 FM","streamUrl":"https://securestreams7.autopo.st/?uri=https://s2.mexside.net/8174/stream","codec":"MP3","votes":5},"geometry":{"type":"Point","coordinates":[-99.1327714920044,19.433471861918164]}},{"type":"Feature","id":"759d0ad6-d2ba-4779-927a-03850b1b535d","properties":{"stationUuid":"759d0ad6-d2ba-4779-927a-03850b1b535d","name":" CUMBIAS INMORTALES RADIO (MTY) - Online - www.cumbiasinmortales.com - Grupo Digital Retroland - Monterrey, Nuevo León","country":"Mexico","countryCode":"MX","language":"spanish","freqLabel":null,"streamUrl":"https://panel.retrolandigital.com/listen/cumbias_inmortales_radio/listen","codec":"AAC","votes":66},"geometry":{"type":"Point","coordinates":[-100.31521797180176,25.680791667045295]}},{"type":"Feature","id":"0e9e7c54-dce2-48d4-a291-58b2de915409","properties":{"stationUuid":"0e9e7c54-dce2-48d4-a291-58b2de915409","name":" D95 94.9 (Chihuahua) - 94.9 FM - XHCHH-FM - Multimedios Radio - Chihuahua, Chihuahua","country":"Mexico","countryCode":"MX","language":"english,spanish","freqLabel":"94.9 FM","streamUrl":"https://mdstrm.com/audio/672cf2d514e0b3ed57c840c5/icecast.audio","codec":"AAC","votes":8},"geometry":{"type":"Point","coordinates":[-106.07771873474124,28.638587405985323]}},{"type":"Feature","id":"dc7a3621-27f4-4e0f-a5fc-39b0a2221697","properties":{"stationUuid":"dc7a3621-27f4-4e0f-a5fc-39b0a2221697","name":" D99 98.9 (MTY) - 98.9 FM - XHJD-FM - Multimedios Radio - Monterrey, Nuevo León","country":"Mexico","countryCode":"MX","language":"spanish","freqLabel":"98.9 FM","streamUrl":"https://mdstrm.com/audio/662800a9c30cbb3e2e61f44b/icecast.audio","codec":"AAC","votes":1},"geometry":{"type":"Point","coordinates":[-100.31556129455566,25.680482256503012]}},{"type":"Feature","id":"fcb1b912-41cf-4f20-b921-bc2603553b23","properties":{"stationUuid":"fcb1b912-41cf-4f20-b921-bc2603553b23","name":" DIGIMIX 95 95.9 (La Paz) - 95.9 FM - XHPAL-FM - Promomedios California - La Paz, Baja California","country":"Mexico","countryCode":"MX","language":"spanish","freqLabel":"95 FM","streamUrl":"https://stream.zeno.fm/pgs4nreif6yvv","codec":"AAC","votes":10},"geometry":{"type":"Point","coordinates":[-110.3156089782715,24.162343330311952]}},{"type":"Feature","id":"007df3d1-3daa-48ee-a08d-fe93d138862d","properties":{"stationUuid":"007df3d1-3daa-48ee-a08d-fe93d138862d","name":" DIGITAL 103.1 (Ciudad Acuña) - 103.1 FM - XHKD-FM - RCG Media - Ciudad Acuña, Coahuila","country":"Mexico","countryCode":"MX","language":"spanish","freqLabel":"103.1 FM","streamUrl":"https://radio.rcg.com.mx:7005/stream","codec":"MP3","votes":6},"geometry":{"type":"Point","coordinates":[-100.93457221984865,29.325732729373403]}},{"type":"Feature","id":"6bca63ac-76c5-439d-86ec-68585eb904f2","properties":{"stationUuid":"6bca63ac-76c5-439d-86ec-68585eb904f2","name":" DIGITAL 106.5 (Saltillo) - 106.5 FM - XHZCN-FM - RCG Media - Saltillo, Coahuila","country":"Mexico","countryCode":"MX","language":"spanish","freqLabel":"106.5 FM","streamUrl":"https://radio.rcg.com.mx:7000/","codec":"MP3","votes":1},"geometry":{"type":"Point","coordinates":[-100.99336624145508,25.423978901810862]}},{"type":"Feature","id":"bae09ed2-ffa9-4d56-9fb6-a15a7b882640","properties":{"stationUuid":"bae09ed2-ffa9-4d56-9fb6-a15a7b882640","name":" DIGITAL 106.5 (Zacatecas) - 106.5 FM - XHLK-FM - Grupo Radiofónico ZER - Zacatecas, Zacatecas","country":"Mexico","countryCode":"MX","language":"spanish","freqLabel":"106.5 FM","streamUrl":"https://cast.zuperdns.net/8020/stream/","codec":"MP3","votes":6},"geometry":{"type":"Point","coordinates":[-102.57093429565433,22.776107313220397]}},{"type":"Feature","id":"f048bf8d-8b3e-4299-ab5a-45f1d15db59a","properties":{"stationUuid":"f048bf8d-8b3e-4299-ab5a-45f1d15db59a","name":" DIGITAL 98.5 (Xalapa) - 98.5 FM - XHWA-FM - AvanRadio - Xalapa, Veracruz","country":"Mexico","countryCode":"MX","language":"spanish","freqLabel":"98.5 FM","streamUrl":"https://cast3.my-control-panel.com/proxy/xhtz?mp=/stream","codec":"MP3","votes":5},"geometry":{"type":"Point","coordinates":[-96.9119453430176,19.54094960435244]}},{"type":"Feature","id":"ecb8db23-7440-4349-9855-c76e43997250","properties":{"stationUuid":"ecb8db23-7440-4349-9855-c76e43997250","name":" DIGITAL 99.5 (Guaymas) - 99.5 FM - XHDR-FM - Grupo Radio Guaymas - Guaymas, Sonora","country":"Mexico","countryCode":"MX","language":"spanish","freqLabel":"99.5 FM","streamUrl":"https://sp5.servidorrprivado.com/8066/stream","codec":"MP3","votes":2},"geometry":{"type":"Point","coordinates":[-110.89719772338869,27.923672824365305]}},{"type":"Feature","id":"60147fa0-1b68-47ba-b1a4-8c1ce708165b","properties":{"stationUuid":"60147fa0-1b68-47ba-b1a4-8c1ce708165b","name":" DSS RADIO 107.9 (Chilpancingo) - 107.9 FM - XHSCAS-FM - Digital con Sentido Social 106.3, A.C. - Chilpancingo, Guerrero","country":"Mexico","countryCode":"MX","language":"spanish","freqLabel":"107.9 FM","streamUrl":"https://cast3.my-control-panel.com/proxy/dssradio?mp=/;","codec":"MP3","votes":2},"geometry":{"type":"Point","coordinates":[-99.50806617736816,17.555134550964368]}},{"type":"Feature","id":"cd2ce0fb-628b-4180-9776-f603caad660a","properties":{"stationUuid":"cd2ce0fb-628b-4180-9776-f603caad660a","name":" EL HERALDO RADIO 100.3 (GDL) - 100.3 FM - XHAV-FM - Heraldo Media Group - Guadalajara, JAlisco","country":"Mexico","countryCode":"MX","language":"spanish","freqLabel":"100.3 FM","streamUrl":"https://stream.radiojar.com/21h1m4cch8nwv","codec":"MP3","votes":3},"geometry":{"type":"Point","coordinates":[-103.33697319030762,20.67322519191515]}},{"type":"Feature","id":"6cfebf31-313d-423a-a277-e8065632b2ad","properties":{"stationUuid":"6cfebf31-313d-423a-a277-e8065632b2ad","name":" EL HERALDO RADIO 98.5 (CDMX) - 98.5 FM - XHDL-FM - Heraldo Media Group - Ciudad de MéxiCO 🆕","country":"Mexico","countryCode":"MX","language":"spanish","freqLabel":"98.5 FM","streamUrl":"https://stream.radiojar.com/ce31v3yah8nwv","codec":"MP3","votes":2},"geometry":{"type":"Point","coordinates":[-99.13247108459474,19.434990759161124]}},{"type":"Feature","id":"df7de35f-8334-4a57-86a9-027486aba82f","properties":{"stationUuid":"df7de35f-8334-4a57-86a9-027486aba82f","name":" EL HERALDO RADIO 99.7 (MTY) - 99.7 FM - XHSP-FM - Heraldo Media Group - Monterrey, Nuevo León","country":"Mexico","countryCode":"MX","language":"spanish","freqLabel":"99.7 FM","streamUrl":"https://stream.radiojar.com/951bffq8h8nwv","codec":"MP3","votes":2},"geometry":{"type":"Point","coordinates":[-100.31504631042482,25.68125578135227]}},{"type":"Feature","id":"2992faba-177a-4783-aa3c-051835e789a4","properties":{"stationUuid":"2992faba-177a-4783-aa3c-051835e789a4","name":" EL HERALDO RADIO HD2 98.5 (CDMX) - 98.5 HD2 - XHDL-FM - Heraldo Media Group - Ciudad de MÉxico 🆕","country":"Mexico","countryCode":"MX","language":"spanish","freqLabel":"98.5 FM","streamUrl":"https://stream.radiojar.com/rsa7zx3bh8nwv","codec":"MP3","votes":2},"geometry":{"type":"Point","coordinates":[-99.1333293914795,19.433857594870233]}},{"type":"Feature","id":"3d0dcdbd-0447-4c20-8320-18b0b6ebe9d0","properties":{"stationUuid":"3d0dcdbd-0447-4c20-8320-18b0b6ebe9d0","name":" EL KUINO 96.1 (La Piedad) - 96.1 FM - XHPLPM-FM - Grupo Radiofónico ZER - La Piedad, Michoacán","country":"Mexico","countryCode":"MX","language":"spanish","freqLabel":"96.1 FM","streamUrl":"https://live.zuperdns.net/1961/stream","codec":"MP3","votes":19},"geometry":{"type":"Point","coordinates":[-102.02998638153078,20.344769034970003]}},{"type":"Feature","id":"1f6314cb-b275-4264-95cc-a1f322b85fc8","properties":{"stationUuid":"1f6314cb-b275-4264-95cc-a1f322b85fc8","name":" EL SOL 107.7 (Tijuana) - 107.7 FM - XHRST-FM - MLC Media - Tijuana, Baja California","country":"Mexico","countryCode":"MX","language":"spanish","freqLabel":"107.7 FM","streamUrl":"https://vsstreaming.com/8026/stream","codec":"MP3","votes":1},"geometry":{"type":"Point","coordinates":[-117.01709747314456,32.535100564799514]}},{"type":"Feature","id":"78e11de3-07f6-4b68-9549-df77913ee72e","properties":{"stationUuid":"78e11de3-07f6-4b68-9549-df77913ee72e","name":" EL VIEJÓN 88.1 (Tantoyuca) - 88.1 FM - XHCCCR-FM - Grupo Franco Comunicaciones del Norte - Tantoyuca, Veracruz","country":"Mexico","countryCode":"MX","language":"spanish","freqLabel":"88.1 FM","streamUrl":"https://sp04.servidorrprivado.com:7037/sid=1","codec":"MP3","votes":7},"geometry":{"type":"Point","coordinates":[-98.22627067565918,21.352502349452127]}},{"type":"Feature","id":"3fc3eb1d-acea-4666-80bb-d0d7eba912cb","properties":{"stationUuid":"3fc3eb1d-acea-4666-80bb-d0d7eba912cb","name":" ESTÉREO ROMANCE 100.7 (La Paz) - 100.7 FM - XHZPL-FM - Promomedios California - La Paz, Baja California","country":"Mexico","countryCode":"MX","language":"spanish","freqLabel":"100.7 FM","streamUrl":"https://stream.zeno.fm/rkh7xul6uf8vv","codec":"AAC","votes":39},"geometry":{"type":"Point","coordinates":[-110.31586647033691,24.16363300815872]}},{"type":"Feature","id":"7a89cf3a-376a-44a3-9eac-31c495b33043","properties":{"stationUuid":"7a89cf3a-376a-44a3-9eac-31c495b33043","name":" ESTÉREO SOL 101.1 (Ensenada) - 101.1 FM - XHAT-FM - Radio Cadena Enciso (RCE) - Ensenada, Baja California","country":"Mexico","countryCode":"MX","language":"spanish","freqLabel":"101.1 FM","streamUrl":"https://edge.mixlr.com/channel/gdjut","codec":"MP3","votes":1},"geometry":{"type":"Point","coordinates":[-116.60313606262208,31.86775628860975]}},{"type":"Feature","id":"2f828666-38c0-4123-b386-a16489008e55","properties":{"stationUuid":"2f828666-38c0-4123-b386-a16489008e55","name":" ESTÉREO TIEMPO 100.3 (Monclova) - 100.3 FM - XHTF-FM - Monclova, Coahuila","country":"Mexico","countryCode":"MX","language":"spanish","freqLabel":"100.3 FM","streamUrl":"https://stream9.mexiserver.com/8246/stream","codec":"MP3","votes":1},"geometry":{"type":"Point","coordinates":[-101.41942977905276,26.903935957148917]}},{"type":"Feature","id":"98576881-d1e4-449d-91c8-3cc431c8ea8e","properties":{"stationUuid":"98576881-d1e4-449d-91c8-3cc431c8ea8e","name":" ESTÉREO VIDA 93.1 (Ciudad del Carmen) - 93.1 FM - XHPEBS-FM - Ciudad del Carmen, Campeche","country":"Mexico","countryCode":"MX","language":"spanish","freqLabel":"93.1 FM","streamUrl":"https://stream.zeno.fm/5y45gqtbcchvv","codec":"AAC","votes":18},"geometry":{"type":"Point","coordinates":[-91.81488990783691,18.6549899492837]}},{"type":"Feature","id":"d990ddc1-72a5-4e9d-aac9-4ba1079a11c7","properties":{"stationUuid":"d990ddc1-72a5-4e9d-aac9-4ba1079a11c7","name":" EUFORIA 104.9 (Nuevo Casas Grandes) - 104.9 FM - XHNVG-FM - JB Multimedia - Nuevo Casas Grandes, Chihuahua","country":"Mexico","countryCode":"MX","language":"spanish","freqLabel":"104.9 FM","streamUrl":"https://stream.zeno.fm/usrf978ub84tv","codec":"MP3","votes":6},"geometry":{"type":"Point","coordinates":[-107.90651321411134,30.41989069417373]}},{"type":"Feature","id":"480ca9ac-6bb2-492b-8381-a14bac5cf96b","properties":{"stationUuid":"480ca9ac-6bb2-492b-8381-a14bac5cf96b","name":" EUFORIA 92.9 (Cuauhtémoc) - 92.9 FM - XHER-FM - JB Multimedia - Cuauhtémoc, Chihuahua","country":"Mexico","countryCode":"MX","language":"spanish","freqLabel":"92.9 FM","streamUrl":"https://stream.zeno.fm/wvrc9yr2974tv","codec":"MP3","votes":13},"geometry":{"type":"Point","coordinates":[-106.86856269836426,28.401331436556863]}},{"type":"Feature","id":"b546fa76-cd6d-4a09-8735-5abba3893392","properties":{"stationUuid":"b546fa76-cd6d-4a09-8735-5abba3893392","name":" EUFORIA 98.5 (Parral) - 98.5 FM - XHJS-FM - VMedia Comunicaciones - Parral, Chihuahua","country":"Mexico","countryCode":"MX","language":"spanish","freqLabel":"98.5 FM","streamUrl":"https://stream.zeno.fm/2ry52hly8bpvv","codec":"MP3","votes":7},"geometry":{"type":"Point","coordinates":[-105.6680488586426,26.92993415533806]}},{"type":"Feature","id":"37d7969d-1e68-44aa-9b42-d2eb8e5d5a37","properties":{"stationUuid":"37d7969d-1e68-44aa-9b42-d2eb8e5d5a37","name":" EXA FM 101.3 (Durango) - 101.3 FM - XHCAV-FM - Armas Radio - Durango, Durango","country":"Mexico","countryCode":"MX","language":"spanish","freqLabel":"101.3 FM","streamUrl":"https://stream9.mexiserver.com:8114/;","codec":"MP3","votes":19},"geometry":{"type":"Point","coordinates":[-104.6576499938965,24.023814532973155]}},{"type":"Feature","id":"c0948424-6967-4706-997e-24132230fb09","properties":{"stationUuid":"c0948424-6967-4706-997e-24132230fb09","name":" EXA FM 89.9 (Puerto Vallarta) - 89.9 FM - XHCCBB-FM - Álica Medios - Puerto Vallarta, Jalisco","country":"Mexico","countryCode":"MX","language":"spanish","freqLabel":"89.9 FM","streamUrl":"https://playerservices.streamtheworld.com/api/livestream-redirect/XHCCBB.mp3","codec":"MP3","votes":22},"geometry":{"type":"Point","coordinates":[-105.22061347961429,20.641903413542163]}},{"type":"Feature","id":"25c5e15a-11a9-4a07-a041-eb01faa6db6b","properties":{"stationUuid":"25c5e15a-11a9-4a07-a041-eb01faa6db6b","name":" EXA FM 91.9 (Ciudad Mante) - 91.9 FM - XHRLM-FM - ORT Radio - Ciudad Mante, Tamaulipas","country":"Mexico","countryCode":"MX","language":"spanish","freqLabel":"91.9 FM","streamUrl":"https://cast1.my-control-panel.com/proxy/examante/stream/;stream.mp3","codec":"MP3","votes":10},"geometry":{"type":"Point","coordinates":[-98.97265434265138,22.742902406754787]}},{"type":"Feature","id":"98a438c6-6b56-4e8f-a3e0-ee201d540476","properties":{"stationUuid":"98a438c6-6b56-4e8f-a3e0-ee201d540476","name":" EXA FM 94.5 (Ciudad Victoria) - 94.5 FM - XHBJ-FM - ORT Radio - Ciudad Victoria, Tamaulipas","country":"Mexico","countryCode":"MX","language":"spanish","freqLabel":"94.5 FM","streamUrl":"https://cast1.my-control-panel.com/proxy/exavictoria/stream/;stream.mp3","codec":"MP3","votes":5},"geometry":{"type":"Point","coordinates":[-99.14414405822755,23.740532201752636]}},{"type":"Feature","id":"49c9b516-2228-48a5-b67d-be9df8b87350","properties":{"stationUuid":"49c9b516-2228-48a5-b67d-be9df8b87350","name":" EXA FM 98.1 (Guasave) - 98.1 FM - XHGSE-FM - Grupo RSN - Guasave, Sinaloa","country":"Mexico","countryCode":"MX","language":"spanish","freqLabel":"98.1 FM","streamUrl":"https://a6.asurahosting.com:8020/radio.mp3","codec":"MP3","votes":10},"geometry":{"type":"Point","coordinates":[-108.4657859802246,25.57581921682785]}},{"type":"Feature","id":"5ca94422-cd7b-4db5-8ec4-b914399df5dd","properties":{"stationUuid":"5ca94422-cd7b-4db5-8ec4-b914399df5dd","name":" EXA FM 98.1 (Zamora) - 98.1 FM - XHPZAM-FM - Grupo Rey - Zamora, Michoacán","country":"Mexico","countryCode":"MX","language":"spanish","freqLabel":"98.1 FM","streamUrl":"https://streaming.sistemasmvsradio.com/proxy/afixhgse/stream","codec":"MP3","votes":5},"geometry":{"type":"Point","coordinates":[-102.28331565856936,19.983958806439556]}},{"type":"Feature","id":"42a7dab9-4af2-48c6-9a3e-788932c52639","properties":{"stationUuid":"42a7dab9-4af2-48c6-9a3e-788932c52639","name":" EXA FM 98.5 (Tuxtla) - 98.5 FM - XHCQ-FM - Valanci Media Group - Tuxtla Gutiérrez, CHiapas","country":"Mexico","countryCode":"MX","language":"spanish","freqLabel":"98.5 FM","streamUrl":"https://playerservices.streamtheworld.com/api/livestream-redirect/XHCQ.mp3","codec":"MP3","votes":105},"geometry":{"type":"Point","coordinates":[-93.1153964996338,16.756347507707144]}},{"type":"Feature","id":"5790a2c1-20ac-4c4c-9ebc-7f0409adde8c","properties":{"stationUuid":"5790a2c1-20ac-4c4c-9ebc-7f0409adde8c","name":" EXA FM 99.1 (San Juan del Río) - 99.1 FM - XHVI-FM - San Juan del Río, Querétaro","country":"Mexico","countryCode":"MX","language":"spanish","freqLabel":"99.1 FM","streamUrl":"https://tv.radiohosting.online:8352/stream","codec":"MP3","votes":2},"geometry":{"type":"Point","coordinates":[-99.99609947204593,20.391741221965027]}},{"type":"Feature","id":"38260f75-5600-4131-ad1a-6b98cbb34428","properties":{"stationUuid":"38260f75-5600-4131-ad1a-6b98cbb34428","name":" EXA FM 99.3 (Ciudad Obregón) - 99.3 FM - XHOX-FM - Radio Grupo García de León - Ciudad Obregón, Sonora","country":"Mexico","countryCode":"MX","language":"spanish","freqLabel":"99.3 FM","streamUrl":"https://streamingcwsradio30.com:7056/","codec":"MP3","votes":6},"geometry":{"type":"Point","coordinates":[-109.9358940124512,27.486882398618796]}},{"type":"Feature","id":"75e17885-3001-4878-97cd-ee9a3dc92d00","properties":{"stationUuid":"75e17885-3001-4878-97cd-ee9a3dc92d00","name":" EXA FM 99.7 (Ciudad del Carmen) - 99.7 FM / 1070 AM - XHIT-FM / XEIT-AM - Radiorama - Ciudad del Carmen, Campeche","country":"Mexico","countryCode":"MX","language":"spanish","freqLabel":"99.7 FM","streamUrl":"https://ss1.audiorama.com.mx:6674/stream","codec":"MP3","votes":14},"geometry":{"type":"Point","coordinates":[-91.81360244750977,18.65755409224534]}},{"type":"Feature","id":"451a7206-6f10-49a6-b178-771beda27a8a","properties":{"stationUuid":"451a7206-6f10-49a6-b178-771beda27a8a","name":" EXITOS 91.3 (Matamoros) - 91.3 FM - XHMLS-FM - Grupo Radio Avanzado - Matamoros, Tamaulipas","country":"Mexico","countryCode":"MX","language":"spanish","freqLabel":"91.3 FM","streamUrl":"https://ice8.securenetsystems.net/EXITO913","codec":"AAC","votes":2},"geometry":{"type":"Point","coordinates":[-97.5070095062256,25.882355983621792]}},{"type":"Feature","id":"42eb0e55-5926-4b94-9e8c-a2dc556b2893","properties":{"stationUuid":"42eb0e55-5926-4b94-9e8c-a2dc556b2893","name":" EXTASIS DIGITAL 105.9 (GDL) - 105.9 FM - XHQJ-FM - Radiorama de Occidente - Guadalajara, Jalisco","country":"Mexico","countryCode":"MX","language":"spanish","freqLabel":"105.9 FM","streamUrl":"https://stream.zeno.fm/ct70b7m1qa0uv","codec":"MP3","votes":26},"geometry":{"type":"Point","coordinates":[-103.3425521850586,20.67311226440959]}},{"type":"Feature","id":"96ddd600-fffd-4e5a-b166-f22a4d60ed10","properties":{"stationUuid":"96ddd600-fffd-4e5a-b166-f22a4d60ed10","name":" EXTASIS DIGITAL 105.9 (Poza Rica) - 105.9 FM - XHCOV-FM - Radiorama Poza Rica - Poza Rica, Veracruz","country":"Mexico","countryCode":"MX","language":"spanish","freqLabel":"105.9 FM","streamUrl":"https://stream-280.surfernetwork.com/u3pd78exzuhvv?zt=eyJhbGciOiJIUzI1NiJ9.eyJzdHJlYW0iOiJ1M3BkNzhleHp1aHZ2IiwiaG9zdCI6InN0cmVhbS0yODAuc3VyZmVybmV0d29yay5jb20iLCJ0bSI6ZmFsc2UsInJ0dGwiOjUsImp0aSI6Ijdib3lFa0ZxU1J5Y3BSbHpBdlZHQUEiLCJpYXQiOjE3ODk5ODk4NzksImV4cCI6MTc4OTk4OTkzOX0.mHuo8aZGJQsagDzGkSiCQk4jyLlsbo0attcsODLk31I","codec":"MP3","votes":9},"geometry":{"type":"Point","coordinates":[-97.45508193969728,20.53242989315256]}},{"type":"Feature","id":"3ac9a087-6cf5-4715-b299-d18a2ba659d5","properties":{"stationUuid":"3ac9a087-6cf5-4715-b299-d18a2ba659d5","name":" EXTASIS DIGITAL 107.7 (Cuernavaca) - 107.7 FM - XHASM-FM - Radiorama Morelos - Cuernavaca, Morelos","country":"Mexico","countryCode":"MX","language":"spanish","freqLabel":"107.7 FM","streamUrl":"https://stream-289.surfernetwork.com/476gbad3ekhvv?zt=eyJhbGciOiJIUzI1NiJ9.eyJzdHJlYW0iOiI0NzZnYmFkM2VraHZ2IiwiaG9zdCI6InN0cmVhbS0yODkuc3VyZmVybmV0d29yay5jb20iLCJ0bSI6ZmFsc2UsInJ0dGwiOjUsImp0aSI6ImVyeURZUlp6VERxcG1SQkJWa3hjb1EiLCJpYXQiOjE3ODk3NTA3NTIsImV4cCI6MTc4OTc1MDgxMn0.uDl-yKfGlJT7JLq2fmHpD5usfWhdoEMlKuXXFnIUgdU","codec":"MP3","votes":50},"geometry":{"type":"Point","coordinates":[-99.23289299011232,18.923137206591296]}},{"type":"Feature","id":"17a37e51-76d5-41f2-9053-a0ee09911987","properties":{"stationUuid":"17a37e51-76d5-41f2-9053-a0ee09911987","name":" ÉXTASIS DIGITAL 580 (Chihuahua) - 580 AM - XEFI-AM - Radiorama Chihuahua - Chihuahua, Chihuahua","country":"Mexico","countryCode":"MX","language":"spanish","freqLabel":null,"streamUrl":"https://stream-284.surfernetwork.com/n5bw2cz5dkhvv?zt=eyJhbGciOiJIUzI1NiJ9.eyJzdHJlYW0iOiJuNWJ3MmN6NWRraHZ2IiwiaG9zdCI6InN0cmVhbS0yODQuc3VyZmVybmV0d29yay5jb20iLCJ0bSI6ZmFsc2UsInJ0dGwiOjUsImp0aSI6IkdPeDR4cUd5U2kyOE4zQVp5c1ZTaFEiLCJpYXQiOjE3ODk5ODIxNTgsImV4cCI6MTc4OTk4MjIxOH0.SfPpXbLUKsA7V5tbVBZgVAZA5YRkjvc73yHeWFka8CM","codec":"MP3","votes":45},"geometry":{"type":"Point","coordinates":[-106.07694625854494,28.63840143440068]}},{"type":"Feature","id":"f2f3ff2a-a4d0-4e2c-b4e5-aeb0b0f07db5","properties":{"stationUuid":"f2f3ff2a-a4d0-4e2c-b4e5-aeb0b0f07db5","name":" EXTASIS DIGITAL 94.9 (Parral) - 94.9 FM - XHSB-FM - Radiorama Parral - Parral, ChihuahuaRadiorama","country":"Mexico","countryCode":"MX","language":"spanish","freqLabel":"94.9 FM","streamUrl":"https://stream-289.surfernetwork.com/3c5ctyyv538uv?zt=eyJhbGciOiJIUzI1NiJ9.eyJzdHJlYW0iOiIzYzVjdHl5djUzOHV2IiwiaG9zdCI6InN0cmVhbS0yODkuc3VyZmVybmV0d29yay5jb20iLCJ0bSI6ZmFsc2UsInJ0dGwiOjUsImp0aSI6IklzQjl3SFNxVF91b21QSUJ3V2R0WWciLCJpYXQiOjE3ODk5NDY5OTksImV4cCI6MTc4OTk0NzA1OX0.s7gizJVEBSBQSAvj2QIBWkje2vjtYpxB8MYeAyF3XK8","codec":"MP3","votes":6},"geometry":{"type":"Point","coordinates":[-105.66757678985596,26.930087201828883]}},{"type":"Feature","id":"8a337c75-fc94-4d58-9e01-4dde877ff0a5","properties":{"stationUuid":"8a337c75-fc94-4d58-9e01-4dde877ff0a5","name":" EXTASIS DIGITAL 95.9 (León) - 95.9 FM - XHGTO-FM - Radiorama Bajío - León, Guanajuato","country":"Mexico","countryCode":"MX","language":"spanish","freqLabel":"95.9 FM","streamUrl":"https://stream-283.surfernetwork.com/gcdxabxx5rhvv?zt=eyJhbGciOiJIUzI1NiJ9.eyJzdHJlYW0iOiJnY2R4YWJ4eDVyaHZ2IiwiaG9zdCI6InN0cmVhbS0yODMuc3VyZmVybmV0d29yay5jb20iLCJ0bSI6ZmFsc2UsInJ0dGwiOjUsImp0aSI6IlNvdEZ6ckdhUnEyU2N0ZFZfQlcxbVEiLCJpYXQiOjE3ODk5Mzg4MTUsImV4cCI6MTc4OTkzODg3NX0.0yyEJTdPsZwl7mWqCFXauKrtDR0oHgLc7ricRDMmnkw","codec":"MP3","votes":16},"geometry":{"type":"Point","coordinates":[-101.68413162231448,21.122540306437923]}},{"type":"Feature","id":"b4652e7b-2ea7-46cc-855d-81d6aedd65ba","properties":{"stationUuid":"b4652e7b-2ea7-46cc-855d-81d6aedd65ba","name":" EXTASIS DIGITAL 96.5 (Chihuahua) - 96.5 FM - XHFI-FM - Radiorama Chihuahua - Chihuahua, Chihuahua","country":"Mexico","countryCode":"MX","language":"spanish","freqLabel":"96.5 FM","streamUrl":"https://stream-284.surfernetwork.com/n5bw2cz5dkhvv?zt=eyJhbGciOiJIUzI1NiJ9.eyJzdHJlYW0iOiJuNWJ3MmN6NWRraHZ2IiwiaG9zdCI6InN0cmVhbS0yODQuc3VyZmVybmV0d29yay5jb20iLCJ0bSI6ZmFsc2UsInJ0dGwiOjUsImp0aSI6IldsOVZ3SE1sUU42S2x6QnhBYlE0OHciLCJpYXQiOjE3ODk5OTA2ODksImV4cCI6MTc4OTk5MDc0OX0.HNnxjdUdMrhTA1GRN89Z4avCxgp7ckSjPbehAlvHQkc","codec":"MP3","votes":36},"geometry":{"type":"Point","coordinates":[-106.07694625854494,28.64020934671739]}},{"type":"Feature","id":"ef0a8a69-8c36-46d9-8ca4-c5c8e76a0164","properties":{"stationUuid":"ef0a8a69-8c36-46d9-8ca4-c5c8e76a0164","name":" EXTREMO FM 97.3 (Villahermosa) - 97.3 FM - XHVB-FM - Radio Núcleo - Villahermosa, Tabasco","country":"Mexico","countryCode":"MX","language":null,"freqLabel":"97.3 FM","streamUrl":"https://stream.freepi.io/8330/live","codec":"MP3","votes":16},"geometry":{"type":"Point","coordinates":[-92.93764114379884,17.99139189370157]}},{"type":"Feature","id":"fe1bdb41-8541-4be0-9e6a-f2b6ba240fbf","properties":{"stationUuid":"fe1bdb41-8541-4be0-9e6a-f2b6ba240fbf","name":" FANTASÍA W RADIO 89.1 - 89.1 FM - XHZTM-FM - Zitácuaro, Michoacán","country":"Mexico","countryCode":"MX","language":"spanish","freqLabel":"89.1 FM","streamUrl":"https://streamingcwsradio30.com/8216/stream","codec":"MP3","votes":5},"geometry":{"type":"Point","coordinates":[-100.3560733795166,19.435314518934717]}},{"type":"Feature","id":"3c2c18c5-bb8f-4064-b786-a11c70f34909","properties":{"stationUuid":"3c2c18c5-bb8f-4064-b786-a11c70f34909","name":" FIESTA 94.5 (Delicias) - 94.5 FM - XHCDS-FM - Delicias, Chihuahua","country":"Mexico","countryCode":"MX","language":"spanish","freqLabel":"94.5 FM","streamUrl":"https://strcdn.klm99.com/8132/stream","codec":"MP3","votes":6},"geometry":{"type":"Point","coordinates":[-105.47038078308108,28.192595861511258]}},{"type":"Feature","id":"f1805ecf-f14c-456f-abda-4897322a710e","properties":{"stationUuid":"f1805ecf-f14c-456f-abda-4897322a710e","name":" FIESTA 94.9 (Veracruz) - 94.9 FM - XHFM-FM - Grupo AvanRadio Radiorama - Veracruz, Veracruz","country":"Mexico","countryCode":"MX","language":"spanish","freqLabel":"94.9 FM","streamUrl":"https://secure.radiorama.mx:2184/","codec":"MP3","votes":21},"geometry":{"type":"Point","coordinates":[-96.13452583551408,19.18793298276995]}},{"type":"Feature","id":"4f27e835-217e-414e-b88d-58dcae3dbbdd","properties":{"stationUuid":"4f27e835-217e-414e-b88d-58dcae3dbbdd","name":" FIESTA MEXICANA (Autlán) - 90.9 FM - XHANV-FM - Promosat de México - Autlán, Jalisco","country":"Mexico","countryCode":"MX","language":"spanish","freqLabel":"90.9 FM","streamUrl":"https://stream.zeno.fm/2r1xxtznq68uv","codec":"MP3","votes":20},"geometry":{"type":"Point","coordinates":[-104.3676280975342,19.77506589583287]}},{"type":"Feature","id":"2fc3c287-8571-48e3-a2cc-ba37ac9d58b7","properties":{"stationUuid":"2fc3c287-8571-48e3-a2cc-ba37ac9d58b7","name":" FIESTA MEXICANA 102.9 (Celaya) - 102.9 FM - XHNC-FM - Radiorama Bajío - Celaya, Guanajuato","country":"Mexico","countryCode":"MX","language":"spanish","freqLabel":"102.9 FM","streamUrl":"https://stream.zeno.fm/uwcg6hb6dkhvv","codec":"MP3","votes":1},"geometry":{"type":"Point","coordinates":[-100.81337928771974,20.522821885656512]}},{"type":"Feature","id":"82344ac1-ee8c-4dac-a8ac-5f308b6d326b","properties":{"stationUuid":"82344ac1-ee8c-4dac-a8ac-5f308b6d326b","name":" FIESTA MEXICANA 105.5 (Irapuato) - 105.5 FM - XHNC-FM - Radiorama Bajío - Irapuato, Guanajuato","country":"Mexico","countryCode":"MX","language":"spanish","freqLabel":"105.5 FM","streamUrl":"https://stream.zeno.fm/b19663h6dkhvv","codec":"MP3","votes":1},"geometry":{"type":"Point","coordinates":[-101.3522243499756,20.67772214786845]}},{"type":"Feature","id":"58515ca7-e487-4814-9282-64187a22e239","properties":{"stationUuid":"58515ca7-e487-4814-9282-64187a22e239","name":" FIESTA MEXICANA 92.9 (Salvatierra) - 92.9 FM - XHFAC-FM - Radiorama Bajío - Salvatierra, Guanajuato","country":"Mexico","countryCode":"MX","language":"spanish","freqLabel":"92.9 FM","streamUrl":"https://stream.zeno.fm/ys3uakk6dkhvv","codec":"MP3","votes":41},"geometry":{"type":"Point","coordinates":[-100.87895393371583,20.21384028553613]}},{"type":"Feature","id":"b9de6b01-ae25-4eef-af6a-c0d992767126","properties":{"stationUuid":"b9de6b01-ae25-4eef-af6a-c0d992767126","name":" FIESTA MEXICANA 94.5 (Delicias) - 94.5 FM - XHCDS-FM - Promosat Chihuahua - Delicias, Chihuahua","country":"Mexico","countryCode":"MX","language":"spanish","freqLabel":"94.5 FM","streamUrl":"https://strcdn.klm99.com/8132/stream","codec":"MP3","votes":20},"geometry":{"type":"Point","coordinates":[-105.46746253967284,28.1922932685919]}},{"type":"Feature","id":"33692e6c-2165-4b54-a258-fe1c52404062","properties":{"stationUuid":"33692e6c-2165-4b54-a258-fe1c52404062","name":" FRECUENCIA 106.9 (CDMX) - 106.9 FM - XHSCCA-FM - Comunicadores Comunitarios del Arte y la Cultura, A.C. - Ciudad de MéxicO","country":"Mexico","countryCode":"MX","language":"spanish","freqLabel":"106.9 FM","streamUrl":"https://radio.streamexico.com/listen/frecuencia/radio.aac","codec":"AAC","votes":1},"geometry":{"type":"Point","coordinates":[-99.07889127731325,19.245671506570513]}},{"type":"Feature","id":"22e0516b-fcab-49e4-8346-882c7628840f","properties":{"stationUuid":"22e0516b-fcab-49e4-8346-882c7628840f","name":" FUSIÓN 90.1 (Veracruz) - 90.1 FM - XHLL-FM - Grupo Pazos - Veracruz, Veracruz","country":"Mexico","countryCode":"MX","language":"spanish","freqLabel":"90.1 FM","streamUrl":"https://sgaudio.centrocibernetico.com/fusion","codec":"MP3","votes":20},"geometry":{"type":"Point","coordinates":[-96.1357381939888,19.196272067704335]}},{"type":"Feature","id":"96e63db6-0166-4d92-bf47-23522c0eb3e9","properties":{"stationUuid":"96e63db6-0166-4d92-bf47-23522c0eb3e9","name":" GENESIS 98.1 (MTY) - 98.1 FM - XHRL-FM - Núcleo Radio Monterrey - Monterrey, Nuevo León","country":"Mexico","countryCode":"MX","language":"spanish","freqLabel":"98.1 FM","streamUrl":"https://streamingcwsradio30.com/8238/stream","codec":"MP3","votes":20},"geometry":{"type":"Point","coordinates":[-100.31564712524415,25.68323066420562]}},{"type":"Feature","id":"ca2708e2-1478-4e93-8ee9-0756b8a16468","properties":{"stationUuid":"ca2708e2-1478-4e93-8ee9-0756b8a16468","name":" GLOBO 102.1 (Córdoba) - 102.1 FM - XHAG-FM - Radio Comunicaciones de las Altas Montañas - Córdoba, Veracruz","country":"Mexico","countryCode":"MX","language":"spanish","freqLabel":"102.1 FM","streamUrl":"https://streaming.sistemasmvsradio.com/proxy/afixhag/stream","codec":"MP3","votes":1},"geometry":{"type":"Point","coordinates":[-96.93726539611818,18.895529673505024]}},{"type":"Feature","id":"0c364ab4-99d5-43ca-b6de-4bf31cf02532","properties":{"stationUuid":"0c364ab4-99d5-43ca-b6de-4bf31cf02532","name":" GLOBO 97.9 (Mazatlán) - 97.9 FM - XHMMS-FM - Grupo RSN - Mazatlán, Sinaloa","country":"Mexico","countryCode":"MX","language":"spanish","freqLabel":"97.9 FM","streamUrl":"https://a6.asurahosting.com:8130/radio.mp3","codec":"MP3","votes":6},"geometry":{"type":"Point","coordinates":[-106.41777992248537,23.20691929418352]}},{"type":"Feature","id":"eba82738-f7a5-4680-a3c5-defa85c587af","properties":{"stationUuid":"eba82738-f7a5-4680-a3c5-defa85c587af","name":" GRUPERA 93.1 (Morelia) - 93.1 FM - XHLIA-FM - Grupo Radio SA - Morelia, Michoacán","country":"Mexico","countryCode":"MX","language":"spanish","freqLabel":"93.1 FM","streamUrl":"https://mdstrm.com/audio/66be5c00b6bf50d01ecf55c2/live.m3u8","codec":"AAC","votes":1},"geometry":{"type":"Point","coordinates":[-101.19223594665527,19.70575096439592]}},{"type":"Feature","id":"b199e5db-0773-4eae-bdc8-4154ef5324f3","properties":{"stationUuid":"b199e5db-0773-4eae-bdc8-4154ef5324f3","name":" GRUPO RADIOASTA 107.9 (Ensenada) - 107.9 FM - XHSCBH-FM - Grupo Radioasta, A.C. - Ensenada, Baja California","country":"Mexico","countryCode":"MX","language":"spanish","freqLabel":"107.9 FM","streamUrl":"https://radios.yanapak.org/gruporadioasta","codec":"MP3","votes":2},"geometry":{"type":"Point","coordinates":[-116.6015911102295,31.86644419919482]}},{"type":"Feature","id":"f287ea36-c536-4734-bf38-63b3869bf353","properties":{"stationUuid":"f287ea36-c536-4734-bf38-63b3869bf353","name":" HITS 100.1 (Huajuapan) - 100.1 FM - XHPHUA-FM - Enza Telecom - Huajuapan de León, Oaxaca","country":"Mexico","countryCode":"MX","language":"spanish","freqLabel":"100.1 FM","streamUrl":"https://stream.zeno.fm/1ozriqxnwr0uv","codec":"AAC","votes":1},"geometry":{"type":"Point","coordinates":[-97.77750492095949,17.809966029871966]}},{"type":"Feature","id":"3f7f8d78-c24f-46ea-a976-a21e8f49ea40","properties":{"stationUuid":"3f7f8d78-c24f-46ea-a976-a21e8f49ea40","name":" HITS FM (Chihuahua) - Online - www.mmradio.com - Multimedios Radio - Chihuahua, Chihuahua","country":"Mexico","countryCode":"MX","language":"spanish","freqLabel":null,"streamUrl":"https://mdstrm.com/audio/672cf08df19248c08339a8f4/icecast.audio","codec":"AAC","votes":3},"geometry":{"type":"Point","coordinates":[-106.0766887664795,28.63696544017949]}},{"type":"Feature","id":"09951ddb-6bcf-41b7-90ec-bef14ce2988c","properties":{"stationUuid":"09951ddb-6bcf-41b7-90ec-bef14ce2988c","name":" HORIZONTE 107.9 (CDMX) - 107.9 FM - XHIMR-FM - IMER - Ciudad de México","country":"Mexico","countryCode":"MX","language":"spanish","freqLabel":"107.9 FM","streamUrl":"https://securestreams7.autopo.st/?uri=https://s2.mexside.net/8014/stream","codec":"MP3","votes":3},"geometry":{"type":"Point","coordinates":[-99.13315773010255,19.434505118290417]}},{"type":"Feature","id":"727216d6-8d5e-4e4a-83f7-1f5e097439d8","properties":{"stationUuid":"727216d6-8d5e-4e4a-83f7-1f5e097439d8","name":" IBERO.2 90.9 (CDMX) - 90.9 HD2 - XHUIA-FM - Universidad Iberoamericana - Ciudad de México","country":"Mexico","countryCode":"MX","language":"spanish","freqLabel":"90.9 FM","streamUrl":"https://shaincast.caster.fm:20866/listen.mp3","codec":"MP3","votes":3},"geometry":{"type":"Point","coordinates":[-99.13294315338136,19.433552802679156]}},{"type":"Feature","id":"9555b7ed-860c-4b8e-897b-bf91b7e7cb9f","properties":{"stationUuid":"9555b7ed-860c-4b8e-897b-bf91b7e7cb9f","name":" IMAGEN RADIO 100.3 (Laguna) - 100.3 FM - XHEN-FM - Grupo Imagen - Torreón, Coahuila","country":"Mexico","countryCode":"MX","language":"spanish","freqLabel":"100.3 FM","streamUrl":"https://laguna.radio.wnsol.com/;stream.mp3","codec":"MP3","votes":2},"geometry":{"type":"Point","coordinates":[-103.4110450744629,25.544537229284064]}},{"type":"Feature","id":"34efe1c5-8235-413e-b397-34b8c339c6c1","properties":{"stationUuid":"34efe1c5-8235-413e-b397-34b8c339c6c1","name":" IMAGEN RADIO 103.1 (San Luis Potosí) - 103.1 FM - XHEPO-FM - GlobalMedia - San Luis Potosí, San Luis Potosí","country":"Mexico","countryCode":"MX","language":"spanish","freqLabel":"103.1 FM","streamUrl":"https://playradio.mx/proxy/imagen?mp=/stream","codec":"MP3","votes":2},"geometry":{"type":"Point","coordinates":[-100.9780025482178,22.152235283454537]}},{"type":"Feature","id":"f9bb93af-7744-4ec1-8d03-f395ebd80a03","properties":{"stationUuid":"f9bb93af-7744-4ec1-8d03-f395ebd80a03","name":" IMAGEN RADIO 90.5 (CDMX) - 90.5 FM - XEDA-FM - Grupo Imagen - Ciudad de Mexico","country":"Mexico","countryCode":"MX","language":"spanish","freqLabel":"90.5 FM","streamUrl":"https://mdstrm.com/audio/64a44d807cb6630627ab0c82/live.m3u8","codec":"AAC","votes":14},"geometry":{"type":"Point","coordinates":[-99.13315773010255,19.433533832191916]}},{"type":"Feature","id":"26df3b96-cc07-4416-9dec-44a4b20fb6c3","properties":{"stationUuid":"26df3b96-cc07-4416-9dec-44a4b20fb6c3","name":" INTERFERENCIA (CDMX) - Online - www.imer.mx - IMER - Ciudad de México","country":"Mexico","countryCode":"MX","language":"spanish","freqLabel":null,"streamUrl":"https://securestreams7.autopo.st/?uri=https://s2.mexside.net/8022/stream","codec":"MP3","votes":3},"geometry":{"type":"Point","coordinates":[-99.1327714920044,19.434362208070116]}},{"type":"Feature","id":"2e9c29b9-ce10-4d37-baef-696a77d17a64","properties":{"stationUuid":"2e9c29b9-ce10-4d37-baef-696a77d17a64","name":" JOYA 101.7 (Tuxtla) - 101.7 FM - XHVV-FM - Valanci Media Group - Tuxtla Gutiérrez, Chiapas","country":"Mexico","countryCode":"MX","language":"spanish","freqLabel":"101.7 FM","streamUrl":"https://stream.zeno.fm/extbc8p9na0uv","codec":"AAC","votes":35},"geometry":{"type":"Point","coordinates":[-93.1168556213379,16.755487118266146]}},{"type":"Feature","id":"6f881b83-412c-4c1b-bfc5-9192b67aa3b7","properties":{"stationUuid":"6f881b83-412c-4c1b-bfc5-9192b67aa3b7","name":" JOYA 96.9 (Xalapa) - 96.9 FM - XHTZ-FM - Valanci Media Group - Xalapa, Veracruz","country":"Mexico","countryCode":"MX","language":"spanish","freqLabel":"96.9 FM","streamUrl":"https://playradio.mx/proxy/joya?mp=/stream","codec":"MP3","votes":2},"geometry":{"type":"Point","coordinates":[-96.91512107849124,19.540016872625372]}},{"type":"Feature","id":"a73b7e35-2e11-4c7b-bf37-9ac01e2e7f83","properties":{"stationUuid":"a73b7e35-2e11-4c7b-bf37-9ac01e2e7f83","name":" K 102.7 (Tequisquiapan) - 102.7 FM - XHPQUI-FM - Tequisquiapan, Querétaro","country":"Mexico","countryCode":"MX","language":"spanish","freqLabel":"102.7 FM","streamUrl":"https://stream3.mexiserver.com:10167/stream","codec":"MP3","votes":6},"geometry":{"type":"Point","coordinates":[-99.89052772521973,20.52314341827747]}},{"type":"Feature","id":"7197750c-aba9-4815-8edd-a9afc4a72d3f","properties":{"stationUuid":"7197750c-aba9-4815-8edd-a9afc4a72d3f","name":" Kiss FM (Chetumal) - 95.3 FM - XHROO-FM - Grupo SIPSE Radio - Chetumal, Quintana Roo","country":"Mexico","countryCode":"MX","language":"spanish","freqLabel":"95.3 FM","streamUrl":"https://cast4.asurahosting.com/proxy/radiocan/stream","codec":"AAC","votes":84},"geometry":{"type":"Point","coordinates":[-88.30050945281982,18.515892746010813]}},{"type":"Feature","id":"b4ec3ccf-003d-4112-8488-d662d72012fc","properties":{"stationUuid":"b4ec3ccf-003d-4112-8488-d662d72012fc","name":" KISS FM 97.7 (Mérida) - 97.7 FM - XHGL-FM - Grupo SIPSE Radio - Mérida, Yucatán","country":"Mexico","countryCode":"MX","language":"spanish","freqLabel":"97.7 FM","streamUrl":"https://cast4.my-control-panel.com/proxy/televis4/kiss977","codec":"AAC","votes":28},"geometry":{"type":"Point","coordinates":[-89.62388992309572,20.969699900317423]}},{"type":"Feature","id":"088e506a-8133-4a16-b833-0e0230351240","properties":{"stationUuid":"088e506a-8133-4a16-b833-0e0230351240","name":" KVOZ 93.1 (San José del Cabo) - 93.1 FM - XHESJC-FM - San José del Cabo, Baja California Sur","country":"Mexico","countryCode":"MX","language":"spanish","freqLabel":"93.1 FM","streamUrl":"https://stream.zeno.fm/v37442hf9s8uv","codec":"AAC","votes":1},"geometry":{"type":"Point","coordinates":[-109.70303535461429,23.061690472716244]}},{"type":"Feature","id":"80008f16-1184-4b8a-bd16-662366a928e5","properties":{"stationUuid":"80008f16-1184-4b8a-bd16-662366a928e5","name":" KY 104.5 (MTY) - 104.5 FM - XHMF-FM - Grupo Audiorama Comunicaciones - Monterrey, Nuevo León","country":"Mexico","countryCode":"MX","language":"spanish","freqLabel":"104.5 FM","streamUrl":"https://cdn1.onstream.audio/proxy/xhmf/stream","codec":"MP3","votes":3},"geometry":{"type":"Point","coordinates":[-100.31650543212892,25.682229932064978]}},{"type":"Feature","id":"c9e17328-8ef8-4d24-a5a4-7f6635bf15e3","properties":{"stationUuid":"c9e17328-8ef8-4d24-a5a4-7f6635bf15e3","name":" KY 94.7 (GDL) - 94.7 FM - XHDK-FM - Grupo Audiorama Comunicaciones - Guadalajara, Jalisco","country":"Mexico","countryCode":"MX","language":"spanish","freqLabel":"94.7 FM","streamUrl":"https://ss1.audiorama.com.mx:6576/stream","codec":"MP3","votes":8},"geometry":{"type":"Point","coordinates":[-103.33886146545412,20.672582758763347]}},{"type":"Feature","id":"7a01bf7c-d44a-462c-bb3b-aff4814b5b26","properties":{"stationUuid":"7a01bf7c-d44a-462c-bb3b-aff4814b5b26","name":" LA 96 96.1 (Puebla) - 96.1 FM - XHEZAR-FM - Cadena IN - Puebla, Puebla","country":"Mexico","countryCode":"MX","language":"spanish","freqLabel":"96 FM","streamUrl":"https://stream.zeno.fm/pfyc6yp9d78uv","codec":"MP3","votes":3},"geometry":{"type":"Point","coordinates":[-98.19794654846191,19.045205167581692]}},{"type":"Feature","id":"8e4a04d8-8040-404e-94a2-ecda940e0546","properties":{"stationUuid":"8e4a04d8-8040-404e-94a2-ecda940e0546","name":" LA ACERERA 88.1 (Monclova) - 88.1 FM - XHGIK-FM - Grupo Kamar - Monclova, Coahuila","country":"Mexico","countryCode":"MX","language":"spanish","freqLabel":"88.1 FM","streamUrl":"https://tv.radiohosting.online:8480/stream","codec":"MP3","votes":2},"geometry":{"type":"Point","coordinates":[-101.41874313354494,26.902098959931536]}},{"type":"Feature","id":"61b679fd-7791-492c-b8ac-561dec5d1aad","properties":{"stationUuid":"61b679fd-7791-492c-b8ac-561dec5d1aad","name":" LA BESTIA GRUPERA 540 (CDMX) - 540 AM - XEWF-AM - Grupo Audiorama Comunicaciones - Ciudad de México","country":"Mexico","countryCode":"MX","language":"spanish","freqLabel":null,"streamUrl":"https://ss1.audiorama.com.mx:6584/","codec":"MP3","votes":27},"geometry":{"type":"Point","coordinates":[-99.13281440734865,19.433210068868128]}},{"type":"Feature","id":"7b9585db-9e6e-47eb-8e8b-82ab7c76950f","properties":{"stationUuid":"7b9585db-9e6e-47eb-8e8b-82ab7c76950f","name":" La Bestia Grupera 540 (CDMX) - 540 AM - XEWF-AM - Grupo Audiorama Comunicaciones - Ciudad de México","country":"Mexico","countryCode":"MX","language":"spanish","freqLabel":null,"streamUrl":"https://ss1.audiorama.com.mx:6584/","codec":"MP3","votes":38},"geometry":{"type":"Point","coordinates":[-99.13337230682374,19.433876565319647]}},{"type":"Feature","id":"8332bc1c-97d6-41e7-8b51-2e5a65e4abcc","properties":{"stationUuid":"8332bc1c-97d6-41e7-8b51-2e5a65e4abcc","name":" LA BESTIA GRUPERA 90.3 (León) - 90.3 FM - XHML-FM - Grupo Audiorama Comunicaciones - León, Guanajuato","country":"Mexico","countryCode":"MX","language":"spanish","freqLabel":"90.3 FM","streamUrl":"https://cdn1.onstream.audio/proxy/xhml/stream","codec":"MP3","votes":1},"geometry":{"type":"Point","coordinates":[-101.6825008392334,21.123538599611223]}},{"type":"Feature","id":"9ec200d6-537f-4346-bf46-13076a21ebb2","properties":{"stationUuid":"9ec200d6-537f-4346-bf46-13076a21ebb2","name":" LA BUENA ONDA 101.9 (GDL) - 101.9 FM - XEAD-FM - Grupo Unidifusión - Guadalajara, Jalisco","country":"Mexico","countryCode":"MX","language":"spanish","freqLabel":"101.9 FM","streamUrl":"https://s2.yesstreaming.net:9094/stream","codec":"MP3","votes":8},"geometry":{"type":"Point","coordinates":[-103.33954811096191,20.6735464074718]}},{"type":"Feature","id":"9baa6752-134e-4114-88d2-6a2fcc7d9318","properties":{"stationUuid":"9baa6752-134e-4114-88d2-6a2fcc7d9318","name":" LA CALIENTE 92.1 (Ensenada) - 92.1 FM - XHHC-FM - Multimedios Radio - Ensenada, Baja California","country":"Mexico","countryCode":"MX","language":"spanish","freqLabel":"92.1 FM","streamUrl":"https://mdstrm.com/audio/672cf749673e8a2bb4c6d5d2/icecast.audio","codec":"AAC","votes":1},"geometry":{"type":"Point","coordinates":[-116.60210609436037,31.86761050181941]}},{"type":"Feature","id":"efafe30d-496e-4754-8a4a-54b80c46b54c","properties":{"stationUuid":"efafe30d-496e-4754-8a4a-54b80c46b54c","name":" LA CALIENTE 99.9 (Cuauhtémoc) - 99.9 FM - XHCTC-FM - Multimedios Radio - Cuauhtémoc, Chihuahua","country":"Mexico","countryCode":"MX","language":"spanish","freqLabel":"99.9 FM","streamUrl":"https://mdstrm.com/audio/672cff32326325ee49585c36/icecast.audio","codec":"AAC","votes":3},"geometry":{"type":"Point","coordinates":[-106.86615943908691,28.403445412499416]}},{"type":"Feature","id":"231a0a99-8981-41c9-b685-83276a2d96d5","properties":{"stationUuid":"231a0a99-8981-41c9-b685-83276a2d96d5","name":" LA CALUROSA 100.3 (Ensenada) - 100.3 FM - XHDX-FM - Esquina 32 - Ensenada, Baja California","country":"Mexico","countryCode":"MX","language":"spanish","freqLabel":"100.3 FM","streamUrl":"https://cast2.my-control-panel.com/proxy/smashco1/stream","codec":"MP3","votes":1},"geometry":{"type":"Point","coordinates":[-116.60356521606448,31.867284758626436]}},{"type":"Feature","id":"d65b3e6c-34c1-4b48-9c65-658731abb265","properties":{"stationUuid":"d65b3e6c-34c1-4b48-9c65-658731abb265","name":" LA COMADRE 101.7 (Cuautla) - 101.7 FM - XHCUT-FM - Grupo Diario de Morelos - Cuautla, Morelos","country":"Mexico","countryCode":"MX","language":"spanish","freqLabel":"101.7 FM","streamUrl":"https://cdn4.onstream.audio/proxy/lacomadre/stream","codec":"MP3","votes":15},"geometry":{"type":"Point","coordinates":[-98.94278526306154,18.830552818135615]}},{"type":"Feature","id":"1c9e2818-71c8-4cb8-8678-a977981801dc","properties":{"stationUuid":"1c9e2818-71c8-4cb8-8678-a977981801dc","name":" LA COMADRE 107.1 (Matamoros) - 107.1 FM - XHVTH-FM - Multimedios Radio - Matamoros, Tamaulipas","country":"Mexico","countryCode":"MX","language":"spanish","freqLabel":"107.1 FM","streamUrl":"https://mdstrm.com/audio/6737c1d31f0ca80ddd994f5e/icecast.audio","codec":"AAC","votes":6},"geometry":{"type":"Point","coordinates":[-97.50615119934083,25.882973751646208]}},{"type":"Feature","id":"d76a41de-d59b-4734-b9ac-e802062035ec","properties":{"stationUuid":"d76a41de-d59b-4734-b9ac-e802062035ec","name":" LA COMADRE 95.5 (Ciudad del Carmen) - 95.5 FM - XHPCAR-FM - Grupo SIPSE Radio - Ciudad del Carmen, Campeche","country":"Mexico","countryCode":"MX","language":"spanish","freqLabel":"95.5 FM","streamUrl":"https://cast4.my-control-panel.com/proxy/televis1/comadrecarmen","codec":"AAC","votes":9},"geometry":{"type":"Point","coordinates":[-91.81248664855958,18.654664663760215]}},{"type":"Feature","id":"8a855aed-13d8-4a3f-9eb9-e95d5046c7c4","properties":{"stationUuid":"8a855aed-13d8-4a3f-9eb9-e95d5046c7c4","name":" LA COMADRE 98.5 (Mérida) - 98.5 FM - XHMT-FM - Grupo SIPSE Radio - Mérida, Yucatán","country":"Mexico","countryCode":"MX","language":"spanish","freqLabel":"98.5 FM","streamUrl":"https://cast4.my-control-panel.com/proxy/televiso/comadremid","codec":"AAC","votes":26},"geometry":{"type":"Point","coordinates":[-89.62114334106447,20.96937931554964]}},{"type":"Feature","id":"3be9bc47-1378-48c7-bf21-a083e700dda8","properties":{"stationUuid":"3be9bc47-1378-48c7-bf21-a083e700dda8","name":" LA FIERA (Veracruz) - 94.1 FM - XHHV-FM - Grupo Pazos - Veracruz, Veracruz","country":"Mexico","countryCode":"MX","language":"spanish","freqLabel":"94.1 FM","streamUrl":"https://sg.centrocibernetico.com/lafiera","codec":"MP3","votes":51},"geometry":{"type":"Point","coordinates":[-96.13570600748064,19.19628726613683]}},{"type":"Feature","id":"ec0563c9-4483-4785-860d-b09888591b0c","properties":{"stationUuid":"ec0563c9-4483-4785-860d-b09888591b0c","name":" LA FU 103.3 (Cosamaloapan) - 103.3 FM / 630 AM - XHFU-FM / XEFU-AM - Grupo Radio Sotavento - Cosamaloapan, Veracruz","country":"Mexico","countryCode":"MX","language":"spanish","freqLabel":"103.3 FM","streamUrl":"https://servidor27.brlogic.com:7008/live","codec":"MP3","votes":2},"geometry":{"type":"Point","coordinates":[-95.79777717590332,18.364751523927428]}},{"type":"Feature","id":"35da9a09-b4b7-456d-bebd-3bcef0ff4be3","properties":{"stationUuid":"35da9a09-b4b7-456d-bebd-3bcef0ff4be3","name":" LA GIGANTE 95.3 (Piedras Negras) - 95.3 FM - XHGN-FM - Piedras Negras, Veracruz","country":"Mexico","countryCode":"MX","language":"spanish","freqLabel":"95.3 FM","streamUrl":"https://s2.yesstreaming.net:17103/stream","codec":"MP3","votes":1},"geometry":{"type":"Point","coordinates":[-96.17255687713624,18.77077095341815]}},{"type":"Feature","id":"ef1bab86-7a56-4b19-8216-acb62d48daa9","properties":{"stationUuid":"ef1bab86-7a56-4b19-8216-acb62d48daa9","name":" LA GRAN AW 101.3 (MTY) - 101.3 FM - XHAW-FM - Multimedios Radio - Monterrey, Nuevo León","country":"Mexico","countryCode":"MX","language":"spanish","freqLabel":"101.3 FM","streamUrl":"https://mdstrm.com/audio/67378ab60639b6fb47c91763/icecast.audio","codec":"AAC","votes":9},"geometry":{"type":"Point","coordinates":[-100.31590461730956,25.680482256503012]}},{"type":"Feature","id":"14c2249a-a055-4274-975f-6414e44fdbba","properties":{"stationUuid":"14c2249a-a055-4274-975f-6414e44fdbba","name":" LA GRAN AW 1280 (MTY) - 1280 AM - XEAW-AM - Multimedios Radio - Monterrey, Nuevo León","country":"Mexico","countryCode":"MX","language":"spanish","freqLabel":null,"streamUrl":"https://mdstrm.com/audio/672a54e1064f16625e497b86/icecast.audio","codec":"AAC","votes":6},"geometry":{"type":"Point","coordinates":[-100.31530380249023,25.680445997402497]}},{"type":"Feature","id":"bcf55282-de6d-45e3-93af-fc0d670be99f","properties":{"stationUuid":"bcf55282-de6d-45e3-93af-fc0d670be99f","name":" LA GRAN D 1050 (Mexicali) - 1050 AM - XED-AM - Radio Cadena Enciso - Mexicali, Baja California","country":"Mexico","countryCode":"MX","language":"spanish","freqLabel":null,"streamUrl":"https://edge.mixlr.com/channel/lcezl","codec":"MP3","votes":6},"geometry":{"type":"Point","coordinates":[-115.45300483703616,32.626041129476945]}},{"type":"Feature","id":"ecac6605-7079-430c-aeae-d68413118136","properties":{"stationUuid":"ecac6605-7079-430c-aeae-d68413118136","name":" LA GRUPERA (Puebla) - 89.3 FM - XHNP-FM - Cinco Radio - Puebla, Puebla","country":"Mexico","countryCode":"MX","language":"spanish","freqLabel":"89.3 FM","streamUrl":"https://stream.zeno.fm/zpd5he3sz7zuv","codec":"MP3","votes":2},"geometry":{"type":"Point","coordinates":[-98.19798946380617,19.044980785531088]}},{"type":"Feature","id":"d1905d7d-2722-4b18-af4b-2594fa932430","properties":{"stationUuid":"d1905d7d-2722-4b18-af4b-2594fa932430","name":" LA GRUPERA 89.3 (Puebla) - 89.3 FM - XHNP-FM - Cinco Radio - Puebla, Puebla","country":"Mexico","countryCode":"MX","language":"spanish","freqLabel":"89.3 FM","streamUrl":"https://stream.zeno.fm/zpd5he3sz7zuv","codec":"MP3","votes":18},"geometry":{"type":"Point","coordinates":[-98.19743156433108,19.04536743237843]}},{"type":"Feature","id":"1034c71f-84c0-4a2f-88c8-cbd3bafd4951","properties":{"stationUuid":"1034c71f-84c0-4a2f-88c8-cbd3bafd4951","name":" LA GUADALUPANA 101.7 (Chetumal) - 101.7 FM - XHROOC-FM - Grupo SIPSE Radio - Chetumal, Quintana Roo","country":"Mexico","countryCode":"MX","language":"spanish","freqLabel":"101.7 FM","streamUrl":"https://cast4.asurahosting.com/proxy/lavozdeq/stream","codec":"AAC","votes":1},"geometry":{"type":"Point","coordinates":[-88.29480171203615,18.50317671481335]}},{"type":"Feature","id":"9de9b378-42a7-40d6-a012-c443b2d7b504","properties":{"stationUuid":"9de9b378-42a7-40d6-a012-c443b2d7b504","name":" LA HR 1090 (Puebla) - 1090 AM - XEHR-AM - Cinco Radio - Puebla, Puebla","country":"Mexico","countryCode":"MX","language":"spanish","freqLabel":null,"streamUrl":"https://sg.centrocibernetico.com/lahr1090am","codec":"MP3","votes":2},"geometry":{"type":"Point","coordinates":[-98.19734573364258,19.046465250976414]}},{"type":"Feature","id":"6b4ae1a2-323d-414c-aaf3-5421c8c9fe45","properties":{"stationUuid":"6b4ae1a2-323d-414c-aaf3-5421c8c9fe45","name":" LA HUASTECA 90.5 (Tantoyuca) - 90.5 FM - XHTI-FM - Grupo AS Comunicación - Tantoyuca, Veracruz","country":"Mexico","countryCode":"MX","language":"spanish","freqLabel":"90.5 FM","streamUrl":"https://stream.zeno.fm/l7kg7tzzq44vv","codec":"MP3","votes":2},"geometry":{"type":"Point","coordinates":[-98.22558403015135,21.352022714089895]}},{"type":"Feature","id":"752fc965-0574-46dd-859d-c4d126e822dd","properties":{"stationUuid":"752fc965-0574-46dd-859d-c4d126e822dd","name":" LA HZ 105.5 (La Paz) - 105.5 FM - XHHZ-FM - Promomedios California - La Paz, Baja California","country":"Mexico","countryCode":"MX","language":"spanish","freqLabel":"105.5 FM","streamUrl":"https://stream.zeno.fm/y8uxwx3je0nvv","codec":"AAC","votes":2},"geometry":{"type":"Point","coordinates":[-110.31552314758302,24.16363300815872]}},{"type":"Feature","id":"68fbb0e1-6084-45c9-87be-2d88979b7703","properties":{"stationUuid":"68fbb0e1-6084-45c9-87be-2d88979b7703","name":" LA INVASORA 88.9 (Perote) - 88.9 FM - XHBE-FM - Molina Comunicaciones - Perote, Veracruz","country":"Mexico","countryCode":"MX","language":"spanish","freqLabel":"88.9 FM","streamUrl":"https://sp2.servidorrprivado.com/8244/stream;","codec":"MP3","votes":2},"geometry":{"type":"Point","coordinates":[-97.24350929260255,19.56250204158835]}},{"type":"Feature","id":"f54a6eb8-8d3d-4753-bd18-a7d323112906","properties":{"stationUuid":"f54a6eb8-8d3d-4753-bd18-a7d323112906","name":" LA JL 99.3 (Guamúchil) - 99.3 FM - XHJL-FM - Grupo Chávez Radio - Guamuchil, Sinaloa","country":"Mexico","countryCode":"MX","language":"spanish","freqLabel":"99.3 FM","streamUrl":"https://noticieroaltavoz.com:8443/listen/la_jl_(99.3)/radio.mp3","codec":"MP3","votes":3},"geometry":{"type":"Point","coordinates":[-108.07568550109865,25.459358467815218]}},{"type":"Feature","id":"de285c7b-3640-49a0-a1c4-8084758ccc0d","properties":{"stationUuid":"de285c7b-3640-49a0-a1c4-8084758ccc0d","name":" LA KALIENTE 102.9 (Aguascalientes) - 102.9 FM - XHEY-FM - Grupo Radiofónico ZER - Aguascalientes, Aguascalientes","country":"Mexico","countryCode":"MX","language":"spanish","freqLabel":"102.9 FM","streamUrl":"https://cast.zuperdns.net/8024/stream/","codec":"MP3","votes":7},"geometry":{"type":"Point","coordinates":[-102.29627609252933,21.88181513860397]}},{"type":"Feature","id":"b7cd0234-4745-424b-aea0-0f6efacc863e","properties":{"stationUuid":"b7cd0234-4745-424b-aea0-0f6efacc863e","name":" LA KEBUENA 100.1 (Tuxtla) - 100.1 FM - XHUD-FM - Radio Núcleo - Tuxtla Gutiérrez, Chiapas","country":"Mexico","countryCode":"MX","language":"spanish","freqLabel":"100.1 FM","streamUrl":"https://stream.freepi.io/8306/live","codec":"MP3","votes":27},"geometry":{"type":"Point","coordinates":[-93.11625480651855,16.756347507707144]}},{"type":"Feature","id":"84e17f57-7abd-4d64-baeb-cf1ae5da2420","properties":{"stationUuid":"84e17f57-7abd-4d64-baeb-cf1ae5da2420","name":" LA KEBUENA 103.9 (San Andrés Tuxtla) - 103.9 FM - XHDQ-FM - Quatro Media - San Andrés Tuxtla, Veracruz","country":"Mexico","countryCode":"MX","language":"spanish","freqLabel":"103.9 FM","streamUrl":"https://streaming.servicioswebmx.com/8146/stream","codec":"MP3","votes":1},"geometry":{"type":"Point","coordinates":[-95.21365642547607,18.447594840398622]}},{"type":"Feature","id":"cdaf9780-0b5c-4ed7-ad78-3735a0f892a7","properties":{"stationUuid":"cdaf9780-0b5c-4ed7-ad78-3735a0f892a7","name":" LA KEBUENA 89.3 (Villahermosa) - 89.3 FM - XHQQQ-FM - Radio Núcleo - Villahermosa, Tabasco","country":"Mexico","countryCode":"MX","language":"spanish","freqLabel":"89.3 FM","streamUrl":"https://stream.freepi.io:8328/live","codec":"MP3","votes":5},"geometry":{"type":"Point","coordinates":[-92.93652534484865,17.99012401388711]}},{"type":"Feature","id":"f84b1cd9-9106-4f8d-9647-ce2f971db713","properties":{"stationUuid":"f84b1cd9-9106-4f8d-9647-ce2f971db713","name":" LA KEBUENA 89.7 (Oaxaca) - 89.7 FM - XHOCA-FM - Grupo Radio Cañón - Oaxaca, Oaxaca","country":"Mexico","countryCode":"MX","language":"spanish","freqLabel":"89.7 FM","streamUrl":"https://streaming.servicioswebmx.com/8270/stream","codec":"MP3","votes":8},"geometry":{"type":"Point","coordinates":[-96.72509193420412,17.062489936245928]}},{"type":"Feature","id":"93d206ad-e50d-4208-842e-c33f84cd2393","properties":{"stationUuid":"93d206ad-e50d-4208-842e-c33f84cd2393","name":" LA KEBUENA 90.9 (Mérida) - 90.9 FM - XHMQM-FM - Cadena RASA - Mérida, Yucatán","country":"Mexico","countryCode":"MX","language":"spanish","freqLabel":"90.9 FM","streamUrl":"https://stream.zeno.fm/2pz1hwmc4p8uv","codec":"MP3","votes":2},"geometry":{"type":"Point","coordinates":[-89.62217330932619,20.96905873009439]}},{"type":"Feature","id":"df58a437-0649-40b9-abcf-805ca677ef7a","properties":{"stationUuid":"df58a437-0649-40b9-abcf-805ca677ef7a","name":" LA KEBUENA 93.9 (Acayucan) - 93.9 FM - XHEVZ-FM - Acayucan, Veracruz","country":"Mexico","countryCode":"MX","language":"spanish","freqLabel":"93.9 FM","streamUrl":"https://secure.radiorama.mx:2170/","codec":"MP3","votes":14},"geometry":{"type":"Point","coordinates":[-94.91440773010255,17.949955317663385]}},{"type":"Feature","id":"c7c9d088-44a9-4120-b823-2383eccebdea","properties":{"stationUuid":"c7c9d088-44a9-4120-b823-2383eccebdea","name":" LA KEBUENA 94.3 (Apatzingán) - 94.3 FM - XHCJ-FM - Cadena RASA - Apatzingán, Michoacán","country":"Mexico","countryCode":"MX","language":"spanish","freqLabel":"94.3 FM","streamUrl":"https://stream-282.surfernetwork.com/s1ay1szrzv8uv?zt=eyJhbGciOiJIUzI1NiJ9.eyJzdHJlYW0iOiJzMWF5MXN6cnp2OHV2IiwiaG9zdCI6InN0cmVhbS0yODIuc3VyZmVybmV0d29yay5jb20iLCJ0bSI6ZmFsc2UsInJ0dGwiOjUsImp0aSI6IloyZ2JKckRPVFMyWGlkLVVUdUlhamciLCJpYXQiOjE3ODk5Mjg3NjMsImV4cCI6MTc4OTkyODgyM30.nOmrUtudth-m6Ozlue6aR3-r4K8L-L_eDDjx3RgiAAI","codec":"MP3","votes":3},"geometry":{"type":"Point","coordinates":[-102.35532760620116,19.091892848128932]}},{"type":"Feature","id":"277ce438-620c-4028-ae65-a90aae0fe28d","properties":{"stationUuid":"277ce438-620c-4028-ae65-a90aae0fe28d","name":" LA KEBUENA 95.5 (Colima) - 95.5 FM - XHCMM-FM - 95.5 FM - Luna Medios - Coalcomán, Michoacán","country":"Mexico","countryCode":"MX","language":"spanish","freqLabel":"95.5 FM","streamUrl":"https://radios.lunamedios.mx:8308/;","codec":"MP3","votes":18},"geometry":{"type":"Point","coordinates":[-103.16136360168458,18.77969089312432]}},{"type":"Feature","id":"541df4a7-b41c-40d7-a9c7-3c0fa6bc0f03","properties":{"stationUuid":"541df4a7-b41c-40d7-a9c7-3c0fa6bc0f03","name":" LA KEBUENA 95.5 (Potrero del Llano) - 95.5 FM - XHCCCO-FM - Grupo Radio Cañón - Potrero del Llano, Veracruz","country":"Mexico","countryCode":"MX","language":"spanish","freqLabel":"95.5 FM","streamUrl":"https://streaming.servicioswebmx.com/8208/stream","codec":"MP3","votes":3},"geometry":{"type":"Point","coordinates":[-97.73160696029665,21.078123852038075]}},{"type":"Feature","id":"aa1dd973-020c-4783-a191-d12004994287","properties":{"stationUuid":"aa1dd973-020c-4783-a191-d12004994287","name":" LA KEBUENA 96.1 (Taxco) - 96.1 FM - XHXC-FM - Grupo Radio Cañón - Taxco, Guerrero","country":"Mexico","countryCode":"MX","language":"spanish","freqLabel":"96.1 FM","streamUrl":"https://streaming.servicioswebmx.com/8288/stream","codec":"MP3","votes":2},"geometry":{"type":"Point","coordinates":[-99.60537672042848,18.556916768959788]}},{"type":"Feature","id":"737287e1-22ae-48ce-9154-e2ca88de9d5b","properties":{"stationUuid":"737287e1-22ae-48ce-9154-e2ca88de9d5b","name":" LA KEBUENA 98.5 (Acapulco) - 98.5 FM - XHMAR-FM - Grupo Radio Cañón - Acapulco, Guerrero","country":"Mexico","countryCode":"MX","language":"spanish","freqLabel":"98.5 FM","streamUrl":"https://streaming.servicioswebmx.com/8252/stream","codec":"MP3","votes":1},"geometry":{"type":"Point","coordinates":[-99.8939609527588,16.869730692268178]}},{"type":"Feature","id":"81e32ede-cd01-4edb-b899-246c10b88a04","properties":{"stationUuid":"81e32ede-cd01-4edb-b899-246c10b88a04","name":" LA LIDER 99.1 (Ameca) - 99.1 FM - XHED-FM - Ameca, Jalisco","country":"Mexico","countryCode":"MX","language":"spanish","freqLabel":"99.1 FM","streamUrl":"https://sp3.servidorrprivado.com:10865/stream","codec":"MP3","votes":3},"geometry":{"type":"Point","coordinates":[-104.04662132263184,20.550792695867447]}},{"type":"Feature","id":"b3c0ce2b-8657-4470-9ea5-7ec753af0fbd","properties":{"stationUuid":"b3c0ce2b-8657-4470-9ea5-7ec753af0fbd","name":" LA LUPE 100.9 (Xalapa) - 100.9 FM - XHALAPA-FM - Multimedios Radio - Xalapa, Veracruz","country":"Mexico","countryCode":"MX","language":"spanish","freqLabel":"100.9 FM","streamUrl":"https://mdstrm.com/audio/672cf91376b5a6eeae594b58/icecast.audio","codec":"AAC","votes":2},"geometry":{"type":"Point","coordinates":[-96.91563606262208,19.543090569803848]}},{"type":"Feature","id":"b900ad4f-2ff1-4009-a495-b18120e0d95e","properties":{"stationUuid":"b900ad4f-2ff1-4009-a495-b18120e0d95e","name":" LA LUPE 104.9 (San Luis Potosí) - 104.9 FM - XHCZ-FM - Multimedios Radio - San Luis Potosí, San Luis Potosí","country":"Mexico","countryCode":"MX","language":"spanish","freqLabel":"104.9 FM","streamUrl":"https://mdstrm.com/audio/6737a424ecba1df74a06e49e/icecast.audio","codec":"AAC","votes":5},"geometry":{"type":"Point","coordinates":[-100.97474098205568,22.15377300873668]}},{"type":"Feature","id":"9b2e5f65-ba74-4b1f-9aed-78b7dc4eaaba","properties":{"stationUuid":"9b2e5f65-ba74-4b1f-9aed-78b7dc4eaaba","name":" LA LUPE 105.3 (MTY) - 105.3 FM - XHLUPE-FM - Multimedios Radio - Monterrey, Nuevo León","country":"Mexico","countryCode":"MX","language":"spanish","freqLabel":"105.3 FM","streamUrl":"https://mmradio-lb.mmlabs.mx/xhlupefm","codec":"AAC","votes":7},"geometry":{"type":"Point","coordinates":[-100.31573295593265,25.68141048571951]}},{"type":"Feature","id":"bfb6619e-6a6a-4686-82fc-c8d8d3fc8d7c","properties":{"stationUuid":"bfb6619e-6a6a-4686-82fc-c8d8d3fc8d7c","name":" LA LUPE 105.7 (Veracruz) - 105.7 FM - XHPUGC-FM - Multimedios Radio - Veracruz, Veracruz","country":"Mexico","countryCode":"MX","language":"spanish","freqLabel":"105.7 FM","streamUrl":"https://mdstrm.com/audio/67378a1158fddafa2d92caf9/live.m3u8","codec":"AAC","votes":20},"geometry":{"type":"Point","coordinates":[-96.3197994232178,19.322445214221293]}},{"type":"Feature","id":"e254539e-0579-40b2-b571-199b556e3cea","properties":{"stationUuid":"e254539e-0579-40b2-b571-199b556e3cea","name":" LA LUPE 88.3 (Tepic) - 88.3 FM - XHPCTN-FM - Multimedios Radio - Tepic, Nayarit","country":"Mexico","countryCode":"MX","language":"spanish","freqLabel":"88.3 FM","streamUrl":"https://mdstrm.com/audio/672cfce4fdabb2c0423a9937/icecast.audio","codec":"AAC","votes":5},"geometry":{"type":"Point","coordinates":[-104.89110946655276,21.513054246432876]}},{"type":"Feature","id":"ab9eeceb-54c4-484e-bff9-edf446c0ef9c","properties":{"stationUuid":"ab9eeceb-54c4-484e-bff9-edf446c0ef9c","name":" LA LUPE 89.5 (Fortín) - 89.5 FM - XHFTI-FM - Multimedios Radio - Fortín de las Flores, Veracruz","country":"Mexico","countryCode":"MX","language":"spanish","freqLabel":"89.5 FM","streamUrl":"https://mdstrm.com/audio/672cec266ac145ede1027a7b/icecast.audio","codec":"AAC","votes":14},"geometry":{"type":"Point","coordinates":[-96.99807643890382,18.90123298169425]}},{"type":"Feature","id":"543a9fde-1463-46dc-8643-c93998b6ad77","properties":{"stationUuid":"543a9fde-1463-46dc-8643-c93998b6ad77","name":" LA LUPE 94.7 (Ensenada) - 94.7 FM - XHPENS-FM - Multimedios Radio - Ensenada, Baja California","country":"Mexico","countryCode":"MX","language":"spanish","freqLabel":"94.7 FM","streamUrl":"https://mdstrm.com/audio/672ce72c8997d8ee6a17c240/icecast.audio","codec":"AAC","votes":1},"geometry":{"type":"Point","coordinates":[-116.60262107849124,31.867318927546876]}},{"type":"Feature","id":"bc5ad5df-c120-4ddb-8c09-431356c4cee8","properties":{"stationUuid":"bc5ad5df-c120-4ddb-8c09-431356c4cee8","name":" LA LUPE 99.9 (GDL) - 99.9 FM - XHKB-FM - Multimedios Radio - Guadalajara, Jalisco","country":"Mexico","countryCode":"MX","language":"spanish","freqLabel":"99.9 FM","streamUrl":"https://mdstrm.com/audio/6737875eb61ca2fa731a2891/icecast.audio","codec":"AAC","votes":5},"geometry":{"type":"Point","coordinates":[-103.33765983581544,20.67274336730612]}},{"type":"Feature","id":"11cd3dfa-cd5d-40ef-ac91-328abb11b81d","properties":{"stationUuid":"11cd3dfa-cd5d-40ef-ac91-328abb11b81d","name":" LA LUPE 99.9 (Torreón) - 99.9 FM - XHETOR-FM - Multimedios Radio - Torreón, Coahuila","country":"Mexico","countryCode":"MX","language":"spanish","freqLabel":"99.9 FM","streamUrl":"https://mdstrm.com/audio/672cf292e81d90ed336e1e86/icecast.audio","codec":"AAC","votes":2},"geometry":{"type":"Point","coordinates":[-103.40967178344728,25.544537229284064]}},{"type":"Feature","id":"327bec0f-54ec-4b2f-a996-1f291a69102b","properties":{"stationUuid":"327bec0f-54ec-4b2f-a996-1f291a69102b","name":" LA MAGNÍFICA 95.5 (Puebla) - 95.5 FM - XHZT-FM - Tribuna Comunicación - Puebla, Puebla","country":"Mexico","countryCode":"MX","language":"spanish","freqLabel":"95.5 FM","streamUrl":"https://stream.zeno.fm/zskjbd7n200tv","codec":"AAC","votes":7},"geometry":{"type":"Point","coordinates":[-98.19897651672365,19.04552969701654]}},{"type":"Feature","id":"8acc9896-60f3-47ef-8295-6189758d16be","properties":{"stationUuid":"8acc9896-60f3-47ef-8295-6189758d16be","name":" LA MAGNÍFICA 99.9 (Atlixco) - 99.9 FM - XHEV-FM - Tribuna Comunicación - Atlixco, Puebla","country":"Mexico","countryCode":"MX","language":"spanish","freqLabel":"99.9 FM","streamUrl":"https://stream-290.surfernetwork.com/u2vpn3hh5pkvv?zt=eyJhbGciOiJIUzI1NiJ9.eyJzdHJlYW0iOiJ1MnZwbjNoaDVwa3Z2IiwiaG9zdCI6InN0cmVhbS0yOTAuc3VyZmVybmV0d29yay5jb20iLCJ0bSI6ZmFsc2UsInJ0dGwiOjUsImp0aSI6IjV6cHluSThEVFphV2dVeEtWMHdXMkEiLCJpYXQiOjE3ODk5NzA4NjgsImV4cCI6MTc4OTk3MDkyOH0.Ew36MYidyGEGwbPmfpT_-FIEUbv58GV-uHARqPzFTqs","codec":"AAC","votes":1},"geometry":{"type":"Point","coordinates":[-98.43801498413087,18.909458345009895]}},{"type":"Feature","id":"9e14aa38-a08b-4e1b-8bd9-37b0a1ac4f9a","properties":{"stationUuid":"9e14aa38-a08b-4e1b-8bd9-37b0a1ac4f9a","name":" LA MÁQUINA 97.7 (Xalapa) - 97.7 FM - XHOT-FM - AvanRadio - Xalapa, Veracruz","country":"Mexico","countryCode":"MX","language":"spanish","freqLabel":"97.7 FM","streamUrl":"https://cast3.my-control-panel.com/proxy/xhot","codec":"MP3","votes":1},"geometry":{"type":"Point","coordinates":[-96.9137477874756,19.54147284174222]}},{"type":"Feature","id":"f0acc645-a6de-4efa-9e4c-4c787d834acc","properties":{"stationUuid":"f0acc645-a6de-4efa-9e4c-4c787d834acc","name":" LA MAS PELIGROSA 1370 (Huamantla) - 1370 AM - XECCBI-AM - La Más Peligrosa Radio - Huamantla, Tlaxcala","country":"Mexico","countryCode":"MX","language":"spanish","freqLabel":null,"streamUrl":"https://stream.zeno.fm/ktezveaxxjzvv","codec":"MP3","votes":1},"geometry":{"type":"Point","coordinates":[-97.92264461517334,19.31395940090337]}},{"type":"Feature","id":"4c7727f5-e3d8-488e-82d1-6861c0d60d1f","properties":{"stationUuid":"4c7727f5-e3d8-488e-82d1-6861c0d60d1f","name":" LA MÁS PICUDA 104.7 (Parral) - 104.7 FM - XHEHB-FM - Radiorama Parral - Hidalgo del Parral, Chihuahua","country":"Mexico","countryCode":"MX","language":"spanish","freqLabel":"104.7 FM","streamUrl":"https://stream-288.surfernetwork.com/p45k5uz5dkhvv?zt=eyJhbGciOiJIUzI1NiJ9.eyJzdHJlYW0iOiJwNDVrNXV6NWRraHZ2IiwiaG9zdCI6InN0cmVhbS0yODguc3VyZmVybmV0d29yay5jb20iLCJ0bSI6ZmFsc2UsInJ0dGwiOjUsImp0aSI6ImZqYm52dXZTVFQyaWxrU1Ztb0kxaWciLCJpYXQiOjE3ODk5NjI3NDgsImV4cCI6MTc4OTk2MjgwOH0.0btxlK1_xitANFbdZAL1Ax3PP6lNz_eqRZRwTi9Lpbs","codec":"MP3","votes":10},"geometry":{"type":"Point","coordinates":[-105.69491386413576,26.936573551621272]}},{"type":"Feature","id":"b1fca23d-33f8-44fb-a5e5-7b617f67de3c","properties":{"stationUuid":"b1fca23d-33f8-44fb-a5e5-7b617f67de3c","name":" LA MAXI 102.5 (Los Mochis) - 102.5 FM - XHMAX-FM - Grupo Chávez Radio - Los Mochis, Sinaloa","country":"Mexico","countryCode":"MX","language":"spanish","freqLabel":"102.5 FM","streamUrl":"https://noticieroaltavoz.com:8443/listen/la_maxi_(102.5)/radio.mp3","codec":"MP3","votes":2},"geometry":{"type":"Point","coordinates":[-108.99046897888184,25.79367279222385]}},{"type":"Feature","id":"6ad732ff-1ab7-46d0-9745-6feb70b6e89c","properties":{"stationUuid":"6ad732ff-1ab7-46d0-9745-6feb70b6e89c","name":" LA MAXI 92.1 (Guamúchil) - 92.1 FM - XHGML-FM - Grupo Chávez Radio - Guamuchil, Sinaloa","country":"Mexico","countryCode":"MX","language":"spanish","freqLabel":"92.1 FM","streamUrl":"https://noticieroaltavoz.com:8443/listen/la_maxi_gml_(92.1)/radio.mp3","codec":"MP3","votes":2},"geometry":{"type":"Point","coordinates":[-108.07469844818117,25.458214189821767]}},{"type":"Feature","id":"d3f11f55-3c39-42b8-9f3e-4187be9a6313","properties":{"stationUuid":"d3f11f55-3c39-42b8-9f3e-4187be9a6313","name":" LA MEGA 106.1 (Agua Dulce) - 106.1 FM - XHSCID-FM - Comunicación Hidromila - Agua Dulce, Veracruz","country":"Mexico","countryCode":"MX","language":"spanish","freqLabel":"106.1 FM","streamUrl":"https://stream.zeno.fm/mxi4pryyw4pvv","codec":"MP3","votes":35},"geometry":{"type":"Point","coordinates":[-94.14729595184328,18.13800252222248]}},{"type":"Feature","id":"cd3787aa-d1d6-44e5-98db-767bce9fe284","properties":{"stationUuid":"cd3787aa-d1d6-44e5-98db-767bce9fe284","name":" LA MEJOR 540 (Los Mochis) - 540 AM - XEHS-AM - Grupo RSN - Los Mochis, Sinaloa","country":"Mexico","countryCode":"MX","language":"spanish","freqLabel":null,"streamUrl":"https://a6.asurahosting.com:7920/stream","codec":"MP3","votes":14},"geometry":{"type":"Point","coordinates":[-108.99046897888184,25.794600137854445]}},{"type":"Feature","id":"e05e9415-94cd-46ec-afcd-356c040b3f18","properties":{"stationUuid":"e05e9415-94cd-46ec-afcd-356c040b3f18","name":" LA MEXICANA 104.9 (Ciudad Guzmán) - 104.9 FM - XHMEX-FM - Ciudad Guzmán, Jalisco","country":"Mexico","countryCode":"MX","language":"spanish","freqLabel":"104.9 FM","streamUrl":"https://stream.zeno.fm/drhfmwa3w2quv","codec":"MP3","votes":3},"geometry":{"type":"Point","coordinates":[-103.46726417541504,19.701225867411576]}},{"type":"Feature","id":"333494f9-2dad-4e03-a343-f226c1da40bd","properties":{"stationUuid":"333494f9-2dad-4e03-a343-f226c1da40bd","name":" LA MEXICANA 570 (Oaxaca) - 570 AM - XHEOA-FM - Grupo AS Comunicación - Oaxaca, Oaxaca","country":"Mexico","countryCode":"MX","language":"spanish","freqLabel":"570 FM","streamUrl":"https://stream.zeno.fm/0foxzyrupdutv","codec":"MP3","votes":35},"geometry":{"type":"Point","coordinates":[-96.72509193420412,17.06298225286101]}},{"type":"Feature","id":"54818969-2939-4f59-8aeb-e80f054adda6","properties":{"stationUuid":"54818969-2939-4f59-8aeb-e80f054adda6","name":" LA MORRITA 95.3 (El Fuerte) - 95.3 FM - XHPFRT-FM - Luz Network - El Fuerte, Sinaloa","country":"Mexico","countryCode":"MX","language":"spanish","freqLabel":"95.3 FM","streamUrl":"https://audiostreaming.luz.network/stream/5/","codec":"MP3","votes":6},"geometry":{"type":"Point","coordinates":[-108.61744880676272,26.417356628324647]}},{"type":"Feature","id":"ab44d391-878e-4f5f-85fd-4cfc1925c04b","properties":{"stationUuid":"ab44d391-878e-4f5f-85fd-4cfc1925c04b","name":" LA NETA 102.5 (Xalapa) - 102.5 FM - XHJA-FM - AvanRadio - Xalapa, Veracruz","country":"Mexico","countryCode":"MX","language":"spanish","freqLabel":"102.5 FM","streamUrl":"https://cast3.my-control-panel.com/proxy/xeja?mp=/stream","codec":"MP3","votes":1},"geometry":{"type":"Point","coordinates":[-96.91460609436037,19.54147284174222]}},{"type":"Feature","id":"4e771fb1-5b1d-40f5-a33d-4dbbf8d34afa","properties":{"stationUuid":"4e771fb1-5b1d-40f5-a33d-4dbbf8d34afa","name":" LA PATRONA 91.1 (Guachochi) - 91.1 FM - XHPGUA-FM - Grupo Bustillos Radio - Guachochi, Chihuahua","country":"Mexico","countryCode":"MX","language":"spanish","freqLabel":"91.1 FM","streamUrl":"https://streamingcwsradio30.com/8132/stream","codec":"MP3","votes":3},"geometry":{"type":"Point","coordinates":[-107.0738697052002,26.82051145110445]}},{"type":"Feature","id":"588d1262-47b9-4b44-9fd7-eb2ca0ffe1ff","properties":{"stationUuid":"588d1262-47b9-4b44-9fd7-eb2ca0ffe1ff","name":" LA PATRONA 92.7 (Guachochi) - 92.7 FM - XHPCHO-FM - Grupo Bustillos Radio - Guachochi, Chihuahua","country":"Mexico","countryCode":"MX","language":"spanish","freqLabel":"92.7 FM","streamUrl":"https://streamingcwsradio30.com/8132/stream","codec":"MP3","votes":13},"geometry":{"type":"Point","coordinates":[-107.07425594329835,26.819993220659388]}},{"type":"Feature","id":"a1abad0d-3b04-477d-bf72-139da17f951e","properties":{"stationUuid":"a1abad0d-3b04-477d-bf72-139da17f951e","name":" LA PATRONA 94.5 (Santiago) - 94.5 FM - XHSI-FM - Alica Medios - Santiago Ixcuintla, Nayarit","country":"Mexico","countryCode":"MX","language":"spanish","freqLabel":"94.5 FM","streamUrl":"https://tv.radiohosting.online:8140/stream","codec":"MP3","votes":20},"geometry":{"type":"Point","coordinates":[-105.207781791687,21.813119277470875]}},{"type":"Feature","id":"925a6e17-5750-4e9a-9c7d-6fcc515a3356","properties":{"stationUuid":"925a6e17-5750-4e9a-9c7d-6fcc515a3356","name":" LA PATRONA 99.5 (Guaymas) - 99.5 FM - XHDR-FM - Grupo Radio Guaymas - Guaymas, Sonora","country":"Mexico","countryCode":"MX","language":"spanish","freqLabel":"99.5 FM","streamUrl":"https://sp5.servidorrprivado.com/8066/stream","codec":"MP3","votes":1},"geometry":{"type":"Point","coordinates":[-110.9026908874512,27.92488621934777]}},{"type":"Feature","id":"a0856d98-9926-4a2d-8d98-437b3b52d976","properties":{"stationUuid":"a0856d98-9926-4a2d-8d98-437b3b52d976","name":" LA PERRONA 92.5 (Irapuato) - 92.5 FM - XHSAG-FM - Grupo El Salmantino - Irapuato, Guanajuato","country":"Mexico","countryCode":"MX","language":"spanish","freqLabel":"92.5 FM","streamUrl":"https://streaming.shoutcast.com/laperrona","codec":"MP3","votes":6},"geometry":{"type":"Point","coordinates":[-101.32947921752933,20.66483570439608]}},{"type":"Feature","id":"73e947c7-7966-4ba8-93d9-c5371f7a18c1","properties":{"stationUuid":"73e947c7-7966-4ba8-93d9-c5371f7a18c1","name":" LA PLAKOSA 95.3 (Culiacán) - 95.3 FM - XHIN-FM - TM Medios / Radiorama Sinaloa - Culiacán, Sinaloa","country":"Mexico","countryCode":"MX","language":"spanish","freqLabel":"95.3 FM","streamUrl":"https://stream.zeno.fm/202c8kg9d78uv","codec":"MP3","votes":4},"geometry":{"type":"Point","coordinates":[-107.39298820495608,24.798230160587995]}},{"type":"Feature","id":"28b94696-cc6d-439b-913c-bbec9e46fca7","properties":{"stationUuid":"28b94696-cc6d-439b-913c-bbec9e46fca7","name":" LA PODEROSA 100.1 (Oaxaca) - 100.1 FM - XHOQ-FM - Grupo AS Comunicación - Oaxaca, Oaxaca","country":"Mexico","countryCode":"MX","language":"spanish","freqLabel":"100.1 FM","streamUrl":"https://stream.zeno.fm/yg63h9ekvjhvv","codec":"MP3","votes":5},"geometry":{"type":"Point","coordinates":[-96.72526359558108,17.061177085591556]}},{"type":"Feature","id":"c36408ce-5296-42bb-b6f1-1c9caed61dd7","properties":{"stationUuid":"c36408ce-5296-42bb-b6f1-1c9caed61dd7","name":" LA PODEROSA 100.7 (Tonalá) - 100.7 FM - XHCCAJ-FM - Grupo Radio Comunicación - Tonalá, Chiapas","country":"Mexico","countryCode":"MX","language":"spanish","freqLabel":"100.7 FM","streamUrl":"https://stream.freepi.io:8100/stream","codec":"MP3","votes":3},"geometry":{"type":"Point","coordinates":[-93.75449180603027,16.089982816433842]}},{"type":"Feature","id":"153435d6-859a-4bc9-a469-00b3cffea348","properties":{"stationUuid":"153435d6-859a-4bc9-a469-00b3cffea348","name":" LA PODEROSA 107.7 (Aguascalientes) - 107.7 FM - XHYZ-FM - Radiogrupo - Aguascalientes, Aguascalientes","country":"Mexico","countryCode":"MX","language":"spanish","freqLabel":"107.7 FM","streamUrl":"https://secure.radiorama.mx:2001/","codec":"MP3","votes":3},"geometry":{"type":"Point","coordinates":[-102.29700565338136,21.88083572627033]}},{"type":"Feature","id":"1d07c34a-7c4a-4ba9-974c-6307621f1f81","properties":{"stationUuid":"1d07c34a-7c4a-4ba9-974c-6307621f1f81","name":" LA PODEROSA 860 (Tijuana) - 860 AM - XEMO-AM - Uniradio - Tijuana, Baja California","country":"Mexico","countryCode":"MX","language":"spanish","freqLabel":null,"streamUrl":"https://streamingcwsradio30.com:7024/stream","codec":"MP3","votes":4},"geometry":{"type":"Point","coordinates":[-117.0234489440918,32.534300072064056]}},{"type":"Feature","id":"707bf154-ffe0-48ea-a38b-f4a4b66efba2","properties":{"stationUuid":"707bf154-ffe0-48ea-a38b-f4a4b66efba2","name":" LA PODEROSA 89.5 (Nogales) - 89.5 FM - XHCG-FM - Radiorama Sonora - Nogales, Sonora","country":"Mexico","countryCode":"MX","language":"spanish","freqLabel":"89.5 FM","streamUrl":"https://stream.freepi.io:8414/live","codec":"MP3","votes":4},"geometry":{"type":"Point","coordinates":[-110.94449043273929,31.33014460563501]}},{"type":"Feature","id":"fae06a09-8d78-48d1-be19-5380cd259820","properties":{"stationUuid":"fae06a09-8d78-48d1-be19-5380cd259820","name":" LA PODEROSA 93.1 (Tuxpan) - 93.1 FM - XHCRA-FM - Radiorama Tuxpan - Tuxpan, Veracruz","country":"Mexico","countryCode":"MX","language":"spanish","freqLabel":"93.1 FM","streamUrl":"https://stream.zeno.fm/qwmf9kf0fkhvv","codec":"MP3","votes":57},"geometry":{"type":"Point","coordinates":[-97.40349769592288,20.953066153680325]}},{"type":"Feature","id":"d4508511-6486-45a2-9113-b6bb83271745","properties":{"stationUuid":"d4508511-6486-45a2-9113-b6bb83271745","name":" LA PRIMERA 101.7 (Ojinaga) - 101.7 FM - XHOG-FM - Grupo BM Radio - Ojinaga, Chihuahua","country":"Mexico","countryCode":"MX","language":"spanish","freqLabel":"101.7 FM","streamUrl":"https://stream.zeno.fm/069xrm8ub84tv","codec":"MP3","votes":1},"geometry":{"type":"Point","coordinates":[-104.41698074340822,29.545613831551492]}},{"type":"Feature","id":"05a3620c-afae-4f52-9726-fdc6333ae765","properties":{"stationUuid":"05a3620c-afae-4f52-9726-fdc6333ae765","name":" LA Q 820 (GDL) - 820 AM - XEBA-AM - Grupo Radio Cañón - Guadalajara, Jalisco","country":"Mexico","countryCode":"MX","language":"spanish","freqLabel":null,"streamUrl":"https://streaming.servicioswebmx.com/8266/stream","codec":"MP3","votes":3},"geometry":{"type":"Point","coordinates":[-96.91615104675294,19.54163461527795]}},{"type":"Feature","id":"0f1b12ea-0e47-49a8-8398-b4cdb61ae119","properties":{"stationUuid":"0f1b12ea-0e47-49a8-8398-b4cdb61ae119","name":" LA RADIO DE SUDCALIFORNIA 99.1 (La Paz) - 99.1 FM - XHBCP-FM - Instituto Estatal de Radio y Televisión de Baja California Sur - La Paz, Baja California Sur","country":"Mexico","countryCode":"MX","language":"spanish","freqLabel":"99.1 FM","streamUrl":"https://stream.zeno.fm/z4yhsevc998uv","codec":"MP3","votes":5},"geometry":{"type":"Point","coordinates":[-110.31552314758302,24.16238003859012]}},{"type":"Feature","id":"587f024f-c622-49e6-a597-555cd7fc5c19","properties":{"stationUuid":"587f024f-c622-49e6-a597-555cd7fc5c19","name":" LA RADIO DE SUDCALIFORNIA 99.1 (Los Cabos) - 99.1 FM - XHLUC-FM - Instituto Estatal de Radio y Televisión de Baja California Sur - Cabo San Lucas, Baja California Sur","country":"Mexico","countryCode":"MX","language":"spanish","freqLabel":"99.1 FM","streamUrl":"https://stream.zeno.fm/69hk1a8x5rhvv","codec":"MP3","votes":1},"geometry":{"type":"Point","coordinates":[-109.91907119750978,22.896344001169563]}},{"type":"Feature","id":"2126c270-f8eb-4dd3-8599-72f9164f8235","properties":{"stationUuid":"2126c270-f8eb-4dd3-8599-72f9164f8235","name":" LA RANCHERA 106.1 (Aguascalientes) - 106.1 FM - XHLTZ-FM - Grupo Radiofónico ZER - Aguascalientes, Aguascalientes","country":"Mexico","countryCode":"MX","language":"spanish","freqLabel":"106.1 FM","streamUrl":"https://cast.zuperdns.net/8022/stream/","codec":"MP3","votes":14},"geometry":{"type":"Point","coordinates":[-102.29516029357912,21.881056001294834]}},{"type":"Feature","id":"d17faed4-e490-40d5-8b34-4e66c76e34e8","properties":{"stationUuid":"d17faed4-e490-40d5-8b34-4e66c76e34e8","name":" LA RANCHERA 98.3 (Apatzingán) - 98.3 FM - XHEML-FM - Cadena RASA - Apatzingán, Michoacán","country":"Mexico","countryCode":"MX","language":"spanish","freqLabel":"98.3 FM","streamUrl":"https://stream.zeno.fm/191he4yrzv8uv","codec":"MP3","votes":9},"geometry":{"type":"Point","coordinates":[-102.35408306121828,19.09203098783983]}},{"type":"Feature","id":"5f003dad-160c-453e-b6f5-f96234fa8ec9","properties":{"stationUuid":"5f003dad-160c-453e-b6f5-f96234fa8ec9","name":" LA RANCHERA DE MONTERREY 90.1 (MTY) - 90.1 FM - XHCHL-FM - Núcleo Radio Monterrey - Monterrey, Nuevo León","country":"Mexico","countryCode":"MX","language":"spanish","freqLabel":"90.1 FM","streamUrl":"https://streamingcwsradio30.com/8236/stream","codec":"MP3","votes":7},"geometry":{"type":"Point","coordinates":[-100.31607627868654,25.68125578135227]}},{"type":"Feature","id":"aae35359-2ab6-4d38-b7a5-49950a073baf","properties":{"stationUuid":"aae35359-2ab6-4d38-b7a5-49950a073baf","name":" LA RANCHERA DE PAQUIMÉ 540 (Nuevo Casas Grandes) - 540 AM - XETX-AM - JB Multimedia - Nuevo Casas Grandes, Chihuahua","country":"Mexico","countryCode":"MX","language":"spanish","freqLabel":null,"streamUrl":"https://stream.zeno.fm/8db4bm3xa84tv","codec":"MP3","votes":25},"geometry":{"type":"Point","coordinates":[-107.90574073791504,30.418297044413137]}},{"type":"Feature","id":"a98c4370-229e-4177-bd84-72c1afb6b080","properties":{"stationUuid":"a98c4370-229e-4177-bd84-72c1afb6b080","name":" LA RANCHERITA 89.1 (Ensenada) - 89.1 FM - XHEPF-FM - Radio Cadena Enciso (RCE) - Ensenada, Baja California","country":"Mexico","countryCode":"MX","language":"spanish","freqLabel":"89.1 FM","streamUrl":"https://edge.mixlr.com/channel/caifk","codec":"MP3","votes":8},"geometry":{"type":"Point","coordinates":[-116.6056251525879,31.86757633300706]}},{"type":"Feature","id":"676e3848-76a2-4939-bb94-541e356afdfe","properties":{"stationUuid":"676e3848-76a2-4939-bb94-541e356afdfe","name":" La Rancherita 99.1 (Villahermosa) - 99.1 FM - XHVHT-FM - Grupo AS Comunicación - Villahermosa, Tabasco","country":"Mexico","countryCode":"MX","language":"spanish","freqLabel":"99.1 FM","streamUrl":"https://stream-150.zeno.fm/hhorff0ftxguv","codec":"MP3","votes":46},"geometry":{"type":"Point","coordinates":[-92.92895883321764,17.99530397573871]}},{"type":"Feature","id":"ed4aa28d-65d7-4608-b118-8e552c67ee8a","properties":{"stationUuid":"ed4aa28d-65d7-4608-b118-8e552c67ee8a","name":" LA RANCHERITA 99.1 (Villahermosa) - 99.1 FM - XHVHT-FM - Grupo AS Comunicación - Villahermosa, Tabasco","country":"Mexico","countryCode":"MX","language":"spanish","freqLabel":"99.1 FM","streamUrl":"https://stream-150.zeno.fm/hhorff0ftxguv","codec":"MP3","votes":5},"geometry":{"type":"Point","coordinates":[-92.93652534484865,17.989960744999344]}},{"type":"Feature","id":"0a6649bc-239a-4cc5-94f3-e4b73d0128f0","properties":{"stationUuid":"0a6649bc-239a-4cc5-94f3-e4b73d0128f0","name":" LA RANCHERITA DEL AIRE 580 (Piedras Negras) - 580 AM - XELRDA-AM - Piedras Negras, Coahuila","country":"Mexico","countryCode":"MX","language":"spanish","freqLabel":null,"streamUrl":"https://enlinea-r1.rancherita.com.mx/listen/rancherita_del_aire/radio.mp3","codec":"MP3","votes":112},"geometry":{"type":"Point","coordinates":[-100.51820755004884,28.70587568787092]}},{"type":"Feature","id":"34456fba-40bc-4a3b-bda5-739dafbe379e","properties":{"stationUuid":"34456fba-40bc-4a3b-bda5-739dafbe379e","name":" LA RAZA 105.1 (Hermosillo) - 105.1 FM - XHMMO-FM - Grupo RADIO SA - Hermosillo, Sonora","country":"Mexico","countryCode":"MX","language":"spanish","freqLabel":"105.1 FM","streamUrl":"https://mdstrm.com/audio/6715e0cc481f5a0e45ede939/live.m3u8","codec":"AAC","votes":2},"geometry":{"type":"Point","coordinates":[-110.96860885620116,29.096906751762496]}},{"type":"Feature","id":"9236e66b-299f-44dc-97f1-5da00051e755","properties":{"stationUuid":"9236e66b-299f-44dc-97f1-5da00051e755","name":" LA REINA DE LA SIERA 99.1 (Nacozari de García) - 99.1 FM - XHNZI-FM - Grupo Radio Guaymas - Nacozari de García, Sonora","country":"Mexico","countryCode":"MX","language":"spanish","freqLabel":"99.1 FM","streamUrl":"https://sp5.servidorrprivado.com/8064/stream","codec":"MP3","votes":9},"geometry":{"type":"Point","coordinates":[-109.69003200531009,30.375819815970083]}},{"type":"Feature","id":"6b450f6d-6c84-4708-9450-3009dd559ea6","properties":{"stationUuid":"6b450f6d-6c84-4708-9450-3009dd559ea6","name":" LA REVOLUCIONARIA 88.9 (Izúcar) - 88.9 FM - XHIZM-FM - Fundación General Francisco Hernández Domínguez, A.C. - Izúcar de Matamoros, Puebla","country":"Mexico","countryCode":"MX","language":"spanish","freqLabel":"88.9 FM","streamUrl":"https://s34.myradiostream.com/15940/listen.mp3","codec":"MP3","votes":5},"geometry":{"type":"Point","coordinates":[-98.46659660339355,18.604888639214156]}},{"type":"Feature","id":"c4064bc3-f129-4ac5-9555-003d1c3cf19b","properties":{"stationUuid":"c4064bc3-f129-4ac5-9555-003d1c3cf19b","name":" LA SABROSITA 106.7 (Ciudad Melchor Múzquiz) - 106.7 FM - XHEPQ-FM - Grupo M Radio - Ciudad Melchor Múzquiz, Coahuila","country":"Mexico","countryCode":"MX","language":"spanish","freqLabel":"106.7 FM","streamUrl":"https://cast1.my-control-panel.com/proxy/sabrosita/stream","codec":"MP3","votes":2},"geometry":{"type":"Point","coordinates":[-101.51564598083498,27.88001710062396]}},{"type":"Feature","id":"4df41f23-dd73-4c4f-bbbe-35f4acfd979a","properties":{"stationUuid":"4df41f23-dd73-4c4f-bbbe-35f4acfd979a","name":" LA SABROSITA 92.5 (Ciudad Victoria) - 92.5 FM - XHCCCN-FM - Grupo Radio Alegría - Ciudad Victoria, Tamaulipas","country":"Mexico","countryCode":"MX","language":"spanish","freqLabel":"92.5 FM","streamUrl":"https://pedro.spressweb.com:8000/radio.mp3","codec":"MP3","votes":5},"geometry":{"type":"Point","coordinates":[-99.14500236511232,23.740060795746626]}},{"type":"Feature","id":"bc9e0cd5-5189-4a1f-b506-69576404c79e","properties":{"stationUuid":"bc9e0cd5-5189-4a1f-b506-69576404c79e","name":" LA SANMARQUEÑA 100.1 (Aguascalientes) - 100.1 FM - XHARZ-FM - Grupo Radiofónico ZER - Aguascalientes, Aguascalientes","country":"Mexico","countryCode":"MX","language":"spanish","freqLabel":"100.1 FM","streamUrl":"https://cast.zuperdns.net/8028/stream/","codec":"MP3","votes":13},"geometry":{"type":"Point","coordinates":[-102.29541778564456,21.882377644299527]}},{"type":"Feature","id":"694faa1c-961f-48e3-8a6c-cb90e8c0c0c5","properties":{"stationUuid":"694faa1c-961f-48e3-8a6c-cb90e8c0c0c5","name":" LA SUPER GRUPERA 102.1 (Guaymas) - 102.1 FM - XHEPS-FM - \tGrupo Radio Guaymas - Guaymas, Sonora","country":"Mexico","countryCode":"MX","language":"spanish","freqLabel":"102.1 FM","streamUrl":"https://sp5.servidorrprivado.com/8062/stream","codec":"MP3","votes":2},"geometry":{"type":"Point","coordinates":[-110.90140342712404,27.92294999470919]}},{"type":"Feature","id":"ac3b4ba0-2b4b-4367-9204-59840101696c","properties":{"stationUuid":"ac3b4ba0-2b4b-4367-9204-59840101696c","name":" LA T GRANDE 990 (MTY) - 990 AM - XET-AM - Multimedios Radio - Monterrey, Nuevo León","country":"Mexico","countryCode":"MX","language":"spanish","freqLabel":null,"streamUrl":"https://mdstrm.com/audio/672a602bce5982a130a01a1d/icecast.audio","codec":"AAC","votes":12},"geometry":{"type":"Point","coordinates":[-100.31590461730956,25.681101076784145]}},{"type":"Feature","id":"1806fece-2214-4b42-9413-93be4912cf5f","properties":{"stationUuid":"1806fece-2214-4b42-9413-93be4912cf5f","name":" LA TAPATIA 103.5 (GDL) - 103.5 FM - XHRX-FM - Radiorama de Occidente - Guadalajara, Jalisco","country":"Mexico","countryCode":"MX","language":"spanish","freqLabel":"103.5 FM","streamUrl":"https://stream-288.surfernetwork.com/urxmpmn1qa0uv?zt=eyJhbGciOiJIUzI1NiJ9.eyJzdHJlYW0iOiJ1cnhtcG1uMXFhMHV2IiwiaG9zdCI6InN0cmVhbS0yODguc3VyZmVybmV0d29yay5jb20iLCJ0bSI6ZmFsc2UsInJ0dGwiOjUsImp0aSI6IjZSMmwtQkMxUng2MWp5T29zYzlKYUEiLCJpYXQiOjE3ODk5NTc2MzQsImV4cCI6MTc4OTk1NzY5NH0.ZNmWeQW83iEcYRE95IZvy41Dv8-xrnvNP0ySHdcQnwc","codec":"MP3","votes":97},"geometry":{"type":"Point","coordinates":[-103.33886146545412,20.67386762234893]}},{"type":"Feature","id":"e9f281c9-15af-47bd-95c8-d1d71e76a812","properties":{"stationUuid":"e9f281c9-15af-47bd-95c8-d1d71e76a812","name":" LA TREMENDA 560 (Santiago Papasquiaro) - 560 AM - XESRD-AM - Grupo Garza Limón - Santiago Papasquiaro, Durango","country":"Mexico","countryCode":"MX","language":"spanish","freqLabel":null,"streamUrl":"https://radio.latremenda.com.mx/Santiago","codec":"MP3","votes":58},"geometry":{"type":"Point","coordinates":[-105.42373180389406,25.046784891358033]}},{"type":"Feature","id":"0137c0d3-26d0-4716-a5d2-565d2a3313be","properties":{"stationUuid":"0137c0d3-26d0-4716-a5d2-565d2a3313be","name":" LA UNIKA 105.7 (Ciudad Obregón) - 105.7 FM - XHOS-FM - Radio Grupo García de León - Ciudad Obregón, Sonora","country":"Mexico","countryCode":"MX","language":"spanish","freqLabel":"105.7 FM","streamUrl":"https://streamingcwsradio30.com:7059/stream","codec":"MP3","votes":2},"geometry":{"type":"Point","coordinates":[-109.934778213501,27.485547529209946]}},{"type":"Feature","id":"b39c6794-cda8-4343-abc9-d55553b7b17a","properties":{"stationUuid":"b39c6794-cda8-4343-abc9-d55553b7b17a","name":" LA V DE VICTORIA 104.1 (Ciudad Victoria) - 104.1 FM - XHRPV-FM - ORT Radio - Ciudad Victoria, Tamaulipas","country":"Mexico","countryCode":"MX","language":"spanish","freqLabel":"104.1 FM","streamUrl":"https://cast1.my-control-panel.com/proxy/lav/stream","codec":"MP3","votes":3},"geometry":{"type":"Point","coordinates":[-99.14414405822755,23.74021793127149]}},{"type":"Feature","id":"ddb3105b-cb6c-4410-871f-3a56ad374b75","properties":{"stationUuid":"ddb3105b-cb6c-4410-871f-3a56ad374b75","name":" LA VOZ 1190 (MTY) - 1190 AM - XECT-AM - La Voz Radio / Núcleo Radio Monterrey - Monterrey, Nuevo León","country":"Mexico","countryCode":"MX","language":"spanish","freqLabel":null,"streamUrl":"https://streamingcwsradio30.com/8240/stream","codec":"MP3","votes":5},"geometry":{"type":"Point","coordinates":[-100.31453132629396,25.68171989385142]}},{"type":"Feature","id":"728b659f-ca99-41f7-a0eb-4a915fb233a7","properties":{"stationUuid":"728b659f-ca99-41f7-a0eb-4a915fb233a7","name":" LA VOZ 94.7 (Laguna) - 94.7 FM - XHTJ-FM - GPS Media / La Voz Radio - Gómez Palacio, Durango/Torreón, Coahuila","country":"Mexico","countryCode":"MX","language":"spanish","freqLabel":"94.7 FM","streamUrl":"https://stream.zeno.fm/3mlkhk5d7h0uv","codec":"MP3","votes":16},"geometry":{"type":"Point","coordinates":[-103.40967178344728,25.545156753844175]}},{"type":"Feature","id":"f58ef9f6-0941-46bb-8741-d914672a9be1","properties":{"stationUuid":"f58ef9f6-0941-46bb-8741-d914672a9be1","name":" LA VOZ DEL ANGEL 99.9 (Puerto Ángel) - 99.9 FM - XHEPX-FM - Grupo Radio Solución - Puerto Ángel, Oaxaca","country":"Mexico","countryCode":"MX","language":"spanish","freqLabel":"99.9 FM","streamUrl":"https://stream.zeno.fm/9liwkbahprctv","codec":"MP3","votes":1},"geometry":{"type":"Point","coordinates":[-96.48935794830324,15.669053692859436]}},{"type":"Feature","id":"06ca5f20-25d0-40b4-814b-409c82e79b13","properties":{"stationUuid":"06ca5f20-25d0-40b4-814b-409c82e79b13","name":" LA VOZ DEL PITIC 88.1 (Hermosillo) - 88.1 FM - XHRMO-FM - Democracia y Deliberación Desértica, A.C. - Hermosillo, Sonora","country":"Mexico","countryCode":"MX","language":"spanish","freqLabel":"88.1 FM","streamUrl":"https://s5.mexside.net:8080/stream","codec":"MP3","votes":3},"geometry":{"type":"Point","coordinates":[-110.96895217895508,29.096606756425683]}},{"type":"Feature","id":"55a11e0b-54ba-4a1c-b8a6-8c6ff21d89c2","properties":{"stationUuid":"55a11e0b-54ba-4a1c-b8a6-8c6ff21d89c2","name":" LA Z 105.5 (Atotonilco) - 105.5 FM - XHHE-FM - XHHE Radio / Grupo Radio Centro - Atotonilco, Jalisco","country":"Mexico","countryCode":"MX","language":"spanish","freqLabel":"105.5 FM","streamUrl":"https://stream.zeno.fm/0q28d4beczctv","codec":"MP3","votes":12},"geometry":{"type":"Point","coordinates":[-102.5087070465088,20.552882263632657]}},{"type":"Feature","id":"12cae534-00a6-4ca7-aa39-4507367d3a40","properties":{"stationUuid":"12cae534-00a6-4ca7-aa39-4507367d3a40","name":" LA Z 96.3 (Morelia) - 96.3 FM - XHCR-FM - Grupo Trenu - Morelia, Michoacán","country":"Mexico","countryCode":"MX","language":"spanish","freqLabel":"96.3 FM","streamUrl":"https://app.sonicpanelradio.com/8288/stream","codec":"MP3","votes":4},"geometry":{"type":"Point","coordinates":[-101.19189262390138,19.703811652788747]}},{"type":"Feature","id":"4c5670a6-bda2-4a55-84a1-d41f8f948678","properties":{"stationUuid":"4c5670a6-bda2-4a55-84a1-d41f8f948678","name":" LA ZAMORANA 103.9 (Zamora) - 103.9 FM - XHEZM-FM - Cadena RASA - Zamora, Michoacán","country":"Mexico","countryCode":"MX","language":"spanish","freqLabel":"103.9 FM","streamUrl":"https://stream.zeno.fm/pscbnbk7sk8uv","codec":"MP3","votes":3},"geometry":{"type":"Point","coordinates":[-102.28288650512695,19.98456629607892]}},{"type":"Feature","id":"a9e64228-fc0e-4547-8611-da390fdfc0c7","properties":{"stationUuid":"a9e64228-fc0e-4547-8611-da390fdfc0c7","name":" LATIDOS FM 89.7 (Chetumal) - 89.7 FM - XHLAR-FM - Luna Medios - Chetumal, Quintana Roo","country":"Mexico","countryCode":"MX","language":"spanish","freqLabel":"89.7 FM","streamUrl":"https://radios.lunamedios.mx/8002/stream","codec":"MP3","votes":2},"geometry":{"type":"Point","coordinates":[-88.32072257995605,18.517013095103547]}},{"type":"Feature","id":"d5722476-0c86-42b2-b2c4-12ad0c06f178","properties":{"stationUuid":"d5722476-0c86-42b2-b2c4-12ad0c06f178","name":" LG LA GRANDE 95.5 (León) - 95.5 FM - XHELG-FM - Promomedios - León, Guanajuato","country":"Mexico","countryCode":"MX","language":"spanish","freqLabel":"95.5 FM","streamUrl":"https://stream.zeno.fm/9ty3tty0ra0uv","codec":"AAC","votes":198},"geometry":{"type":"Point","coordinates":[-101.68301582336429,21.122898091480646]}},{"type":"Feature","id":"d836f86c-4b6a-4e8d-8454-dbcd689df7ee","properties":{"stationUuid":"d836f86c-4b6a-4e8d-8454-dbcd689df7ee","name":" LIKE FM 101.3 (Delicias) - 101.3 FM - XHBN-FM - GRD Multimedia - Delicias, Chihuahua","country":"Mexico","countryCode":"MX","language":"spanish","freqLabel":"101.3 FM","streamUrl":"https://streamingcwsradio30.com:7082/;","codec":"MP3","votes":1},"geometry":{"type":"Point","coordinates":[-105.4698657989502,28.1922932685919]}},{"type":"Feature","id":"8946eddc-352f-410c-b3e1-25208c9350b0","properties":{"stationUuid":"8946eddc-352f-410c-b3e1-25208c9350b0","name":" LIKE FM 98.3 (Cuauhtémoc) - 98.3 FM - XHDT-FM - GRD Multimedia - Cuauhtémoc, Chihuahua","country":"Mexico","countryCode":"MX","language":"spanish","freqLabel":"98.3 FM","streamUrl":"https://streamingcwsradio30.com:7085/;","codec":"MP3","votes":6},"geometry":{"type":"Point","coordinates":[-106.86684608459473,28.402237431411052]}},{"type":"Feature","id":"ca2400a7-86e9-480e-93c8-a97c2763d3d8","properties":{"stationUuid":"ca2400a7-86e9-480e-93c8-a97c2763d3d8","name":" LOKURA 830 (CDMX) - 830 AM - XEITE-AM - Capital Media - Ciudad de México","country":"Mexico","countryCode":"MX","language":"spanish","freqLabel":null,"streamUrl":"https://mdstrm.com/audio/69373baa6d5fd824ec8440c5/live.m3u8","codec":"AAC","votes":12},"geometry":{"type":"Point","coordinates":[-99.13453102111818,19.434505118290417]}},{"type":"Feature","id":"dcb91705-4ce2-4f34-8feb-67535667559f","properties":{"stationUuid":"dcb91705-4ce2-4f34-8feb-67535667559f","name":" LOKURA FM 104.5 (Colima) - 104.5 FM - XHTTT-FM - Capital Media - Colima, Colima","country":"Mexico","countryCode":"MX","language":"spanish","freqLabel":"104.5 FM","streamUrl":"https://mdstrm.com/audio/6939d9771e27fe9d27f16c59/live.m3u8","codec":"AAC","votes":4},"geometry":{"type":"Point","coordinates":[-103.72745990753174,19.24428442742435]}},{"type":"Feature","id":"25b3047f-e647-4695-9808-be272448231d","properties":{"stationUuid":"25b3047f-e647-4695-9808-be272448231d","name":" LOS40 100.1 (Coatzacoalcos) - 100.1 FM - XHNE-FM - Liberal del Sur - Coatzacoalcos, Veracruz","country":"Mexico","countryCode":"MX","language":"spanish","freqLabel":"100.1 FM","streamUrl":"https://streaming.servicioswebmx.com/8104/stream","codec":"MP3","votes":2},"geometry":{"type":"Point","coordinates":[-94.43349838256836,18.142839047366454]}},{"type":"Feature","id":"44a8e6e5-7e16-4958-82f3-5a85afd837ef","properties":{"stationUuid":"44a8e6e5-7e16-4958-82f3-5a85afd837ef","name":" LOS40 100.5 (Delicias) - 100.5 FM - XHBZ-FM - Sigma Radio - Delicias, Chihuahua","country":"Mexico","countryCode":"MX","language":"spanish","freqLabel":"100.5 FM","streamUrl":"https://ssl.sigmaradio.stream:9004/stream","codec":"MP3","votes":11},"geometry":{"type":"Point","coordinates":[-105.47269821166992,28.193014289371305]}},{"type":"Feature","id":"2a34f813-cb3a-4d14-b541-83545b3f0973","properties":{"stationUuid":"2a34f813-cb3a-4d14-b541-83545b3f0973","name":" LOS40 101.5 (Villahermosa) - 101.5 FM - XHEPAR - Radio Núcleo - Villahermosa, Tabasco","country":"Mexico","countryCode":"MX","language":"spanish","freqLabel":"101.5 FM","streamUrl":"https://stream.freepi.io/8326/live","codec":"MP3","votes":2},"geometry":{"type":"Point","coordinates":[-92.93789863586429,17.989960744999344]}},{"type":"Feature","id":"5a2a5150-8ab7-470e-b38f-a1e93efba7d4","properties":{"stationUuid":"5a2a5150-8ab7-470e-b38f-a1e93efba7d4","name":" LOS40 103.9 (San Luis Potosí) - 103.9 FM - XHEWA-FM - GlobalMedia - San Luis Potosí, San Luis Potosí","country":"Mexico","countryCode":"MX","language":"spanish","freqLabel":"103.9 FM","streamUrl":"https://playradio.mx/proxy/los40?mp=/stream","codec":"MP3","votes":1},"geometry":{"type":"Point","coordinates":[-100.97628593444826,22.152712253352576]}},{"type":"Feature","id":"4c84d503-85f8-40f2-9544-01245854be72","properties":{"stationUuid":"4c84d503-85f8-40f2-9544-01245854be72","name":" LOS40 104.1 (Xalapa) - 104.1 FM - XHGR-FM - Cuatro Media Telecomunicaciones - Xalapa, Veracruz","country":"Mexico","countryCode":"MX","language":"spanish","freqLabel":"104.1 FM","streamUrl":"https://streaming.servicioswebmx.com/8138/stream","codec":"MP3","votes":3},"geometry":{"type":"Point","coordinates":[-96.904993057251,19.540340422452815]}},{"type":"Feature","id":"a9b188a7-5ea9-4ef7-a6f1-8e97b7b3b5b4","properties":{"stationUuid":"a9b188a7-5ea9-4ef7-a6f1-8e97b7b3b5b4","name":" LOS40 107.5 (Córdoba) - 107.5 FM - XHKG-FM - Grupo Radio Cañón - Córdoba, Veracruz","country":"Mexico","countryCode":"MX","language":"spanish","freqLabel":"107.5 FM","streamUrl":"https://streaming.servicioswebmx.com/8260/stream","codec":"MP3","votes":2},"geometry":{"type":"Point","coordinates":[-96.9350337982178,18.895529673505024]}},{"type":"Feature","id":"c4cdc701-a891-4bf8-b000-cd24bce46cb0","properties":{"stationUuid":"c4cdc701-a891-4bf8-b000-cd24bce46cb0","name":" LOS40 540 (San Luis Potosí) - 540 AM - XEWA-AM - GlobalMedia - San Luis Potosí, San Luis Potosí","country":"Mexico","countryCode":"MX","language":"spanish","freqLabel":null,"streamUrl":"https://playradio.mx/proxy/los40?mp=/stream","codec":"MP3","votes":2},"geometry":{"type":"Point","coordinates":[-100.97628593444826,22.152150819866616]}},{"type":"Feature","id":"953705c1-8d92-44ab-ad8b-a08a208a8d0d","properties":{"stationUuid":"953705c1-8d92-44ab-ad8b-a08a208a8d0d","name":" LOS40 88.1 (Zamora) - 88.1 FM - XHZN-FM - Grupo Radio Zamora / Cadena RASA - Zamora, Michoacán","country":"Mexico","countryCode":"MX","language":"spanish","freqLabel":"88.1 FM","streamUrl":"https://stream.zeno.fm/071em957am8uv","codec":"MP3","votes":2},"geometry":{"type":"Point","coordinates":[-102.28400230407716,19.984765431177088]}},{"type":"Feature","id":"c8da90b4-e1ec-4bca-a5a3-b7c344c30ef9","properties":{"stationUuid":"c8da90b4-e1ec-4bca-a5a3-b7c344c30ef9","name":" LOS40 95.7 (Aguascalientes) - 95.7 FM - XHAGA-FM - Grupo Radiofónico ZER - Aguascalientes, Aguascalientes","country":"Mexico","countryCode":"MX","language":"spanish","freqLabel":"95.7 FM","streamUrl":"https://cast.zuperdns.net/8030/stream/","codec":"MP3","votes":14},"geometry":{"type":"Point","coordinates":[-102.29567527770996,21.88169317911191]}},{"type":"Feature","id":"105ed9d1-29a4-41a2-afed-19b9d84fd2eb","properties":{"stationUuid":"105ed9d1-29a4-41a2-afed-19b9d84fd2eb","name":" LOS40 96.9 (Mérida) - 96.9 FM - XHUL-FM - Cadena RASA - Mérida, Yucatán","country":"Mexico","countryCode":"MX","language":"spanish","freqLabel":"96.9 FM","streamUrl":"https://stream.zeno.fm/44t6wqmc4p8uv","codec":"MP3","votes":1},"geometry":{"type":"Point","coordinates":[-89.6232032775879,20.97034106779059]}},{"type":"Feature","id":"4212a8ab-2703-446b-abdd-c406954eb0bc","properties":{"stationUuid":"4212a8ab-2703-446b-abdd-c406954eb0bc","name":" LOS40 98.7 (Mazatlán) - 98.7 FM - XHVOX-FM - Grupo Radio Cañón - Mazatlán, Sinaloa","country":"Mexico","countryCode":"MX","language":"spanish","freqLabel":"98.7 FM","streamUrl":"https://streaming.servicioswebmx.com/8276/stream","codec":"MP3","votes":2},"geometry":{"type":"Point","coordinates":[-106.41966819763184,23.205026018330944]}},{"type":"Feature","id":"5403fd67-6e5e-4a01-aaa6-85463ff37eb2","properties":{"stationUuid":"5403fd67-6e5e-4a01-aaa6-85463ff37eb2","name":" LOS40 99.9 (Agua Prieta) - 99.9 FM - XHNNO-FM - Grupo Radiofónico ZER - Agua Prieta, Sonora","country":"Mexico","countryCode":"MX","language":"spanish","freqLabel":"99.9 FM","streamUrl":"https://live.zuperdns.net/9990/stream","codec":"MP3","votes":1},"geometry":{"type":"Point","coordinates":[-109.54682350158691,31.327358582268925]}},{"type":"Feature","id":"3c360903-2913-4aa5-a55d-08988733074d","properties":{"stationUuid":"3c360903-2913-4aa5-a55d-08988733074d","name":" LOVE FM 103.7 (Veracruz) - 103.7 FM - XHCS-FM - Grupo RADIO SA - Veracruz, Veracruz","country":"Mexico","countryCode":"MX","language":"spanish","freqLabel":"103.7 FM","streamUrl":"https://mdstrm.com/audio/66a01759c5aa2b85d66b5933/live.m3u8","codec":"AAC","votes":21},"geometry":{"type":"Point","coordinates":[-96.13410204648972,19.17003748200477]}},{"type":"Feature","id":"59be5494-40e4-4ba4-ade2-d74fce084676","properties":{"stationUuid":"59be5494-40e4-4ba4-ade2-d74fce084676","name":" Love FM 103.7 (Veracruz) - 103.7 FM - XHCS-FM - Grupo RADIO SA - Veracruz, Veracruz","country":"Mexico","countryCode":"MX","language":"spanish","freqLabel":"103.7 FM","streamUrl":"https://us-b4-p-e-cg11-audio.cdn.mdstrm.com/live-audio-aw/66a01759c5aa2b85d66b5933/playlist.m3u8","codec":"AAC","votes":9},"geometry":{"type":"Point","coordinates":[-96.13409131765368,19.17008815151199]}},{"type":"Feature","id":"ad6073a9-094a-4687-8d7c-82785aa7647e","properties":{"stationUuid":"ad6073a9-094a-4687-8d7c-82785aa7647e","name":" LOVE FM 93.1 (Hermosillo) - 93.1 FM - XHEPB-FM - Grupo RADIO SA - Hermosillo, Sonora","country":"Mexico","countryCode":"MX","language":"spanish","freqLabel":"93.1 FM","streamUrl":"https://mdstrm.com/audio/66b0f440b47ad3416c6a654a/live.m3u8","codec":"AAC","votes":8},"geometry":{"type":"Point","coordinates":[-110.96835136413576,29.096791909900872]}},{"type":"Feature","id":"80932875-83d1-4586-97d0-e24ffc2df1c8","properties":{"stationUuid":"80932875-83d1-4586-97d0-e24ffc2df1c8","name":" LUCIÉRNAGAS 1350 (CDMX) - 1350 AM - XEQK-AM - IMER - Ciudad de México","country":"Mexico","countryCode":"MX","language":"spanish","freqLabel":null,"streamUrl":"https://securestreams7.autopo.st/?uri=https://s2.mexside.net/8026/stream","codec":"MP3","votes":1},"geometry":{"type":"Point","coordinates":[-99.1336727142334,19.43369571361176]}},{"type":"Feature","id":"9b33e05a-f840-42ae-ae42-82247c4675df","properties":{"stationUuid":"9b33e05a-f840-42ae-ae42-82247c4675df","name":" LUPE 560 (Manzanillo) - 560 AM - XEMZA-AM - Grupo Radiofónico ZER - Manzanillo, Colima","country":"Mexico","countryCode":"MX","language":"spanish","freqLabel":null,"streamUrl":"https://live.zuperdns.net/1895/stream/","codec":"MP3","votes":42},"geometry":{"type":"Point","coordinates":[-104.29887771606448,19.07145197022145]}},{"type":"Feature","id":"f3f99261-7b53-4c2b-86a9-b71eba41202a","properties":{"stationUuid":"f3f99261-7b53-4c2b-86a9-b71eba41202a","name":" LUPE 93.3 (Zacatecas) - 93.3 FM - XHEXZ-FM - Grupo Radiofónico ZER - Guadalupe, Zacatecas","country":"Mexico","countryCode":"MX","language":"spanish","freqLabel":"93.3 FM","streamUrl":"https://cast.zuperdns.net/8010/stream/","codec":"MP3","votes":144},"geometry":{"type":"Point","coordinates":[-102.51780509948732,22.747968377207364]}},{"type":"Feature","id":"07b7e179-9020-4b48-807a-3c70c8bbff3b","properties":{"stationUuid":"07b7e179-9020-4b48-807a-3c70c8bbff3b","name":" MAGIA 93.7 (Xalapa) - 93.7 FM - XHKL-FM - AvanRadio - Xalapa, Veracruz","country":"Mexico","countryCode":"MX","language":"spanish","freqLabel":"93.7 FM","streamUrl":"https://cast3.my-control-panel.com/proxy/xekl?mp=/stream","codec":"MP3","votes":2},"geometry":{"type":"Point","coordinates":[-96.91417694091795,19.543462139428375]}},{"type":"Feature","id":"b5511f42-3702-46ea-aefd-ed2fe20d1b21","properties":{"stationUuid":"b5511f42-3702-46ea-aefd-ed2fe20d1b21","name":" MAGIA DIGITAL 100.7 (Ciudad Juárez) - 100.7 FM - XHH-FM - MegaRadio - Ciudad Juárez, Chihuahua","country":"Mexico","countryCode":"MX","language":"spanish","freqLabel":"100.7 FM","streamUrl":"https://stream.zeno.fm/agrur3r91rhvv","codec":"MP3","votes":13},"geometry":{"type":"Point","coordinates":[-106.4256763458252,31.691331833976587]}},{"type":"Feature","id":"d1893c11-8969-497e-a897-f31c32a91605","properties":{"stationUuid":"d1893c11-8969-497e-a897-f31c32a91605","name":" MAGIA DIGITAL 88.9 (Mazatlán) - 88.9 FM - XHFIL-FM - MegaRadio - Mazatlán, Sinaloa","country":"Mexico","countryCode":"MX","language":"spanish","freqLabel":"88.9 FM","streamUrl":"https://stream.zeno.fm/bqerr3t91rhvv","codec":"MP3","votes":3},"geometry":{"type":"Point","coordinates":[-106.42061233520508,23.20530458794523]}},{"type":"Feature","id":"b8f25f16-a2b9-4765-977b-14f276468127","properties":{"stationUuid":"b8f25f16-a2b9-4765-977b-14f276468127","name":" MAGIA DIGITAL 89.9 (GDL) - 89.9 FM - XHRA-FM - MegaRadio - Guadalajara, Jalisco","country":"Mexico","countryCode":"MX","language":"spanish","freqLabel":"89.9 FM","streamUrl":"https://stream.zeno.fm/zrwy79s91rhvv","codec":"MP3","votes":9},"geometry":{"type":"Point","coordinates":[-103.34049224853516,20.67375469532113]}},{"type":"Feature","id":"59d65385-7a75-4898-a27e-c7a63921702d","properties":{"stationUuid":"59d65385-7a75-4898-a27e-c7a63921702d","name":" MAGICA 100.1 (Parral) - 100.1 FM - XHHPC-FM - Hidalgo del Parral, Chihuahua","country":"Mexico","countryCode":"MX","language":"spanish","freqLabel":"100.1 FM","streamUrl":"https://secure.radiorama.mx:2042/","codec":"MP3","votes":3},"geometry":{"type":"Point","coordinates":[-105.66830635070802,26.93167624257484]}},{"type":"Feature","id":"98f278d8-b0c4-477b-b498-9300c6e84e03","properties":{"stationUuid":"98f278d8-b0c4-477b-b498-9300c6e84e03","name":" MAGNÉTICA FM 101.3 (San Luis Potosí) - 101.3 FM - XHAWD-FM - San Luis Potosí, San Luis Potosí","country":"Mexico","countryCode":"MX","language":"spanish","freqLabel":"101.3 FM","streamUrl":"https://magneticaxhawd.radioca.st/stream","codec":"MP3","votes":3},"geometry":{"type":"Point","coordinates":[-100.9761142730713,22.151758311939975]}},{"type":"Feature","id":"86f71e47-7ceb-4913-9416-64c3bf06146f","properties":{"stationUuid":"86f71e47-7ceb-4913-9416-64c3bf06146f","name":" MAR FM 99.7 (Veracruz) - 99.7 FM - XHPB-FM - Grupo FM Multimedios - Boca del Río, Veracruz","country":"Mexico","countryCode":"MX","language":"spanish","freqLabel":"99.7 FM","streamUrl":"https://stream.zeno.fm/eyh5yzn3f78uv","codec":"AAC","votes":10},"geometry":{"type":"Point","coordinates":[-96.10587716102602,19.15304862255229]}},{"type":"Feature","id":"a8fc37c7-d307-4e77-8611-a24b1bda2776","properties":{"stationUuid":"a8fc37c7-d307-4e77-8611-a24b1bda2776","name":" MAS FM 99.3 (San Luis Potosí) - 99.3 FM - XHTL-FM - MG Radio - San Luis Potosí, San Luis Potosí","country":"Mexico","countryCode":"MX","language":"spanish","freqLabel":"99.3 FM","streamUrl":"https://masfm.b-cdn.net/stream","codec":"MP3","votes":4},"geometry":{"type":"Point","coordinates":[-100.9764575958252,22.152235283454537]}},{"type":"Feature","id":"0d4c0fb5-744f-49de-af6e-869dfa3494f0","properties":{"stationUuid":"0d4c0fb5-744f-49de-af6e-869dfa3494f0","name":" MAS LATINA 96.5 (Veracruz) - 96.5 FM - XHRN-FM - RN Radio Networks - Veracruz, Veracruz","country":"Mexico","countryCode":"MX","language":"spanish","freqLabel":"96.5 FM","streamUrl":"https://cast3.my-control-panel.com/proxy/maslatina/stream","codec":"MP3","votes":7},"geometry":{"type":"Point","coordinates":[-96.12037986516954,19.17377178295185]}},{"type":"Feature","id":"35dd0659-e3aa-4a7c-9917-9ae78f77e29b","properties":{"stationUuid":"35dd0659-e3aa-4a7c-9917-9ae78f77e29b","name":" MÁS LATINA 96.5 (Veracruz) - 96.5 FM - XHRN-FM - RN Radio Networks - Veracruz, Veracruz","country":"Mexico","countryCode":"MX","language":"spanish","freqLabel":"96.5 FM","streamUrl":"https://cast3.my-control-panel.com/proxy/maslatina/stream","codec":"MP3","votes":55},"geometry":{"type":"Point","coordinates":[-96.12041205167772,19.17378191662489]}},{"type":"Feature","id":"85dab141-0a9a-4844-92cd-04c4344d3967","properties":{"stationUuid":"85dab141-0a9a-4844-92cd-04c4344d3967","name":" MAS QUE RADIO 90.1 (Aguascalientes) - 90.1 FM - XHPEFD-FM - Comunicación Integral para la Familia, A.C. - Aguascalientes, Aguascalientes","country":"Mexico","countryCode":"MX","language":"spanish","freqLabel":"90.1 FM","streamUrl":"https://streaming.servicioswebmx.com:8014/stream","codec":"MP3","votes":4},"geometry":{"type":"Point","coordinates":[-102.29790687561037,21.88169317911191]}},{"type":"Feature","id":"239ac012-ba58-4b32-930e-ab17a181d4cd","properties":{"stationUuid":"239ac012-ba58-4b32-930e-ab17a181d4cd","name":" MAS QUE RADIO 97.7 (Calvillo) - 97.7 FM - XHCIF-FM - Comunicación Integral para la Familia, A.C. (Ags Now) - Calvillo, Aguascalientes","country":"Mexico","countryCode":"MX","language":"spanish","freqLabel":"97.7 FM","streamUrl":"https://streaming.servicioswebmx.com:8200/stream","codec":"MP3","votes":1},"geometry":{"type":"Point","coordinates":[-102.71985054016116,21.848715491500055]}},{"type":"Feature","id":"77e6b521-0730-4000-a060-abbffb3c36b1","properties":{"stationUuid":"77e6b521-0730-4000-a060-abbffb3c36b1","name":" MAS RADIO 107.9 (Nogales) - 107.9 FM - KCKO-FM - Mas Medios Nogales - Nogales, Sonora","country":"Mexico","countryCode":"MX","language":"spanish","freqLabel":"107.9 FM","streamUrl":"https://s5.mexside.net:8000/stream","codec":"MP3","votes":2},"geometry":{"type":"Point","coordinates":[-110.94775199890138,31.329264817691097]}},{"type":"Feature","id":"b244220c-6aa8-426f-a21d-516e2c407d9d","properties":{"stationUuid":"b244220c-6aa8-426f-a21d-516e2c407d9d","name":" MAXIMA 106.7 (GDL) - 106.7 FM - XHOJ-FM - Radiorama de Occidente - Guadalajara, Jalisco","country":"Mexico","countryCode":"MX","language":"spanish","freqLabel":"106.7 FM","streamUrl":"https://stream-285.surfernetwork.com/ppckgqm1qa0uv?zt=eyJhbGciOiJIUzI1NiJ9.eyJzdHJlYW0iOiJwcGNrZ3FtMXFhMHV2IiwiaG9zdCI6InN0cmVhbS0yODUuc3VyZmVybmV0d29yay5jb20iLCJ0bSI6ZmFsc2UsInJ0dGwiOjUsImp0aSI6ImpmS2tzYkloUm9PUDBBZzc2WkZqUEEiLCJpYXQiOjE3ODk5ODY4MTIsImV4cCI6MTc4OTk4Njg3Mn0.Bsf2alHjk7PNv_1S1WtyzxYhvhY4zt4yUuonxxgfOhE","codec":"MP3","votes":4},"geometry":{"type":"Point","coordinates":[-103.3414363861084,20.674028229532652]}},{"type":"Feature","id":"186d4933-3fa1-475e-b3cd-8767c819778e","properties":{"stationUuid":"186d4933-3fa1-475e-b3cd-8767c819778e","name":" MAXIMA 88.5 (Veracruz) - 88.5 FM - XHIL-FM - Grupo RADIOSA - Veracruz, Veracruz","country":"Mexico","countryCode":"MX","language":"spanish","freqLabel":"88.5 FM","streamUrl":"https://mdstrm.com/audio/66a0112844d3c94ecf11dd96/live.m3u8","codec":"AAC","votes":3},"geometry":{"type":"Point","coordinates":[-96.13972663879396,19.20009561661145]}},{"type":"Feature","id":"7e5e2ade-cdf5-4d29-b6c8-08ffdd985c25","properties":{"stationUuid":"7e5e2ade-cdf5-4d29-b6c8-08ffdd985c25","name":" MÁXIMA 88.5 (Veracruz) - 88.5 FM - XHIL-FM - Grupo RADIOSA - Veracruz, Veracruz","country":"Mexico","countryCode":"MX","language":"spanish","freqLabel":"88.5 FM","streamUrl":"https://us-b4-p-e-cg11-audio.cdn.mdstrm.com/live-audio-aw/66a0112844d3c94ecf11dd96/playlist.m3u8","codec":"AAC","votes":5},"geometry":{"type":"Point","coordinates":[-96.13405913114548,19.170057749809533]}},{"type":"Feature","id":"be7adb75-3263-4443-b051-505104610285","properties":{"stationUuid":"be7adb75-3263-4443-b051-505104610285","name":" MÁXIMA 88.5 (Veracruz) - 88.5 FM - XHIL-FM - Grupo RADIOSA - Veracruz, Veracruz.","country":"Mexico","countryCode":"MX","language":"spanish","freqLabel":"88.5 FM","streamUrl":"https://mdstrm.com/audio/66a0112844d3c94ecf11dd96/live.m3u8","codec":"AAC","votes":16},"geometry":{"type":"Point","coordinates":[-96.13407522439958,19.170057749809533]}},{"type":"Feature","id":"b9cd59ce-84f5-4109-a683-fff77cd6e9cb","properties":{"stationUuid":"b9cd59ce-84f5-4109-a683-fff77cd6e9cb","name":" MAXIMA 96.3 (Hermosillo) - 96.3 FM - XHVS-FM - Grupo Radio SA - Hermosillo, Sonora","country":"Mexico","countryCode":"MX","language":"spanish","freqLabel":"96.3 FM","streamUrl":"https://mdstrm.com/audio/66ad356de8f3b93d2da94362/live.m3u8","codec":"AAC","votes":1},"geometry":{"type":"Point","coordinates":[-110.96792221069336,29.098106724368137]}},{"type":"Feature","id":"bec13f12-3ff8-4386-9a20-164895b42193","properties":{"stationUuid":"bec13f12-3ff8-4386-9a20-164895b42193","name":" MAXIMA 96.9 (Tuxtla) - 96.9 FM - XHKR-FM - Grupo Radio SA - Tuxtla Gutiérrez, Chiapas","country":"Mexico","countryCode":"MX","language":"spanish","freqLabel":"96.9 FM","streamUrl":"https://mdstrm.com/audio/66be641cd9a22180390f882c/live.m3u8","codec":"AAC","votes":4},"geometry":{"type":"Point","coordinates":[-93.11307907104494,16.75680209996055]}},{"type":"Feature","id":"be27b6a8-2e74-4e52-9157-55bd9cda1641","properties":{"stationUuid":"be27b6a8-2e74-4e52-9157-55bd9cda1641","name":" MAXIMA 97.5 (Cancún) - 97.5 FM - XHCAN-FM - Grupo Radio SA - Cancún, Quintana Roo","country":"Mexico","countryCode":"MX","language":"spanish","freqLabel":"97.5 FM","streamUrl":"https://mdstrm.com/audio/66e9d6ccaefe12962688efb9/live.m3u8","codec":"AAC","votes":2},"geometry":{"type":"Point","coordinates":[-86.84220314025879,21.154760015129515]}},{"type":"Feature","id":"2c1b8495-eb07-4b98-ad1b-4ddf207daacb","properties":{"stationUuid":"2c1b8495-eb07-4b98-ad1b-4ddf207daacb","name":" MAXIMA 98.9 (Ciudad del Carmen) - 98.9 FM - XHCMN-FM - Grupo Radio SA - Ciudad del Carmen, Campeche","country":"Mexico","countryCode":"MX","language":"spanish","freqLabel":"98.9 FM","streamUrl":"https://mdstrm.com/audio/66a3e88f19acc1b9d1487ec0/live.m3u8","codec":"AAC","votes":2},"geometry":{"type":"Point","coordinates":[-91.81458950042726,18.65370786327447]}},{"type":"Feature","id":"b2471f0d-000d-4b14-bc4c-05782a690c82","properties":{"stationUuid":"b2471f0d-000d-4b14-bc4c-05782a690c82","name":" MEXIQUENSE RADIO 1600 (Metepec) - 1600 AM - XEGEM-AM - Sistema Mexiquense de Medios Públicos - Metepec, Estado de México","country":"Mexico","countryCode":"MX","language":"spanish","freqLabel":null,"streamUrl":"https://streamingcwsradio30.com:7046/","codec":"MP3","votes":4},"geometry":{"type":"Point","coordinates":[-99.60488319396974,19.25309797324227]}},{"type":"Feature","id":"41870aae-260d-4058-b437-e4cdccde7c50","properties":{"stationUuid":"41870aae-260d-4058-b437-e4cdccde7c50","name":" MILED 620 (San Luis Potosí) - 620 AM - XEPBSD-AM - Grupo Miled - San Luis Potosí, San Luis Potosí","country":"Mexico","countryCode":"MX","language":"spanish","freqLabel":null,"streamUrl":"https://miledsnluis-cybertec.radioca.st/stream.mp3","codec":"MP3","votes":3},"geometry":{"type":"Point","coordinates":[-100.9764575958252,22.15287124295934]}},{"type":"Feature","id":"3765ec79-94fc-43b9-a9e1-043c789f9915","properties":{"stationUuid":"3765ec79-94fc-43b9-a9e1-043c789f9915","name":" MILENIO RADIO 103.7 (MTY) - 103.7 HD3 - XHTKR-FM - Multimedios Radio - Monterrey, Nuevo León","country":"Mexico","countryCode":"MX","language":"spanish","freqLabel":"103.7 FM","streamUrl":"https://mdstrm.com/audio/672a6584ae352d9e9725f5f6/icecast.audio","codec":"AAC","votes":3},"geometry":{"type":"Point","coordinates":[-100.31599044799806,25.68137422690145]}},{"type":"Feature","id":"4e92b126-7d13-43a2-8334-57535fc6f80a","properties":{"stationUuid":"4e92b126-7d13-43a2-8334-57535fc6f80a","name":" MILENIO RADIO 1090 (MTY) - 1090 AM - XEAU-AM - Multimedios Radio - Monterrey, Nuevo León","country":"Mexico","countryCode":"MX","language":"spanish","freqLabel":null,"streamUrl":"https://mdstrm.com/audio/672a64d1334617594f464d9d/icecast.audio","codec":"AAC","votes":4},"geometry":{"type":"Point","coordinates":[-100.314359664917,25.680018139183133]}},{"type":"Feature","id":"8ae56000-b8e0-42a6-aac5-56f72dc60975","properties":{"stationUuid":"8ae56000-b8e0-42a6-aac5-56f72dc60975","name":" NOFM RADIO (CDMX) - Online - www.nofm-radio.com - Todo Menos Miedo - Ciudad de México","country":"Mexico","countryCode":"MX","language":"spanish","freqLabel":null,"streamUrl":"https://securestreams7.autopo.st/?uri=https://s2.voscast.com:8163/stream","codec":"MP3","votes":1},"geometry":{"type":"Point","coordinates":[-99.1322994232178,19.434505118290417]}},{"type":"Feature","id":"15e5d18b-9242-4844-86a1-4d3840eb3b0c","properties":{"stationUuid":"15e5d18b-9242-4844-86a1-4d3840eb3b0c","name":" NV RADIO 94.1 (Pabellón de Arteaga) - 94.1 FM - XHSCGX-FM - Medios Digitales Sociales y Culturales de Aguascalientes, A.C. - Pabellón de Arteaga, Aguascalientes","country":"Mexico","countryCode":"MX","language":"spanish","freqLabel":"94.1 FM","streamUrl":"https://radio.cimaspeed.com/8184/;","codec":"MP3","votes":1},"geometry":{"type":"Point","coordinates":[-102.2776508331299,22.14810147662662]}},{"type":"Feature","id":"77067502-7096-4158-b12d-f5d3f15bf0ed","properties":{"stationUuid":"77067502-7096-4158-b12d-f5d3f15bf0ed","name":" OPUS 94 94.5 (CDMX) - 94.5 FM - XHIMER-FM - IMER - Ciudad de México","country":"Mexico","countryCode":"MX","language":"spanish","freqLabel":"94 FM","streamUrl":"https://securestreams7.autopo.st/?uri=https://s2.mexside.net/8016/stream","codec":"MP3","votes":7},"geometry":{"type":"Point","coordinates":[-99.13247108459474,19.43547639857944]}},{"type":"Feature","id":"cd9414ce-1d8b-47ce-b1ff-f398a11366cb","properties":{"stationUuid":"cd9414ce-1d8b-47ce-b1ff-f398a11366cb","name":" OREJA FM 102.5 (Obregón) - 102.5 FM - XHIQ-FM - Grupo AS Comunicación - Obregón, Sonora","country":"Mexico","countryCode":"MX","language":"spanish","freqLabel":"102.5 FM","streamUrl":"https://stream.zeno.fm/3agiabarewutv","codec":"MP3","votes":9},"geometry":{"type":"Point","coordinates":[-109.9336624145508,27.485968692963077]}},{"type":"Feature","id":"63f11c56-32e3-436f-8195-0cdb3a19d47d","properties":{"stationUuid":"63f11c56-32e3-436f-8195-0cdb3a19d47d","name":" OREJA FM 105.7 (Oaxaca) - 105.7 FM - XHIU-FM - Grupo AS Comunicación - Oaxaca, Oaxaca","country":"Mexico","countryCode":"MX","language":"spanish","freqLabel":"105.7 FM","streamUrl":"https://stream.zeno.fm/5yaxrwzln6ouv","codec":"MP3","votes":1},"geometry":{"type":"Point","coordinates":[-96.7273235321045,17.061669405668876]}},{"type":"Feature","id":"65b7ad08-c569-4e4a-b76e-830d80d4451d","properties":{"stationUuid":"65b7ad08-c569-4e4a-b76e-830d80d4451d","name":" ORO FM 88.1 (Tepezalá) - 88.1 FM - XHSCJS-FM - Voces de Tepezalá, Cultura de mi Pueblo, A.C. - Tepezalá, Aguascalientes","country":"Mexico","countryCode":"MX","language":"spanish","freqLabel":"88.1 FM","streamUrl":"https://stream.zeno.fm/fr1m9xwfp4guv","codec":"MP3","votes":2},"geometry":{"type":"Point","coordinates":[-102.17190742492676,22.22427665929109]}},{"type":"Feature","id":"381e6a0a-43c8-4dca-9cad-7d8b7fa7c555","properties":{"stationUuid":"381e6a0a-43c8-4dca-9cad-7d8b7fa7c555","name":" PASIÓN FM 104.3 (Puebla) - 104.3 FM - XHPUE-FM - Cinco Radio - Puebla, Puebla","country":"Mexico","countryCode":"MX","language":null,"freqLabel":"104.3 FM","streamUrl":"https://stream.zeno.fm/1qhuwrman5zuv","codec":"MP3","votes":1},"geometry":{"type":"Point","coordinates":[-98.19687366485596,19.044088325106863]}},{"type":"Feature","id":"bb32122c-5f0d-4095-ae75-81d4d8811f8d","properties":{"stationUuid":"bb32122c-5f0d-4095-ae75-81d4d8811f8d","name":" PLAY FM (Ensenada) - 97.9 FM - XHEBC-FM - Radio Cadena Enciso (RCE) - Ensenada, Baja California","country":"Mexico","countryCode":"MX","language":"spanish","freqLabel":"97.9 FM","streamUrl":"https://edge.mixlr.com/channel/evyhv","codec":"MP3","votes":1},"geometry":{"type":"Point","coordinates":[-116.60279273986818,31.867464714798444]}},{"type":"Feature","id":"efecc049-e9b0-47ae-9196-d6becf8c35e7","properties":{"stationUuid":"efecc049-e9b0-47ae-9196-d6becf8c35e7","name":" PLAY FM 93.3 (Cuernavaca) - 93.3 FM - XHTB-FM - Radiorama Morelos - Cuernavaca, Morelos","country":"Mexico","countryCode":"MX","language":"spanish","freqLabel":"93.3 FM","streamUrl":"https://stream.zeno.fm/yt2efgg9d78uv","codec":"MP3","votes":1},"geometry":{"type":"Point","coordinates":[-99.23272132873537,18.923461973971936]}},{"type":"Feature","id":"6fe6cebf-6f1c-443c-8532-dc44c50fe940","properties":{"stationUuid":"6fe6cebf-6f1c-443c-8532-dc44c50fe940","name":" PREMIER 91.7 (MTY) - 91.7 FM - XHXL-FM - Grupo Radio Alegría - Monterrey, Nuevo León","country":"Mexico","countryCode":"MX","language":"spanish","freqLabel":"91.7 FM","streamUrl":"https://playerservices.streamtheworld.com/api/livestream-redirect/NOVA_917.mp3","codec":"MP3","votes":105},"geometry":{"type":"Point","coordinates":[-100.31564712524415,25.679517760672532]}},{"type":"Feature","id":"844090d2-d3dd-4949-acdf-82f0e60f6834","properties":{"stationUuid":"844090d2-d3dd-4949-acdf-82f0e60f6834","name":" PULSAR 107.3 (Tijuana) - 107.3 FM - XHFG-FM - Uniradio - Tijuana, Baja California","country":"Mexico","countryCode":"MX","language":"spanish","freqLabel":"107.3 FM","streamUrl":"https://streamingcwsradio30.com:7021/stream","codec":"MP3","votes":2},"geometry":{"type":"Point","coordinates":[-117.0187282562256,32.532742030436474]}},{"type":"Feature","id":"1948a5bd-51c1-467a-8931-d18df1af4135","properties":{"stationUuid":"1948a5bd-51c1-467a-8931-d18df1af4135","name":" RADAR 88.9 (León) - 88.9 FM - XHXV-FM - Grupo Radar - León, Guanajuato","country":"Mexico","countryCode":"MX","language":"spanish","freqLabel":"88.9 FM","streamUrl":"https://radios.radiohd.com.mx/8382/stream","codec":"MP3","votes":3},"geometry":{"type":"Point","coordinates":[-101.68267250061037,21.122417708567394]}},{"type":"Feature","id":"ed1c9bd5-ce31-49d6-b03f-e94bff03c7c7","properties":{"stationUuid":"ed1c9bd5-ce31-49d6-b03f-e94bff03c7c7","name":" RADIO 6.20 (CDMX) - Online - www.cadenarasa.com - Cadena RASA - Ciudad de México","country":"Mexico","countryCode":"MX","language":"spanish","freqLabel":null,"streamUrl":"https://stream.zeno.fm/smm679phup8uv","codec":"MP3","votes":28},"geometry":{"type":"Point","coordinates":[-99.13195610046388,19.434343237677428]}},{"type":"Feature","id":"26e1b434-cb11-4e2e-92f5-cd5090183cc6","properties":{"stationUuid":"26e1b434-cb11-4e2e-92f5-cd5090183cc6","name":" RADIO 710 (CDMX) - 710 AM - XEMP-AM - IMER - Ciudad de México","country":"Mexico","countryCode":"MX","language":"spanish","freqLabel":null,"streamUrl":"https://securestreams7.autopo.st/?uri=https://s2.mexside.net/8028/stream","codec":"MP3","votes":4},"geometry":{"type":"Point","coordinates":[-99.13251399993898,19.43411938687643]}},{"type":"Feature","id":"baeeb72f-ad16-4088-bd2d-55f46cc7119a","properties":{"stationUuid":"baeeb72f-ad16-4088-bd2d-55f46cc7119a","name":" RADIO ACTIVA 100.5 (Yuriria) - 100.5 FM - XHSCBW-FM - Yuririapundaro 104.7, A.C. - Yuriria, Guanajuato","country":"Mexico","countryCode":"MX","language":"spanish","freqLabel":"100.5 FM","streamUrl":"https://stream.zeno.fm/76au7xvuvxhvv","codec":"MP3","votes":3},"geometry":{"type":"Point","coordinates":[-101.1311674118042,20.213939707425045]}},{"type":"Feature","id":"2e806b93-ddb9-419e-8ed8-c9d193abac22","properties":{"stationUuid":"2e806b93-ddb9-419e-8ed8-c9d193abac22","name":" RADIO ACTIVA 89.7 (Hermosillo) - 89.7 FM - XHEDL-FM - Grupo RADIO SA - Hermosillo, Sonora","country":"Mexico","countryCode":"MX","language":"spanish","freqLabel":"89.7 FM","streamUrl":"https://mdstrm.com/audio/66ad14f0917845e9b7570bf2/live.m3u8","codec":"AAC","votes":6},"geometry":{"type":"Point","coordinates":[-110.96895217895508,29.096606756425683]}},{"type":"Feature","id":"24b27c58-42bf-4372-b9ab-714c1351bd02","properties":{"stationUuid":"24b27c58-42bf-4372-b9ab-714c1351bd02","name":" RADIO ACTIVA 89.7 (Hermosillo) - 89.7 FM - XHEDL-FM - Grupo RADIO SA - Hermosillo, SOnora","country":"Mexico","countryCode":"MX","language":"spanish","freqLabel":"89.7 FM","streamUrl":"https://mdstrm.com/audio/66ad14f0917845e9b7570bf2/live.m3u8","codec":"AAC","votes":1},"geometry":{"type":"Point","coordinates":[-110.96972465515138,29.097691891670287]}},{"type":"Feature","id":"6bc36d14-bedc-4560-aba1-e617407a1af7","properties":{"stationUuid":"6bc36d14-bedc-4560-aba1-e617407a1af7","name":" Radio Activa 89.7 (Hermosillo) - 89.7 FM - XHEDL-FM - Grupo RADIO SA - Hermosillo, Sonora","country":"Mexico","countryCode":"MX","language":"spanish","freqLabel":"89.7 FM","streamUrl":"https://mdstrm.com/audio/66ad14f0917845e9b7570bf2/live.m3u8","codec":"AAC","votes":14},"geometry":{"type":"Point","coordinates":[-110.96886634826662,29.09634191606591]}},{"type":"Feature","id":"14bda3fe-b77a-470c-a2f8-3503ff6437b7","properties":{"stationUuid":"14bda3fe-b77a-470c-a2f8-3503ff6437b7","name":" RADIO AGUERRIDO 96.9 (Álvaro Obregón) - 96.9 FM - XHSCCU-FM - Radio Aguerrida, A.C. - Álvaro Obregón, Michoacán","country":"Mexico","countryCode":"MX","language":"spanish","freqLabel":"96.9 FM","streamUrl":"https://sseg.us/proxy/guadalu1?mp=/stream","codec":"MP3","votes":1},"geometry":{"type":"Point","coordinates":[-101.04044437408449,19.824023366500473]}},{"type":"Feature","id":"a40a8340-27e9-4ec8-a404-67d715091d97","properties":{"stationUuid":"a40a8340-27e9-4ec8-a404-67d715091d97","name":" RADIO ALTIPLANO 96.5 (Tlaxcala) - 96.5 FM - XHTLAX-FM - CORACYT - Tlaxcala, Tlaxcala","country":"Mexico","countryCode":"MX","language":"spanish","freqLabel":"96.5 FM","streamUrl":"https://radio11.mega00.com/8018/stream","codec":"MP3","votes":9},"geometry":{"type":"Point","coordinates":[-98.23948860168458,19.318395365731153]}},{"type":"Feature","id":"163f0401-5914-4e8f-b1de-72a353ecfc55","properties":{"stationUuid":"163f0401-5914-4e8f-b1de-72a353ecfc55","name":" RADIO CALPULALPAN 94.3 (Calpulalpan) - 94.3 FM - XHCAL-FM - CORACYT - Calpulalpan, Tlaxcala","country":"Mexico","countryCode":"MX","language":"spanish","freqLabel":"94.3 FM","streamUrl":"https://radio11.mega00.com/8006/stream","codec":"MP3","votes":1},"geometry":{"type":"Point","coordinates":[-98.56929302215576,19.58856104762056]}},{"type":"Feature","id":"e7bcfc01-cb7c-40df-bf8a-58f470b9a2d0","properties":{"stationUuid":"e7bcfc01-cb7c-40df-bf8a-58f470b9a2d0","name":" RADIO CAÑÓN 580 (GDL) - 580 AM - XEAV-AM - Grupo Radio Cañón - Guadalajara, Jalisco","country":"Mexico","countryCode":"MX","language":"spanish","freqLabel":null,"streamUrl":"https://streaming.servicioswebmx.com/8266/stream","codec":"MP3","votes":13},"geometry":{"type":"Point","coordinates":[-103.34066390991212,20.67479362080869]}},{"type":"Feature","id":"730ecc8e-667b-4a29-b0e9-999f26409851","properties":{"stationUuid":"730ecc8e-667b-4a29-b0e9-999f26409851","name":" RADIO CAÑÓN 760 (CDMX) - 760 AM - XEABC-AM - Grupo Radio Cañón - Ciudad de México","country":"Mexico","countryCode":"MX","language":"spanish","freqLabel":null,"streamUrl":"https://streamingcwsradio30.com/8292/stream","codec":"MP3","votes":14},"geometry":{"type":"Point","coordinates":[-99.13393020629884,19.436085975168535]}},{"type":"Feature","id":"808f4e82-0af4-41bf-925b-07fd95f78833","properties":{"stationUuid":"808f4e82-0af4-41bf-925b-07fd95f78833","name":" RADIO CAÑÓN 96.5 (Villahermosa) - 96.5 FM - XHOP-FM - Grupo Radio Cañón - Villahermosa, Tabasco","country":"Mexico","countryCode":"MX","language":"spanish","freqLabel":"96.5 FM","streamUrl":"https://streaming.servicioswebmx.com/8298/stream","codec":"MP3","votes":2},"geometry":{"type":"Point","coordinates":[-92.9370403289795,17.989960744999344]}},{"type":"Feature","id":"1ddabed2-932d-4865-a10e-f26b03fe28d8","properties":{"stationUuid":"1ddabed2-932d-4865-a10e-f26b03fe28d8","name":" RADIO CHILANGO 105.3 (CDMX) - 105.3 FM - XHINFO-FM - Capital Digital - Ciudad de México","country":"Mexico","countryCode":"MX","language":"spanish","freqLabel":"105.3 FM","streamUrl":"https://stream.radio.co/s938b68214/listen","codec":"MP3","votes":86},"geometry":{"type":"Point","coordinates":[-99.13435935974124,19.43547639857944]}},{"type":"Feature","id":"a4540114-3541-443d-ba91-b91460722f2c","properties":{"stationUuid":"a4540114-3541-443d-ba91-b91460722f2c","name":" RADIO COSTA 103.9 (Autlán) - 103.9 FM / 780 AM - XHLD-FM / XELD-AM - Autlán, Jalisco","country":"Mexico","countryCode":"MX","language":"spanish","freqLabel":"103.9 FM","streamUrl":"https://streaming.shoutcast.com/xhld-radio-costa","codec":"MP3","votes":7},"geometry":{"type":"Point","coordinates":[-104.36578273773196,19.771127092052343]}},{"type":"Feature","id":"f32c1b43-d3c5-4430-8cd5-fcc0cde93a89","properties":{"stationUuid":"f32c1b43-d3c5-4430-8cd5-fcc0cde93a89","name":" RADIO COSTA 780 (Autlán) - 780 AM - XELD-AM - Autlán, Jalisco","country":"Mexico","countryCode":"MX","language":"spanish","freqLabel":null,"streamUrl":"https://streaming.shoutcast.com/xhld-radio-costa","codec":"MP3","votes":4},"geometry":{"type":"Point","coordinates":[-104.36625480651855,19.77183509952324]}},{"type":"Feature","id":"dc7d7eed-1530-4261-84bc-f32dad99fe5f","properties":{"stationUuid":"dc7d7eed-1530-4261-84bc-f32dad99fe5f","name":" RADIO FAMILIA 107.9 (Parral) - 107.9 FM - XHDAB-FM - Hidalgo del Parral, Chihuahua","country":"Mexico","countryCode":"MX","language":"spanish","freqLabel":"107.9 FM","streamUrl":"https://radiofamilia1.radioca.st/stream","codec":"MP3","votes":3},"geometry":{"type":"Point","coordinates":[-105.6672763824463,26.931370153698015]}},{"type":"Feature","id":"175ed0a2-5d32-42ea-8cd1-70bd395837af","properties":{"stationUuid":"175ed0a2-5d32-42ea-8cd1-70bd395837af","name":" RADIO FÓRMULA 100.1 (Poza Rica) - 100.1 FM - XHXK-FM - Grupo Fórmula - Poza Rica, Veracruz","country":"Mexico","countryCode":"MX","language":"spanish","freqLabel":"100.1 FM","streamUrl":"https://stream.radiojar.com/yqkm4a9n3p8uv","codec":"AAC","votes":1},"geometry":{"type":"Point","coordinates":[-97.4549961090088,20.53391437069477]}},{"type":"Feature","id":"e941a76e-e2bb-439a-aabf-55c923cad691","properties":{"stationUuid":"e941a76e-e2bb-439a-aabf-55c923cad691","name":" Radio Fórmula 103.3 (CDMX) - 103.3 FM - XERFR-FM - Grupo Fórmula - Ciudad de México","country":"Mexico","countryCode":"MX","language":"spanish","freqLabel":"103.3 FM","streamUrl":"https://mdstrm.com/audio/6102ce7ef33d0b0830ec3adc/live.m3u8","codec":"AAC","votes":632},"geometry":{"type":"Point","coordinates":[-99.1336727142334,19.433533832191916]}},{"type":"Feature","id":"60b08b2e-d319-4a00-8040-084d43988c44","properties":{"stationUuid":"60b08b2e-d319-4a00-8040-084d43988c44","name":" RADIO FÓRMULA 103.3 (CDMX) - 103.3 FM - XERFR-FM - Grupo Fórmula - Ciudad de México","country":"Mexico","countryCode":"MX","language":"spanish","freqLabel":"103.3 FM","streamUrl":"https://mdstrm.com/audio/6102ce7ef33d0b0830ec3adc/live.m3u8","codec":"AAC","votes":11},"geometry":{"type":"Point","coordinates":[-99.13290023803712,19.435114698525712]}},{"type":"Feature","id":"4be87ba6-ae74-4e76-b126-a0262e5d1472","properties":{"stationUuid":"4be87ba6-ae74-4e76-b126-a0262e5d1472","name":" RADIO FÓRMULA 103.3: Damos Poder A Tu Voz","country":"Mexico","countryCode":"MX","language":"spanish","freqLabel":null,"streamUrl":"https://mdstrm.com/audio/6102ce7ef33d0b0830ec3adc/live.m3u8","codec":"AAC","votes":2},"geometry":{"type":"Point","coordinates":[-99.13109779357912,19.43580015738473]}},{"type":"Feature","id":"27ce639e-6db5-4962-9221-82b62ed78351","properties":{"stationUuid":"27ce639e-6db5-4962-9221-82b62ed78351","name":" RADIO FÓRMULA 104.1 (CDMX) - 104.1 FM - XEDF-FM - Grupo Fórmula - Ciudad de México","country":"Mexico","countryCode":"MX","language":"spanish","freqLabel":"104.1 FM","streamUrl":"https://mdstrm.com/audio/61e1dfd2658baf082814e25d/live.m3u8","codec":"AAC","votes":69},"geometry":{"type":"Point","coordinates":[-99.1318702697754,19.43543845805219]}},{"type":"Feature","id":"0a17d7bd-ff47-491f-995f-fd04ed1a1e7a","properties":{"stationUuid":"0a17d7bd-ff47-491f-995f-fd04ed1a1e7a","name":" RADIO FÓRMULA 1470 (CDMX) - 1470 AM - XEAI-AM - Grupo Fórmula - Ciudad de México","country":"Mexico","countryCode":"MX","language":"spanish","freqLabel":null,"streamUrl":"https://mdstrm.com/audio/602196cd0607850695f31cd8/live.m3u8","codec":"AAC","votes":59},"geometry":{"type":"Point","coordinates":[-99.13599014282228,19.436085975168535]}},{"type":"Feature","id":"d2c0bab9-b298-435e-8684-231c3b17fabe","properties":{"stationUuid":"d2c0bab9-b298-435e-8684-231c3b17fabe","name":" RADIO FÓRMULA 1500 (CDMX) - 1500 AM - XEDF-AM - Grupo Fórmula - Ciudad de México","country":"Mexico","countryCode":"MX","language":"spanish","freqLabel":null,"streamUrl":"https://mdstrm.com/audio/61e1e00417181d3a42851257/live.m3u8","codec":"AAC","votes":3},"geometry":{"type":"Point","coordinates":[-99.13290023803712,19.43349589121079]}},{"type":"Feature","id":"b698d891-f622-49f4-9bc7-48d319f993bc","properties":{"stationUuid":"b698d891-f622-49f4-9bc7-48d319f993bc","name":" RADIO FÓRMULA 590 (Durango) - 590 AM - XEE-AM - Grupo Fórmula - Durango, Durango","country":"Mexico","countryCode":"MX","language":"spanish","freqLabel":null,"streamUrl":"https://stream.radiojar.com/z6tstbtg4p8uv","codec":"AAC","votes":5},"geometry":{"type":"Point","coordinates":[-104.65421676635744,24.025068858349975]}},{"type":"Feature","id":"3a63241b-4d95-465a-91e3-e91ef53a5832","properties":{"stationUuid":"3a63241b-4d95-465a-91e3-e91ef53a5832","name":" RADIO FÓRMULA 950 (Tijuana) - 950 AM - XEKAM-AM - Grupo Fórmula - Tijuana, Baja California","country":"Mexico","countryCode":"MX","language":"spanish","freqLabel":null,"streamUrl":"https://stream.radiojar.com/nce1peen3p8uv","codec":"AAC","votes":3},"geometry":{"type":"Point","coordinates":[-117.01932907104494,32.53285283545069]}},{"type":"Feature","id":"fc9661da-aa40-405e-b3aa-d7a10f8a584f","properties":{"stationUuid":"fc9661da-aa40-405e-b3aa-d7a10f8a584f","name":" RADIO FÓRMULA 97.5 (La Paz) - 97.5 FM - XHNT-FM - Grupo Fórmula - La Paz, Baja California Sur","country":"Mexico","countryCode":"MX","language":"spanish","freqLabel":"97.5 FM","streamUrl":"https://stream.radiojar.com/n9nz7y4n3p8uv","codec":"AAC","votes":2},"geometry":{"type":"Point","coordinates":[-110.28797149658205,24.135954691210657]}},{"type":"Feature","id":"eea7f8e5-0bee-4ef8-a189-d52e0405e3e1","properties":{"stationUuid":"eea7f8e5-0bee-4ef8-a189-d52e0405e3e1","name":" RADIO FÓRMULA 970 (CDMX) - 970 AM - XERFR-AM - Grupo Fórmula - Ciudad de México","country":"Mexico","countryCode":"MX","language":"spanish","freqLabel":null,"streamUrl":"https://mdstrm.com/audio/61e1e0125e404b0836c1e402/live.m3u8","codec":"AAC","votes":15},"geometry":{"type":"Point","coordinates":[-99.1355609893799,19.435314518934717]}},{"type":"Feature","id":"2a26f9fa-d0c6-4960-8547-03f4659e44df","properties":{"stationUuid":"2a26f9fa-d0c6-4960-8547-03f4659e44df","name":" RADIO JEREZ 89.1 (Jerez) - 89.1 FM - XHXM-FM - Grupo Radiofónico ZER - Jerez, Zacatecas","country":"Mexico","countryCode":"MX","language":"spanish","freqLabel":"89.1 FM","streamUrl":"https://cast.zuperdns.net/8016/stream/","codec":"MP3","votes":1},"geometry":{"type":"Point","coordinates":[-102.98935890197754,22.651366021113727]}},{"type":"Feature","id":"92d54fff-be50-46ef-8358-550e9646fa31","properties":{"stationUuid":"92d54fff-be50-46ef-8358-550e9646fa31","name":" RADIO LA GUADALUPANA ESNE 620 (CDMX) - 620 AM - XENK-AM - ESNE Radio - Ciudad de México","country":"Mexico","countryCode":"MX","language":"spanish","freqLabel":null,"streamUrl":"https://securestreams7.autopo.st/?uri=https://s3.voscast.com:11489/xstream","codec":"MP3","votes":2},"geometry":{"type":"Point","coordinates":[-99.1326427459717,19.43515263912861]}},{"type":"Feature","id":"c417e08c-1f7c-4696-9587-7becc0f402fb","properties":{"stationUuid":"c417e08c-1f7c-4696-9587-7becc0f402fb","name":" RADIO LATINA 104.5 (Tijuana) - 104.5 FM - XHLTN-FM - Grupo Imagen - Tijuana, Baja California","country":"Mexico","countryCode":"MX","language":"spanish","freqLabel":"104.5 FM","streamUrl":"https://mdstrm.com/audio/698f8c71e9899b0d0ceab9c0/live.m3u8","codec":"AAC","votes":6},"geometry":{"type":"Point","coordinates":[-117.0176124572754,32.53227393427615]}},{"type":"Feature","id":"63fda93e-6e0a-4fef-a928-3466bd89ff85","properties":{"stationUuid":"63fda93e-6e0a-4fef-a928-3466bd89ff85","name":" RADIO METRÓPOLI 1150 (GDL) - 1150 AM - XEAD-AM - Grupo Unidifusión - Guadalajara, Jalisco","country":"Mexico","countryCode":"MX","language":"spanish","freqLabel":null,"streamUrl":"https://s2.yesstreaming.net:9088/stream","codec":"MP3","votes":165},"geometry":{"type":"Point","coordinates":[-103.3400630950928,20.674349443390476]}},{"type":"Feature","id":"8e05424e-8ce9-4c96-b283-61378a64a07f","properties":{"stationUuid":"8e05424e-8ce9-4c96-b283-61378a64a07f","name":" RADIO MEXICANA Nuestras Noticias 1300 (Ciudad Juárez) - 1300 AM - XEP-AM - Radiorama - Ciudad Juárez, Chihuahua","country":"Mexico","countryCode":"MX","language":"spanish","freqLabel":null,"streamUrl":"https://stream.zeno.fm/9b3xff05dkhvv","codec":"MP3","votes":33},"geometry":{"type":"Point","coordinates":[-106.48558616638184,31.737622900990324]}},{"type":"Feature","id":"7fde3c64-f9d9-48b9-900f-36327cba41d5","properties":{"stationUuid":"7fde3c64-f9d9-48b9-900f-36327cba41d5","name":" RADIO MEXICO INTERNACIONAL (CDMX) - Online - www.imer.mx - IMER - Ciudad de México","country":"Mexico","countryCode":"MX","language":"spanish","freqLabel":null,"streamUrl":"https://securestreams7.autopo.st/?uri=https://s2.mexside.net/8020/stream","codec":"MP3","votes":4},"geometry":{"type":"Point","coordinates":[-99.13401603698732,19.434666998742035]}},{"type":"Feature","id":"f015170b-3df8-4fd6-80ed-04ac41c574e9","properties":{"stationUuid":"f015170b-3df8-4fd6-80ed-04ac41c574e9","name":" RADIO MUNDO 89.3 (Mérida) - 89.3 FM - XHMIA-FM - Mérida, Yucatan","country":"Mexico","countryCode":"MX","language":"spanish","freqLabel":"89.3 FM","streamUrl":"https://securestreams7.autopo.st/?uri=https://s6.voscast.com:11825/stream","codec":"AAC","votes":3},"geometry":{"type":"Point","coordinates":[-89.62440490722658,20.980373978667583]}},{"type":"Feature","id":"cd28e1fa-cebf-426e-8155-7cce750449a0","properties":{"stationUuid":"cd28e1fa-cebf-426e-8155-7cce750449a0","name":" RADIO NARANJERA 100.9 (Montemorelos) - 100.9 FM - XHERN- FM - Grupo Mass Comunicaciones - Montemorelos, Nuevo León","country":"Mexico","countryCode":"MX","language":"spanish","freqLabel":"100.9 FM","streamUrl":"https://app.sonicpanelradio.com:8406/live","codec":"MP3","votes":0},"geometry":{"type":"Point","coordinates":[-99.82890129089355,25.189682674710657]}},{"type":"Feature","id":"830fafe3-fa9f-4fb2-a625-18cf936b430a","properties":{"stationUuid":"830fafe3-fa9f-4fb2-a625-18cf936b430a","name":" RADIO RANCHITO 99.7 (Calvillo) - 99.7 FM - XHPLVI-FM - Grupo ULTRA México - Calvillo, Aguascalientes","country":"Mexico","countryCode":"MX","language":"spanish","freqLabel":"99.7 FM","streamUrl":"https://streamingcwsradio30.com:7006/stream.mp3","codec":"MP3","votes":8},"geometry":{"type":"Point","coordinates":[-102.71774768829349,21.847220511765283]}},{"type":"Feature","id":"4683267c-5e37-4354-aeea-da017c1b133f","properties":{"stationUuid":"4683267c-5e37-4354-aeea-da017c1b133f","name":" RADIO RANCHITO 99.7 (Calvillo) - 99.7 FM - XHPLVI-FM - Grupo ULTRA Mexico - Calvillo, Aguascalientes","country":"Mexico","countryCode":"MX","language":"spanish","freqLabel":"99.7 FM","streamUrl":"https://streamingcwsradio30.com:7006/stream.mp3","codec":"MP3","votes":1},"geometry":{"type":"Point","coordinates":[-102.71796226501466,21.848078166498155]}},{"type":"Feature","id":"6dddf6d1-2de5-414b-89eb-a4d55742870e","properties":{"stationUuid":"6dddf6d1-2de5-414b-89eb-a4d55742870e","name":" RADIO RECUERDO 860 (MTY) - 860 AM - XENL-AM - Multimedios Radio - Monterrey, Nuevo León","country":"Mexico","countryCode":"MX","language":"spanish","freqLabel":null,"streamUrl":"https://mdstrm.com/audio/672a5df773078862801f389f/icecast.audio","codec":"AAC","votes":23},"geometry":{"type":"Point","coordinates":[-100.31556129455566,25.68125578135227]}},{"type":"Feature","id":"ea8c28e7-16b7-4cf3-979d-102f20350cde","properties":{"stationUuid":"ea8c28e7-16b7-4cf3-979d-102f20350cde","name":" RADIO REYNA 97.3 (Tamazunchale) - 97.3 FM - XHGI-FM - Tamazunchale, San Luis Potosí","country":"Mexico","countryCode":"MX","language":"spanish","freqLabel":"97.3 FM","streamUrl":"https://stream9.mexiserver.com/8064/stream","codec":"MP3","votes":23},"geometry":{"type":"Point","coordinates":[-98.7911868095398,21.262371456199745]}},{"type":"Feature","id":"8fdc63e5-7059-48d4-bd3d-bec361a4abf9","properties":{"stationUuid":"8fdc63e5-7059-48d4-bd3d-bec361a4abf9","name":" RADIO SAN MIGUEL 103.3 (San Miguel de Allende) - 103.3 FM - XHSQ-FM - San Miguel de Allende, Guanajuato","country":"Mexico","countryCode":"MX","language":"spanish","freqLabel":"103.3 FM","streamUrl":"https://stream.zeno.fm/2eu08p2k12quv","codec":"MP3","votes":4},"geometry":{"type":"Point","coordinates":[-100.74389934539796,20.91572804536822]}},{"type":"Feature","id":"51a50aac-e161-429b-8973-f359bbb0776a","properties":{"stationUuid":"51a50aac-e161-429b-8973-f359bbb0776a","name":" RADIO SENSACIONAL DIGITAL 93.9 (Allende) - 93.9 FM - XHVD-FM - Allende, Coahuila","country":"Mexico","countryCode":"MX","language":"spanish","freqLabel":"93.9 FM","streamUrl":"https://usa6.fastcast4u.com/proxy/xevd?mp=/stream","codec":"MP3","votes":1},"geometry":{"type":"Point","coordinates":[-100.85187435150148,28.34274503384887]}},{"type":"Feature","id":"8b33166a-a067-4371-a6b6-f1d685741a3e","properties":{"stationUuid":"8b33166a-a067-4371-a6b6-f1d685741a3e","name":" RADIO TURQUESA 105.1 (Cancún) - 105.1 FM - XHNUC-FM - Grupo Turquesa - Cancún, Quintana Roo","country":"Mexico","countryCode":"MX","language":"spanish","freqLabel":"105.1 FM","streamUrl":"https://stream.miradio.in/proxy/rt1051/live","codec":"MP3","votes":10},"geometry":{"type":"Point","coordinates":[-86.84271812438966,21.15492010799572]}},{"type":"Feature","id":"86db4b6d-f252-4544-89ea-1b6b4292fee7","properties":{"stationUuid":"86db4b6d-f252-4544-89ea-1b6b4292fee7","name":" RADIO UAA 94.5 (Aguascalientes) - 94.5 FM - XHUAA-FM - UAA (Universidad Autónoma de Aguascalientes) - Aguascalientes, Aguascalientes","country":"Mexico","countryCode":"MX","language":"spanish","freqLabel":"94.5 FM","streamUrl":"https://streamingcwsradio30.com/8148/stream","codec":"MP3","votes":3},"geometry":{"type":"Point","coordinates":[-102.29627609252933,21.88181513860397]}},{"type":"Feature","id":"3a1634da-37b6-42ba-8e4a-1bf8767f3a42","properties":{"stationUuid":"3a1634da-37b6-42ba-8e4a-1bf8767f3a42","name":" RADIO UNAM 860 (CDMX) - 860 AM - XEUN-AM - UNAM (Universidad Autónoma de México) - Ciudad de MÉxico","country":"Mexico","countryCode":"MX","language":"spanish","freqLabel":null,"streamUrl":"https://tv.radiohosting.online:9486/stream","codec":"MP3","votes":2},"geometry":{"type":"Point","coordinates":[-99.1336727142334,19.434343237677428]}},{"type":"Feature","id":"d301e9cf-ff5c-4fbe-8f52-1db57dc1ecf0","properties":{"stationUuid":"d301e9cf-ff5c-4fbe-8f52-1db57dc1ecf0","name":" RADIO UNAM 860 (CDMX) - 860 AM - XEUN-AM - UNAM (Universidad Autónoma de México) - Ciudad de México","country":"Mexico","countryCode":"MX","language":"spanish","freqLabel":null,"streamUrl":"https://tv.radiohosting.online:9486/stream","codec":"MP3","votes":9},"geometry":{"type":"Point","coordinates":[-99.13530349731448,19.43543845805219]}},{"type":"Feature","id":"002187e0-487f-46e3-b18a-2af81085f6f6","properties":{"stationUuid":"002187e0-487f-46e3-b18a-2af81085f6f6","name":" RADIO UNAM 96.1 (CDMX) - 96.1 FM - XEUN-FM - UNAM (Universidad Autónoma de México) - Ciudad de México","country":"Mexico","countryCode":"MX","language":"spanish","freqLabel":"96.1 FM","streamUrl":"https://tv.radiohosting.online:9484/stream","codec":"MP3","votes":16},"geometry":{"type":"Point","coordinates":[-99.13418769836429,19.434019475967336]}},{"type":"Feature","id":"eeae5375-972e-4a1f-9e61-b2d886c8d051","properties":{"stationUuid":"eeae5375-972e-4a1f-9e61-b2d886c8d051","name":" RADIO UNIVERSIDAD 100.5 (Durango) - 100.5 FM - XHHD-FM - Universidad Juárez del Estado de Durango (UJED) - Durango, Durango","country":"Mexico","countryCode":"MX","language":"spanish","freqLabel":"100.5 FM","streamUrl":"https://streaming.radio.ujed.mx/stream","codec":"MP3","votes":3},"geometry":{"type":"Point","coordinates":[-104.65516090393068,24.02338090592355]}},{"type":"Feature","id":"5fefbd73-3893-4c1d-8a7d-9d2a8b1692b0","properties":{"stationUuid":"5fefbd73-3893-4c1d-8a7d-9d2a8b1692b0","name":" RADIO UNIVERSIDAD 105.3 (Chihuahua) - 105.3 FM - XHRU-FM - Universidad Autónoma de Chihuahua - Chihuahua, Chihuahua","country":"Mexico","countryCode":"MX","language":"spanish","freqLabel":"105.3 FM","streamUrl":"https://stream.zeno.fm/e2px6k3kwzzuv","codec":"AAC","votes":2},"geometry":{"type":"Point","coordinates":[-106.07737541198732,28.638286084771163]}},{"type":"Feature","id":"f099c167-2453-4334-bdb1-69fe116d85d4","properties":{"stationUuid":"f099c167-2453-4334-bdb1-69fe116d85d4","name":" RADIO UNIVERSIDAD 88.1 (Chihuahua) - 88.1 FM - XHCPDB-FM - Universidad Autónoma de Chihuahua - Chihuahua, Chihuahua","country":"Mexico","countryCode":"MX","language":"spanish","freqLabel":"88.1 FM","streamUrl":"https://stream.zeno.fm/b55avvu0x1zuv","codec":"AAC","votes":1},"geometry":{"type":"Point","coordinates":[-106.07651710510255,28.637834101327343]}},{"type":"Feature","id":"20acf04d-8e12-4eca-9409-ce6f7cbe4511","properties":{"stationUuid":"20acf04d-8e12-4eca-9409-ce6f7cbe4511","name":" RADIO UNIVERSIDAD 89.5 (Querétaro) - 89.5 FM - XHUAQ-FM - Universidad Autónoma de Querétaro - Querétaro, Querétaro","country":"Mexico","countryCode":"MX","language":"spanish","freqLabel":"89.5 FM","streamUrl":"https://estaciones.uaq.mx:8000/radio.mp3","codec":"MP3","votes":7},"geometry":{"type":"Point","coordinates":[-100.39225101470949,20.593722298311373]}},{"type":"Feature","id":"324980ca-68e3-4015-b5a4-ac9f5db3bb60","properties":{"stationUuid":"324980ca-68e3-4015-b5a4-ac9f5db3bb60","name":" RADIO UNIVERSIDAD DE GDL 102.3 (Autlán) - 102.3 FM - XHANU-FM - Universidad de Guadalajara - Autlán, Jalisco","country":"Mexico","countryCode":"MX","language":"spanish","freqLabel":"102.3 FM","streamUrl":"https://stream-288.surfernetwork.com/h6x4srz92hhvv?zt=eyJhbGciOiJIUzI1NiJ9.eyJzdHJlYW0iOiJoNng0c3J6OTJoaHZ2IiwiaG9zdCI6InN0cmVhbS0yODguc3VyZmVybmV0d29yay5jb20iLCJ0bSI6ZmFsc2UsInJ0dGwiOjUsImp0aSI6ImFUMXh3ZjM4U2phbVlHalFTWFotMnciLCJpYXQiOjE3ODk5MzMzODIsImV4cCI6MTc4OTkzMzQ0Mn0.3hRLULfnRvgNIkpttsiXrzC2EfHDvAdujww1W1lcsIk","codec":"MP3","votes":14},"geometry":{"type":"Point","coordinates":[-104.3658256530762,19.771474154931045]}},{"type":"Feature","id":"ecb3ddca-fa0f-4ec1-8515-eec65e110dbc","properties":{"stationUuid":"ecb3ddca-fa0f-4ec1-8515-eec65e110dbc","name":" RADIO UNIVERSIDAD DE GDL 105.5 (Ameca) - 105.5 FM - XHUGA-FM - Universidad de Guadalajara - Ameca, Jalisco","country":"Mexico","countryCode":"MX","language":"spanish","freqLabel":"105.5 FM","streamUrl":"https://stream.zeno.fm/cu717gz92hhvv","codec":"MP3","votes":22},"geometry":{"type":"Point","coordinates":[-104.03855323791504,20.538576189584223]}},{"type":"Feature","id":"af6edb2f-2f9e-4f5f-86bd-636ed8b8543f","properties":{"stationUuid":"af6edb2f-2f9e-4f5f-86bd-636ed8b8543f","name":" RADIO UNIVERSIDAD DE GUADALAJARA 105.5 (Ameca) - 105.5 FM - XHUGA-FM - Universidad de Guadalajara - Ameca, Jalisco","country":"Mexico","countryCode":"MX","language":"spanish","freqLabel":"105.5 FM","streamUrl":"https://stream.zeno.fm/cu717gz92hhvv","codec":"MP3","votes":17},"geometry":{"type":"Point","coordinates":[-104.04662132263184,20.54934605529373]}},{"type":"Feature","id":"8752b00a-8a2d-40f5-b946-55e30d50bcf8","properties":{"stationUuid":"8752b00a-8a2d-40f5-b946-55e30d50bcf8","name":" RADIO VARIEDADES 103.5 (Los Mochis) - 103.5 FM - XHPNK-FM - Cadena OIR - Los Mochis, Sinaloa","country":"Mexico","countryCode":"MX","language":"spanish","freqLabel":"103.5 FM","streamUrl":"https://radios.blumhost.es/8126/;","codec":"AAC","votes":13},"geometry":{"type":"Point","coordinates":[-108.99003982543948,25.7951821401312]}},{"type":"Feature","id":"fee87d7b-934c-4a21-8b0a-7975d3892157","properties":{"stationUuid":"fee87d7b-934c-4a21-8b0a-7975d3892157","name":" RADIO VIDA 100.1 (Ciudad Obregón) - 100.1 FM - XHCSAE-FM - Radio Vida MX - Ciudad Obregon, Sonora","country":"Mexico","countryCode":"MX","language":"spanish","freqLabel":"100.1 FM","streamUrl":"https://stream4.305stream.com:9675/stream","codec":"MP3","votes":3},"geometry":{"type":"Point","coordinates":[-109.93529319763184,27.48569981459472]}},{"type":"Feature","id":"b5e17859-2e48-4118-a3b8-0d23818f53e2","properties":{"stationUuid":"b5e17859-2e48-4118-a3b8-0d23818f53e2","name":" RADIO VITAL 1310 (Guadalajara) - 1310 AM - XETIA-AM - Grupo Unidifusión - Guadalajara, Jalisco","country":"Mexico","countryCode":"MX","language":"spanish","freqLabel":null,"streamUrl":"https://s2.yesstreaming.net:9097/stream","codec":"MP3","votes":2},"geometry":{"type":"Point","coordinates":[-103.33800315856934,20.67274336730612]}},{"type":"Feature","id":"e0ab98a8-6bff-4af2-94ad-921b2a5f4d69","properties":{"stationUuid":"e0ab98a8-6bff-4af2-94ad-921b2a5f4d69","name":" RADIO XICOTEPEC 570 (Xicotepec) - 570 AM - XEVJP-AM - Xicotepec, Puebla","country":"Mexico","countryCode":"MX","language":"spanish","freqLabel":null,"streamUrl":"https://sh1.radioonlinehd.com:8044/stream","codec":"AAC","votes":13},"geometry":{"type":"Point","coordinates":[-97.96002388000488,20.27906751293053]}},{"type":"Feature","id":"a60073e7-91bd-4520-9295-7fc2d532fa47","properties":{"stationUuid":"a60073e7-91bd-4520-9295-7fc2d532fa47","name":" RADIO ZACATECAS 97.9 (Zacatecas) - 97.9 FM - XHZH-FM - SIZART (Sistema Zacatecano de Radio y Televisión) - Zacatecas, Zacatecas","country":"Mexico","countryCode":"MX","language":"spanish","freqLabel":"97.9 FM","streamUrl":"https://streamingcwsradio30.com/8102/stream","codec":"MP3","votes":12},"geometry":{"type":"Point","coordinates":[-102.57217884063722,22.776083819121062]}},{"type":"Feature","id":"0a5b02f5-16f0-4745-bab4-82094540e0d9","properties":{"stationUuid":"0a5b02f5-16f0-4745-bab4-82094540e0d9","name":" RADIO ZOQUE 105.9 (Tuxtla) - 105.9 FM - XHLM-FM - Grupo AS Comunicación - Tuxtla Gutiérrez, Chiapas","country":"Mexico","countryCode":"MX","language":"spanish","freqLabel":"105.9 FM","streamUrl":"https://stream.zeno.fm/dazhxtdx64avv","codec":"MP3","votes":81},"geometry":{"type":"Point","coordinates":[-93.11608314514162,16.75552564324967]}},{"type":"Feature","id":"4f452ab7-3a39-4f07-b521-020dfe0c0854","properties":{"stationUuid":"4f452ab7-3a39-4f07-b521-020dfe0c0854","name":" RADIORAMA FRECUENCIA DEPORTIVA 1340 (GDL) - 1340 AM - XEDKT-AM - Radiorama de Occidente - Guadalajara, Jalisco","country":"Mexico","countryCode":"MX","language":"spanish","freqLabel":null,"streamUrl":"https://stream.zeno.fm/r1540b8e408uv","codec":"MP3","votes":53},"geometry":{"type":"Point","coordinates":[-103.33997726440433,20.67511483304727]}},{"type":"Feature","id":"a07a79bb-605a-4cdd-8ba8-0f75621b0222","properties":{"stationUuid":"a07a79bb-605a-4cdd-8ba8-0f75621b0222","name":" REACTOR 105.7 (CDMX) - 105.7 FM - XHOF-FM - IMER - Ciudad de México","country":"Mexico","countryCode":"MX","language":"spanish","freqLabel":"105.7 FM","streamUrl":"https://securestreams7.autopo.st/?uri=http://184.164.75.138:8002/stream","codec":"MP3","votes":5},"geometry":{"type":"Point","coordinates":[-99.1327714920044,19.433552802679156]}},{"type":"Feature","id":"5e334172-ba96-42c9-9122-3142e98e6390","properties":{"stationUuid":"5e334172-ba96-42c9-9122-3142e98e6390","name":" RED CIUDADANA 1120 (Puebla) - 1120 AM - XEPOP-AM - Cinco Radio - Puebla, Puebla","country":"Mexico","countryCode":"MX","language":"spanish","freqLabel":null,"streamUrl":"https://sg.centrocibernetico.com/formula1120am","codec":"MP3","votes":4},"geometry":{"type":"Point","coordinates":[-98.19897651672365,19.04471837223963]}},{"type":"Feature","id":"2d0061f1-8514-4ca6-8d67-8f2ba1e1482d","properties":{"stationUuid":"2d0061f1-8514-4ca6-8d67-8f2ba1e1482d","name":" RETRO 103.1 (Mérida) - 103.1 FM - XHPYM-FM - Cadena RASA - Mérida, Yucatán","country":"Mexico","countryCode":"MX","language":"spanish","freqLabel":"103.1 FM","streamUrl":"https://stream.zeno.fm/yxnr8zs7v68uv","codec":"MP3","votes":12},"geometry":{"type":"Point","coordinates":[-89.62217330932619,20.96905873009439]}},{"type":"Feature","id":"6eef21a3-51bd-4047-b8d4-e3f80daae4c7","properties":{"stationUuid":"6eef21a3-51bd-4047-b8d4-e3f80daae4c7","name":" Retro 107.5 (GDL) - 107.5 FM - XHVOZ-FM - Grupo Audiorama Comunicaciones - Guadalajara, Jalisco","country":"Mexico","countryCode":"MX","language":"spanish","freqLabel":"107.5 FM","streamUrl":"https://ss1.audiorama.com.mx:6574/vibefm","codec":"MP3","votes":181},"geometry":{"type":"Point","coordinates":[-103.3385181427002,20.674349443390476]}},{"type":"Feature","id":"f2bbe5ba-64cf-4c99-96c8-d07b6287ad58","properties":{"stationUuid":"f2bbe5ba-64cf-4c99-96c8-d07b6287ad58","name":" RETRO 98.5 (San Luis Potosí) - 98.5 FM - XHQK-FM - Cadena RASA - San Luis Potosí, San Luis Potosí","country":"Mexico","countryCode":"MX","language":"spanish","freqLabel":"98.5 FM","streamUrl":"https://stream.zenolive.com/yms1lgfubmotv","codec":"MP3","votes":9},"geometry":{"type":"Point","coordinates":[-100.9786891937256,22.15303023238651]}},{"type":"Feature","id":"b99657af-9693-4e48-a47c-730419468482","properties":{"stationUuid":"b99657af-9693-4e48-a47c-730419468482","name":" RETRO FM 107.5 (GDL) - 107.5 FM - XHVOZ-FM - Grupo Audiorama Comunicaciones - Guadalajara, Jalisco","country":"Mexico","countryCode":"MX","language":"spanish","freqLabel":"107.5 FM","streamUrl":"https://ss1.audiorama.com.mx:6574/vibefm","codec":"MP3","votes":11},"geometry":{"type":"Point","coordinates":[-103.33886146545412,20.6735464074718]}},{"type":"Feature","id":"6a1c083f-42c4-4901-b0f1-fd4152235d7d","properties":{"stationUuid":"6a1c083f-42c4-4901-b0f1-fd4152235d7d","name":" RETRO FM 88.1 (Córdoba) - 88.1 FM - XHDZ-FM - Grupo Audiorama Comunicaciones - Córdoba, Veracruz","country":"Mexico","countryCode":"MX","language":"spanish","freqLabel":"88.1 FM","streamUrl":"https://ss1.audiorama.com.mx:6658/stream","codec":"MP3","votes":7},"geometry":{"type":"Point","coordinates":[-96.13869667053224,19.20106829085945]}},{"type":"Feature","id":"88f8123f-07eb-4f99-bff1-98109a0c26f2","properties":{"stationUuid":"88f8123f-07eb-4f99-bff1-98109a0c26f2","name":" RETRO FM 93.9 (Ciudad del Carmen) - 93.9 FM - XHPMEN-FM - Grupo Audiorama Comunicaciones - Ciudad del Carmen, Campeche","country":"Mexico","countryCode":"MX","language":"spanish","freqLabel":"93.9 FM","streamUrl":"https://ss1.audiorama.com.mx:6572/","codec":"MP3","votes":27},"geometry":{"type":"Point","coordinates":[-91.80798053741456,18.648421856346587]}},{"type":"Feature","id":"d807a853-2794-4851-8a5d-f728166e7ee3","properties":{"stationUuid":"d807a853-2794-4851-8a5d-f728166e7ee3","name":" RMX 107.5 (GDL) - 107.5 FM - XHVOZ-FM - Grupo Audiorama Comunicaciones / Grupo Imagen - Guadalajara, Jalisco","country":"Mexico","countryCode":"MX","language":"spanish","freqLabel":"107.5 FM","streamUrl":"https://ss1.audiorama.com.mx:6574/rmx","codec":"MP3","votes":1},"geometry":{"type":"Point","coordinates":[-103.33937644958498,20.67434944339046]}},{"type":"Feature","id":"d9e371c1-2e50-419d-ad0f-eb88378a972b","properties":{"stationUuid":"d9e371c1-2e50-419d-ad0f-eb88378a972b","name":" ROMÁNTICA 1380 (CDMX) - 1380 AM - XECO-AM - Radiorama Valle de México - Ciudad de México","country":"Mexico","countryCode":"MX","language":"spanish","freqLabel":null,"streamUrl":"https://cdn1.onstream.audio/proxy/xeco/stream","codec":"MP3","votes":78},"geometry":{"type":"Point","coordinates":[-99.13126945495608,19.434181356903075]}},{"type":"Feature","id":"a624b021-a2a6-477d-a74d-323b4375ff8e","properties":{"stationUuid":"a624b021-a2a6-477d-a74d-323b4375ff8e","name":" ROMÁNTICA 89.5 (Culiacán) - 89.5 FM - XHCSI-FM - TM Medios / Radiorama Sinaloa - Culiacán, Sinaloa","country":"Mexico","countryCode":"MX","language":"spanish","freqLabel":"89.5 FM","streamUrl":"https://stream-284.surfernetwork.com/3195h8s3ekhvv?zt=eyJhbGciOiJIUzI1NiJ9.eyJzdHJlYW0iOiIzMTk1aDhzM2VraHZ2IiwiaG9zdCI6InN0cmVhbS0yODQuc3VyZmVybmV0d29yay5jb20iLCJ0bSI6ZmFsc2UsInJ0dGwiOjUsImp0aSI6IjFyNVJoU3IxVEwyOEZBUmx0VDBTMGciLCJpYXQiOjE3ODk5ODE1NjgsImV4cCI6MTc4OTk4MTYyOH0.DgrmWii2joYjauXAulqdgAcWUV2_JzLhF9T9copeFn0","codec":"MP3","votes":3},"geometry":{"type":"Point","coordinates":[-107.39281654357912,24.79916515239927]}},{"type":"Feature","id":"bb7b3ef0-e262-452b-a2b6-18d5c0b04246","properties":{"stationUuid":"bb7b3ef0-e262-452b-a2b6-18d5c0b04246","name":" ROMÁNTICA 93.1 (San Luis Potosí) - 93.1 FM - XHEI-FM - Grupo AS Comunicación / Radiorama - San Luis Potosí, San Luis Potosí","country":"Mexico","countryCode":"MX","language":"spanish","freqLabel":"93.1 FM","streamUrl":"https://stream.zeno.fm/uzejcai7evcvv","codec":"MP3","votes":2},"geometry":{"type":"Point","coordinates":[-100.97650051116943,22.152412905246095]}},{"type":"Feature","id":"e4376c8a-df09-4f02-bb18-5c3e0127b576","properties":{"stationUuid":"e4376c8a-df09-4f02-bb18-5c3e0127b576","name":" RTQ RADIO 100.3 (Querétaro) - 100.3 FM - XHQUE-FM - RTQ (Radio Televisión Querétaro) - Querétaro, Querétaro","country":"Mexico","countryCode":"MX","language":"spanish","freqLabel":"100.3 FM","streamUrl":"https://59d39900ebfb8.streamlock.net/rytqroradio2/rytqroradio2/playlist.m3u8","codec":"AAC","votes":3},"geometry":{"type":"Point","coordinates":[-100.38971900939944,20.593864159050472]}},{"type":"Feature","id":"8af66415-c116-42e3-9e5a-9ece1f23ca6f","properties":{"stationUuid":"8af66415-c116-42e3-9e5a-9ece1f23ca6f","name":" SENSITIVA 88.3 (Maravatío) - 88.3 FM - XHPVAT-FM - Grupo LCL Comunicaciones - Maravatío, Michoacán","country":"Mexico","countryCode":"MX","language":"spanish","freqLabel":"88.3 FM","streamUrl":"https://server.multimediamb.com/9324/sensitiva","codec":"MP3","votes":2},"geometry":{"type":"Point","coordinates":[-100.44173240661624,19.894397822501368]}},{"type":"Feature","id":"dae3d0ac-a009-4014-b0ac-6e6b42eb5ecf","properties":{"stationUuid":"dae3d0ac-a009-4014-b0ac-6e6b42eb5ecf","name":" SOL FM 101.3 (Atlixco) - 101.3 FM - XHVP-FM - Cinco Radio - Atlixco, Puebla","country":"Mexico","countryCode":"MX","language":"spanish","freqLabel":"101.3 FM","streamUrl":"https://sg.centrocibernetico.com/solfm1013","codec":"MP3","votes":5},"geometry":{"type":"Point","coordinates":[-92.25631713867188,18.64303275534093]}},{"type":"Feature","id":"7109ceb4-a6b8-4b9f-8b0b-4706ad6c30e0","properties":{"stationUuid":"7109ceb4-a6b8-4b9f-8b0b-4706ad6c30e0","name":" SOL FM 103.9 (Ciudad Hidalgo) - 103.9 FM - XHESOL-FM - Medios Radiofónicos Michoacán - Ciudad Hidalgo, Michoacán","country":"Mexico","countryCode":"MX","language":"spanish","freqLabel":"103.9 FM","streamUrl":"https://s4.voscast.com:8757/cdhidalgo.mp3","codec":"MP3","votes":3},"geometry":{"type":"Point","coordinates":[-100.55562973022462,19.693268759866847]}},{"type":"Feature","id":"d5be4852-dfcd-4298-9c7f-8872d8f8254c","properties":{"stationUuid":"d5be4852-dfcd-4298-9c7f-8872d8f8254c","name":" SOL STEREO 97.7 (Chetumal) - 97.7 FM - XHWO-FM - Grupo Sol Comunicaciones - Chetumal, Quintana Roo","country":"Mexico","countryCode":"MX","language":"spanish","freqLabel":"97.7 FM","streamUrl":"https://securestream.mxradio.xyz/chetumal/","codec":"MP3","votes":11},"geometry":{"type":"Point","coordinates":[-88.29793453216554,18.509625777204196]}},{"type":"Feature","id":"e4226e63-54dd-48b2-998b-b3f153d0d211","properties":{"stationUuid":"e4226e63-54dd-48b2-998b-b3f153d0d211","name":" SOY FM 101.7 (Coatzacoalcos) - 101.7 FM - XHTD-FM - Valanci Media Group - Coatzacoalcos, Veracruz","country":"Mexico","countryCode":"MX","language":"spanish","freqLabel":"101.7 FM","streamUrl":"https://stream-158.zeno.fm/6f2bace3gd0uv","codec":"AAC","votes":2},"geometry":{"type":"Point","coordinates":[-94.43474292755128,18.14118355618829]}},{"type":"Feature","id":"06d05854-f77e-4fc1-b2e8-c25bd87fb0c0","properties":{"stationUuid":"06d05854-f77e-4fc1-b2e8-c25bd87fb0c0","name":" SOY FM 101.7 (Veracruz) - 101.7 FM - XHPR-FM - Valanci Media Group - Boca del Río, Veracruz","country":"Mexico","countryCode":"MX","language":"spanish","freqLabel":"101.7 FM","streamUrl":"https://stream.zeno.fm/uemgdeyam5zuv","codec":"AAC","votes":2},"geometry":{"type":"Point","coordinates":[-96.10448509454729,19.13534548334069]}},{"type":"Feature","id":"65d852ce-7287-486b-ae2f-415ba4989acc","properties":{"stationUuid":"65d852ce-7287-486b-ae2f-415ba4989acc","name":" SOY FM 93.9 (Tuxpan) - 93.9 FM - XHTXA-FM - Grupo FM Multimedios - Tuxpan, Veracruz","country":"Mexico","countryCode":"MX","language":"spanish","freqLabel":"93.9 FM","streamUrl":"https://stream.zeno.fm/0f3dzzp3f78uv","codec":"AAC","votes":1},"geometry":{"type":"Point","coordinates":[-97.4022960662842,20.95226460133258]}},{"type":"Feature","id":"321a9620-441d-40a9-a12a-3ff657075489","properties":{"stationUuid":"321a9620-441d-40a9-a12a-3ff657075489","name":" STEREO 100.3 (Hermosillo) - 100.3 FM - XHSD-FM - Uniradio - Hermosillo, Sonora","country":"Mexico","countryCode":"MX","language":"spanish","freqLabel":"100.3 FM","streamUrl":"https://streamingcwsradio30.com:7026/stream","codec":"MP3","votes":6},"geometry":{"type":"Point","coordinates":[-110.96800804138184,29.095741921226445]}},{"type":"Feature","id":"87e734fb-0561-4078-8d33-dcbdebf4914d","properties":{"stationUuid":"87e734fb-0561-4078-8d33-dcbdebf4914d","name":" STEREO FRESNILLO 91.1 (Fresnillo) - 91.1 FM - XHRRA-FM - Grupo Radiofónico ZER - Fresnillo, Zacatecas","country":"Mexico","countryCode":"MX","language":"spanish","freqLabel":"91.1 FM","streamUrl":"https://cast.zuperdns.net/8018/stream/","codec":"MP3","votes":4},"geometry":{"type":"Point","coordinates":[-102.87134170532228,23.18195202968632]}},{"type":"Feature","id":"2dbb1b58-5669-4665-8cc4-c1e930a36ee3","properties":{"stationUuid":"2dbb1b58-5669-4665-8cc4-c1e930a36ee3","name":" STEREO MAX 98.1 (San Martín Texmelucan) - 98.1 FM - XHMAXX-FM - Cinco Radio - San Martín Texmelucan, Puebla","country":"Mexico","countryCode":"MX","language":"spanish","freqLabel":"98.1 FM","streamUrl":"https://sg.centrocibernetico.com/stereomaxx981","codec":"MP3","votes":1},"geometry":{"type":"Point","coordinates":[-98.4341096878052,19.28552586954413]}},{"type":"Feature","id":"270c9e8f-b111-4b06-bdf8-aa43c0d7ab95","properties":{"stationUuid":"270c9e8f-b111-4b06-bdf8-aa43c0d7ab95","name":" STEREO SALTILLO 93.5 (Saltillo) - 93.5 FM - XHQC-FM - Multimedios Radio - Saltillo, Coahuila","country":"Mexico","countryCode":"MX","language":"spanish","freqLabel":"93.5 FM","streamUrl":"https://mdstrm.com/audio/6737a5d1405919f792cf355e/icecast.audio","codec":"AAC","votes":5},"geometry":{"type":"Point","coordinates":[-100.99156379699708,25.42432531200053]}},{"type":"Feature","id":"526234ec-dd00-4ddc-a0c3-236dd886ce71","properties":{"stationUuid":"526234ec-dd00-4ddc-a0c3-236dd886ce71","name":" STEREO UNO 100.3 (Mazatlán) - 100.3 FM - XHZS-FM - Luz Network - Mazatlán, Sinaloa","country":"Mexico","countryCode":"MX","language":"spanish","freqLabel":"100.3 FM","streamUrl":"https://audiostreaming.luz.network/stream/13/","codec":"MP3","votes":2},"geometry":{"type":"Point","coordinates":[-106.42104148864748,23.20392159503088]}},{"type":"Feature","id":"052fcf40-feb8-494d-8218-3b87ea998a72","properties":{"stationUuid":"052fcf40-feb8-494d-8218-3b87ea998a72","name":" STEREOBIT 103.7 (Ciudad Valles) - 103.7 FM - XHIR-FM - Organización Radio Valles - Ciudad Valles, San Luis Potosí","country":"Mexico","countryCode":"MX","language":"spanish","freqLabel":"103.7 FM","streamUrl":"https://sp2.servidorrprivado.com:10997/;","codec":"MP3","votes":1},"geometry":{"type":"Point","coordinates":[-99.0099048614502,21.993155411349026]}},{"type":"Feature","id":"3fb6a43f-cb5f-42df-9ddb-ff9a4f76f667","properties":{"stationUuid":"3fb6a43f-cb5f-42df-9ddb-ff9a4f76f667","name":" STUDIO 104.9 (Ciudad Obregón) - 104.9 FM - XHESO-FM - Radiorama Sonora - Ciudad Obregón, Sonora","country":"Mexico","countryCode":"MX","language":"spanish","freqLabel":"104.9 FM","streamUrl":"https://stream.freepi.io/8406/live","codec":"MP3","votes":10},"geometry":{"type":"Point","coordinates":[-109.93349075317384,27.486882398618796]}},{"type":"Feature","id":"6e2658b9-8222-4db0-9632-4df7bd14d384","properties":{"stationUuid":"6e2658b9-8222-4db0-9632-4df7bd14d384","name":" STUDIO 89.9 (Nogales) - 89.9 FM - XHHN-FM - Radiorama Sonora - Nogales, Sonora","country":"Mexico","countryCode":"MX","language":"spanish","freqLabel":"89.9 FM","streamUrl":"https://stream.freepi.io:8412/live","codec":"MP3","votes":5},"geometry":{"type":"Point","coordinates":[-110.945520401001,31.329558081252785]}},{"type":"Feature","id":"728179ac-86d4-4a10-b41e-3b17d9f1930b","properties":{"stationUuid":"728179ac-86d4-4a10-b41e-3b17d9f1930b","name":" SUPER STEREO MILED 104.7 (Atlacomulco) - 104.7 FM - XHRLK-FM - Grupo Miled - Atlacomulco, Estado de México","country":"Mexico","countryCode":"MX","language":"spanish","freqLabel":"104.7 FM","streamUrl":"https://stereoatlaco-cybertec.radioca.st/stream.mp3","codec":"MP3","votes":3},"geometry":{"type":"Point","coordinates":[-99.87374782562256,19.80109034670069]}},{"type":"Feature","id":"8586b488-c47e-499b-8725-8dedd464fb38","properties":{"stationUuid":"8586b488-c47e-499b-8725-8dedd464fb38","name":" SUPER ZONA 104.3 (Temax) - 104.3 FM - XHPTEM-FM - RDMX - Temax, Yucatán","country":"Mexico","countryCode":"MX","language":"spanish","freqLabel":"104.3 FM","streamUrl":"https://stream.zeno.fm/0kfnwylndhsuv","codec":"MP3","votes":1},"geometry":{"type":"Point","coordinates":[-88.93908977508545,21.15145180739291]}},{"type":"Feature","id":"0ed63fa5-0c83-4780-b918-ad47f4aaff57","properties":{"stationUuid":"0ed63fa5-0c83-4780-b918-ad47f4aaff57","name":" TKR 1480 (MTY) - 1480 AM - XETKR-AM - Multimedios Radio - Monterrey, Nuevo León","country":"Mexico","countryCode":"MX","language":"spanish","freqLabel":null,"streamUrl":"https://mdstrm.com/audio/672a61c2bef01359b6913aea/icecast.audio","codec":"AAC","votes":13},"geometry":{"type":"Point","coordinates":[-100.31470298767093,25.68094637201516]}},{"type":"Feature","id":"2d9bab8b-0856-43da-be63-01808aaa952f","properties":{"stationUuid":"2d9bab8b-0856-43da-be63-01808aaa952f","name":" TRIÓN 90.1 (San Luis Potosí) - 90.1 FM - XHSMR-FM - GlobalMedia / Grupo Fórmula - San Luis Potosí, San Luis Potosí","country":"Mexico","countryCode":"MX","language":"spanish","freqLabel":"90.1 FM","streamUrl":"https://playradio.mx/proxy/trion?mp=/stream","codec":"MP3","votes":3},"geometry":{"type":"Point","coordinates":[-100.97765922546388,22.152553263566183]}},{"type":"Feature","id":"470f2421-0258-4016-8ea4-4fcc17d0f4bf","properties":{"stationUuid":"470f2421-0258-4016-8ea4-4fcc17d0f4bf","name":" Trión Ciudad de México - 103.3 HD4 - XERFR-FM - Grupo Fórmula - Ciudad de México","country":"Mexico","countryCode":"MX","language":"spanish","freqLabel":"103.3 FM","streamUrl":"https://stream.radiojar.com/4f89tufzv9duv","codec":"MP3","votes":189},"geometry":{"type":"Point","coordinates":[-99.13101196289064,19.442677350118448]}},{"type":"Feature","id":"b57757b8-8110-43bd-81f9-409ce6e88eee","properties":{"stationUuid":"b57757b8-8110-43bd-81f9-409ce6e88eee","name":" TROPICALÍSIMA 660 (CDMX) - 660 AM - XEDTL-AM - IMER - Ciudad de México","country":"Mexico","countryCode":"MX","language":"spanish","freqLabel":null,"streamUrl":"https://securestreams7.autopo.st/?uri=https://s2.mexside.net/8030/stream","codec":"MP3","votes":2},"geometry":{"type":"Point","coordinates":[-99.1329860687256,19.435314518934703]}},{"type":"Feature","id":"9543a7f1-8128-4490-9b13-7c8c2b99cc0e","properties":{"stationUuid":"9543a7f1-8128-4490-9b13-7c8c2b99cc0e","name":" UABC RADIO 104.1 (Mexicali) - 104.1 FM - XHBA-FM - Universidad Autónoma De Baja California - Mexicali, Baja California","country":"Mexico","countryCode":"MX","language":"spanish","freqLabel":"104.1 FM","streamUrl":"https://envivo.uabc.mx/stream","codec":"MP3","votes":1},"geometry":{"type":"Point","coordinates":[-115.45429229736328,32.625361175003896]}},{"type":"Feature","id":"916b9791-420d-45df-8574-31382b544656","properties":{"stationUuid":"916b9791-420d-45df-8574-31382b544656","name":" UAM RADIO 94.1 (CDMX) - 94.1 FM - XHUAM-FM - UAM (Universidad Autónoma Metropolitana) - Ciudad de México","country":"Mexico","countryCode":"MX","language":"spanish","freqLabel":"94.1 FM","streamUrl":"https://stream5.mexiserver.com:1124/","codec":"MP3","votes":5},"geometry":{"type":"Point","coordinates":[-99.13358688354492,19.43543845805219]}},{"type":"Feature","id":"2b3a54e2-5ca0-43c3-9cb9-668d3ea5aec2","properties":{"stationUuid":"2b3a54e2-5ca0-43c3-9cb9-668d3ea5aec2","name":" ULTRA 101.3 (Toluca) - 101.3 FM - XHZA-FM - Grupo ULTRA - Toluca, Estado de México","country":"Mexico","countryCode":"MX","language":"spanish","freqLabel":"101.3 FM","streamUrl":"https://icecastultra.duckdns.org/livetol","codec":"MP3","votes":6},"geometry":{"type":"Point","coordinates":[-99.65620994567873,19.29377012767972]}},{"type":"Feature","id":"43c45f92-abe2-416d-af7a-57957dfb5302","properties":{"stationUuid":"43c45f92-abe2-416d-af7a-57957dfb5302","name":" VALLES DIGITAL RADIO 1210 (El Arenal) - 1210 AM - XECSAC-AM - El Arenal, Jalisco","country":"Mexico","countryCode":"MX","language":"spanish","freqLabel":null,"streamUrl":"https://shoutcast.uplinkmx.com:8000/;stream/1","codec":"MP3","votes":2},"geometry":{"type":"Point","coordinates":[-103.69467258453368,20.77720198649883]}},{"type":"Feature","id":"dab53939-3a1d-4097-82a5-929a0c7bab2b","properties":{"stationUuid":"dab53939-3a1d-4097-82a5-929a0c7bab2b","name":" VIBRA RADIO 89.7 (Guasave) - 89.7 FM - XHCCCF-FM - Grupo Vibra Medios - Guasave, Sinaloa","country":"Mexico","countryCode":"MX","language":"spanish","freqLabel":"89.7 FM","streamUrl":"https://sp5.servidorrprivado.com:10982/stream","codec":"MP3","votes":3},"geometry":{"type":"Point","coordinates":[-108.46827507019044,25.574616772850355]}},{"type":"Feature","id":"e3449bf1-8237-488f-9ef1-ddd9bcf6be05","properties":{"stationUuid":"e3449bf1-8237-488f-9ef1-ddd9bcf6be05","name":" VIBRA RADIO 95.1 (Guamúchil) - 95.1 FM - XHCCCI-FM - Grupo Vibra Medios - Guamúchil, Sinaloa","country":"Mexico","countryCode":"MX","language":"spanish","freqLabel":"95.1 FM","streamUrl":"https://sp3.servidorrprivado.com:10829/stream","codec":"MP3","votes":3},"geometry":{"type":"Point","coordinates":[-108.0743980407715,25.45901215837486]}},{"type":"Feature","id":"1e332b86-8988-4ac8-91ba-8d56a75a7434","properties":{"stationUuid":"1e332b86-8988-4ac8-91ba-8d56a75a7434","name":" VIDA 99.9 (Piedras Negras) - 99.9 FM - XHSG-FM - Grupo Audiorama Comunicaciones - Piedras Negras, Coahuila","country":"Mexico","countryCode":"MX","language":"spanish","freqLabel":"99.9 FM","streamUrl":"https://ss1.audiorama.com.mx:6670/stream","codec":"MP3","votes":1},"geometry":{"type":"Point","coordinates":[-100.54198265075684,28.692811122002507]}},{"type":"Feature","id":"5efbd55f-08e4-4141-b876-feaa08de4fb9","properties":{"stationUuid":"5efbd55f-08e4-4141-b876-feaa08de4fb9","name":" VIDA ROMÁNTICA 100.9 (Poza Rica) - 100.9 FM - XHEJD-FM - Radiorama Poza Rica - Poza Rica, Veracruz","country":"Mexico","countryCode":"MX","language":"spanish","freqLabel":"100.9 FM","streamUrl":"https://stream-281.surfernetwork.com/ub9sy68zfkhvv?zt=eyJhbGciOiJIUzI1NiJ9.eyJzdHJlYW0iOiJ1YjlzeTY4emZraHZ2IiwiaG9zdCI6InN0cmVhbS0yODEuc3VyZmVybmV0d29yay5jb20iLCJ0bSI6ZmFsc2UsInJ0dGwiOjUsImp0aSI6Ii1DdXFhRFlKVDRHUlFiX09FbFhVNmciLCJpYXQiOjE3ODk5NTYyNzMsImV4cCI6MTc4OTk1NjMzM30.BhzdOlj6n8TeQDUz1e5GRbP_ngWmesnswgatcFryzjE","codec":"MP3","votes":64},"geometry":{"type":"Point","coordinates":[-97.45345115661624,20.53294983870245]}},{"type":"Feature","id":"344b6987-ebf6-453b-8323-75bcceff9970","properties":{"stationUuid":"344b6987-ebf6-453b-8323-75bcceff9970","name":" VIDA ROMÁNTICA 105.5 (Piedras Negras) - 105.5 FM - XHRE-FM - Radiorama Piedras Negras - Piedras Negras, Coahuila","country":"Mexico","countryCode":"MX","language":"spanish","freqLabel":"105.5 FM","streamUrl":"https://stream-283.surfernetwork.com/8e2a8v35dkhvv?zt=eyJhbGciOiJIUzI1NiJ9.eyJzdHJlYW0iOiI4ZTJhOHYzNWRraHZ2IiwiaG9zdCI6InN0cmVhbS0yODMuc3VyZmVybmV0d29yay5jb20iLCJ0bSI6ZmFsc2UsInJ0dGwiOjUsImp0aSI6ImpYTFlCS2IyVEhlRlVsWm9mNko1UnciLCJpYXQiOjE3ODk5NTE0NTksImV4cCI6MTc4OTk1MTUxOX0.Gn3wRtFPodwDu-FHxH9RUQG71NfqdmfF6RyVH2iK5uI","codec":"MP3","votes":28},"geometry":{"type":"Point","coordinates":[-100.51966667175294,28.704857025625184]}},{"type":"Feature","id":"99532af8-272e-4cb0-b02f-1f3e447d9363","properties":{"stationUuid":"99532af8-272e-4cb0-b02f-1f3e447d9363","name":" VIDA ROMÁNTICA 99.3 (Tampico) - 99.3 FM - XHETU-FM - Radio Resultados - Tampico, Tamaulipas","country":"Mexico","countryCode":"MX","language":"spanish","freqLabel":"99.3 FM","streamUrl":"https://stream-285.surfernetwork.com/621e7h6zfkhvv?zt=eyJhbGciOiJIUzI1NiJ9.eyJzdHJlYW0iOiI2MjFlN2g2emZraHZ2IiwiaG9zdCI6InN0cmVhbS0yODUuc3VyZmVybmV0d29yay5jb20iLCJ0bSI6ZmFsc2UsInJ0dGwiOjUsImp0aSI6Ikcza2dZZGhfUkxXSk1rVnh4dEowbGciLCJpYXQiOjE3ODk4MDQ4MDQsImV4cCI6MTc4OTgwNDg2NH0.R-94hiY7cMwRpQEVNMAPnWkSRVEC82sd0dCOiaGdD1E","codec":"MP3","votes":2},"geometry":{"type":"Point","coordinates":[-97.85702705383302,22.21756508809061]}},{"type":"Feature","id":"c9ba5979-7726-4ab2-b814-5f80f4097426","properties":{"stationUuid":"c9ba5979-7726-4ab2-b814-5f80f4097426","name":" VIOLETA RADIO 106.1 (CDMX) - 106.1 FM - XHCDMX-FM - Alianza por el Derecho Humano de las Mujeres a Comunicar, A.C. - Ciudad de México","country":"Mexico","countryCode":"MX","language":"spanish","freqLabel":"106.1 FM","streamUrl":"https://flujos.mazorca.org/violetaradio.mp3","codec":"MP3","votes":5},"geometry":{"type":"Point","coordinates":[-99.1325569152832,19.434467177536227]}},{"type":"Feature","id":"06628ee5-3c6b-498f-8a95-0082b8483f68","properties":{"stationUuid":"06628ee5-3c6b-498f-8a95-0082b8483f68","name":" VIVE FM 106.3 (Tehuacán) - 106.3 FM - XHETE-FM - Cinco Radio - Tehuacán, Puebla","country":"Mexico","countryCode":"MX","language":"spanish","freqLabel":"106.3 FM","streamUrl":"https://sg.centrocibernetico.com/vive106.3","codec":"MP3","votes":2},"geometry":{"type":"Point","coordinates":[-97.39045143127444,18.461335212805565]}},{"type":"Feature","id":"e4783781-5524-4939-bab0-6ae010e7b350","properties":{"stationUuid":"e4783781-5524-4939-bab0-6ae010e7b350","name":" VOX AM Radio Hits (CDMX) - 760 AM - XEABC-AM - Radiópolis - Ciudad de México","country":"Mexico","countryCode":"MX","language":"spanish","freqLabel":null,"streamUrl":"https://streamingcwsradio30.com/8292/stream","codec":"MP3","votes":16},"geometry":{"type":"Point","coordinates":[-99.13272857666016,19.440542644018105]}},{"type":"Feature","id":"a5c618ca-c0e2-4ab6-8adf-56ad19f1cc18","properties":{"stationUuid":"a5c618ca-c0e2-4ab6-8adf-56ad19f1cc18","name":" VOX FM Radio Hits 100.1 (Cuernavaca) - 100.1 FM - XHTIX-FM - Cuernavaca, Morelos","country":"Mexico","countryCode":"MX","language":"spanish","freqLabel":"100.1 FM","streamUrl":"https://stream9.mexiserver.com:8342/steam","codec":"MP3","votes":3},"geometry":{"type":"Point","coordinates":[-99.23323631286624,18.92265005433703]}},{"type":"Feature","id":"cbd095ea-99cd-44af-99fd-027c0442c591","properties":{"stationUuid":"cbd095ea-99cd-44af-99fd-027c0442c591","name":" VOX FM Radio Hits 89.3 (Tampico) - 89.3 FM - XHTOT-FM - Grupo Radio Cañón - Tampico, Tamaulipas","country":"Mexico","countryCode":"MX","language":"spanish","freqLabel":"89.3 FM","streamUrl":"https://streaming.servicioswebmx.com/8280/stream","codec":"MP3","votes":24},"geometry":{"type":"Point","coordinates":[-97.85582542419436,22.215975915811555]}},{"type":"Feature","id":"5d0966a8-1a93-4393-9a16-9651ee8b29e9","properties":{"stationUuid":"5d0966a8-1a93-4393-9a16-9651ee8b29e9","name":" VOX FM Radio Hits 95.9 (GDL) - 95.9 FM - XHABCJ-FM - Grupo Radio Cañón - Guadalajara, Jalisco","country":"Mexico","countryCode":"MX","language":"spanish","freqLabel":"95.9 FM","streamUrl":"https://streaming.servicioswebmx.com/8272/stream","codec":"MP3","votes":51},"geometry":{"type":"Point","coordinates":[-103.33903312683104,20.67274336730612]}},{"type":"Feature","id":"509f76d1-85ea-4297-b60d-85c9f6e8e1ef","properties":{"stationUuid":"509f76d1-85ea-4297-b60d-85c9f6e8e1ef","name":" VOX FM Radio Hits 96.5 (Villahermosa) - 96.5 FM - XHOP-FM - Grupo Radio Cañón - Villahermosa, Tabasco","country":"Mexico","countryCode":"MX","language":"spanish","freqLabel":"96.5 FM","streamUrl":"https://streaming.servicioswebmx.com/8298/stream","codec":"MP3","votes":5},"geometry":{"type":"Point","coordinates":[-92.93721199035646,17.9902872826238]}},{"type":"Feature","id":"0634c29b-cf29-4c4f-a898-e8d7783c8438","properties":{"stationUuid":"0634c29b-cf29-4c4f-a898-e8d7783c8438","name":" VOX FM Radio Hits 96.7 (Puerto Vallarta) - 96.7 FM - XHCCBA-FM - Grupo Radio Cañón - Puerto Vallarta, Jalisco","country":"Mexico","countryCode":"MX","language":"spanish","freqLabel":"96.7 FM","streamUrl":"https://streaming.servicioswebmx.com/8142/stream","codec":"MP3","votes":6},"geometry":{"type":"Point","coordinates":[-105.22095680236818,20.64126084796927]}},{"type":"Feature","id":"2cc90107-cda0-4be2-b621-a97fe7c43145","properties":{"stationUuid":"2cc90107-cda0-4be2-b621-a97fe7c43145","name":" VOX FM Radio Hits 96.9 (San Luis Potosí) - 96.9 FM - XHOD-FM - Global Media - San Luis Potosí, San Luis Potosí","country":"Mexico","countryCode":"MX","language":"spanish","freqLabel":"96.9 FM","streamUrl":"https://voxfm.b-cdn.net/stream","codec":"MP3","votes":38},"geometry":{"type":"Point","coordinates":[-100.9761142730713,22.152553263566183]}},{"type":"Feature","id":"a81c2ccd-04ba-467c-aaeb-23fe400301bd","properties":{"stationUuid":"a81c2ccd-04ba-467c-aaeb-23fe400301bd","name":" VOX Radio Hits (Villahermosa) - 97.3 FM - XHVB-FM - Radio Núcleo - Villahermosa, Tabasco","country":"Mexico","countryCode":"MX","language":"spanish","freqLabel":"97.3 FM","streamUrl":"https://stream.freepi.io/8330/live","codec":"MP3","votes":12},"geometry":{"type":"Point","coordinates":[-92.92860209941864,18.00178220170439]}},{"type":"Feature","id":"03581ace-9d69-46ab-bbc6-7f3b2c5a5c0b","properties":{"stationUuid":"03581ace-9d69-46ab-bbc6-7f3b2c5a5c0b","name":" VOX: Radio Hits","country":"Mexico","countryCode":"MX","language":"spanish","freqLabel":null,"streamUrl":"https://streamingcwsradio30.com/8292/stream","codec":"MP3","votes":3},"geometry":{"type":"Point","coordinates":[-99.13324356079102,19.436085975168535]}},{"type":"Feature","id":"93b4380d-cd9f-4f48-8c3d-276283c1bc1d","properties":{"stationUuid":"93b4380d-cd9f-4f48-8c3d-276283c1bc1d","name":" W DEPORTES 1010 (GDL) - 1010 AM - XEHL-AM - Grupo Radio Cañón - Guadalajara, Jalisco","country":"Mexico","countryCode":"MX","language":"spanish","freqLabel":null,"streamUrl":"https://streamingcwsradio30.com/8294/;","codec":"MP3","votes":10},"geometry":{"type":"Point","coordinates":[-103.36435317993164,20.67607846568558]}},{"type":"Feature","id":"98343af3-8da5-4006-9b32-fdeaef2fe7d1","properties":{"stationUuid":"98343af3-8da5-4006-9b32-fdeaef2fe7d1","name":" W RADIO 100.1 (Morelos) - 100.1 FM - XHTIX-FM - Cuernavaca, Morelos","country":"Mexico","countryCode":"MX","language":"spanish","freqLabel":"100.1 FM","streamUrl":"https://stream9.mexiserver.com:8342/steam","codec":"MP3","votes":9},"geometry":{"type":"Point","coordinates":[-99.2329788208008,18.92562115355767]}},{"type":"Feature","id":"b6ea57a8-2a89-4a9b-a1ba-19a4ab26a623","properties":{"stationUuid":"b6ea57a8-2a89-4a9b-a1ba-19a4ab26a623","name":" W RADIO 100.1 (San Luis Potosí) - 100.1 FM - XHPM-FM - GlobalMedia - San Luis Potosí, San Luis Potosí","country":"Mexico","countryCode":"MX","language":"spanish","freqLabel":"100.1 FM","streamUrl":"https://wradio.b-cdn.net/stream","codec":"MP3","votes":28},"geometry":{"type":"Point","coordinates":[-100.9764575958252,22.153348210701967]}},{"type":"Feature","id":"47d42273-85de-459a-ad45-67f3b8966f52","properties":{"stationUuid":"47d42273-85de-459a-ad45-67f3b8966f52","name":" W RADIO 100.9 (Tampico) - 100.9 FM - XHS-FM - Grupo AS Comunicación - Tampico, Tamaulipas","country":"Mexico","countryCode":"MX","language":"spanish","freqLabel":"100.9 FM","streamUrl":"https://stream.zeno.fm/kz6tfzrasyxtv","codec":"MP3","votes":4},"geometry":{"type":"Point","coordinates":[-97.85685539245608,22.216929421339323]}},{"type":"Feature","id":"56b9da5d-3f0d-49d4-8a41-4d4885c887e5","properties":{"stationUuid":"56b9da5d-3f0d-49d4-8a41-4d4885c887e5","name":" W RADIO 1000 (Tapachula) - 1000 AM - XETAC-AM - Grupo Radio Cañón - Tapachula, Chiapas","country":"Mexico","countryCode":"MX","language":"spanish","freqLabel":null,"streamUrl":"https://streaming.servicioswebmx.com/8248/stream","codec":"MP3","votes":1},"geometry":{"type":"Point","coordinates":[-92.2606945037842,14.905766559513182]}},{"type":"Feature","id":"6a6be05f-b58a-4d9f-a44b-2254a6926f33","properties":{"stationUuid":"6a6be05f-b58a-4d9f-a44b-2254a6926f33","name":" W RADIO 101.5 (Acapulco) - 101.5 FM - XHBB-FM - Grupo Radio Cañón - Acapulco, Guerrero","country":"Mexico","countryCode":"MX","language":"spanish","freqLabel":"101.5 FM","streamUrl":"https://streaming.servicioswebmx.com/8302/stream","codec":"MP3","votes":9},"geometry":{"type":"Point","coordinates":[-99.89288806915285,16.868928570068668]}},{"type":"Feature","id":"da6d948a-1e7a-4f3e-aeb8-5de28900be33","properties":{"stationUuid":"da6d948a-1e7a-4f3e-aeb8-5de28900be33","name":" W RADIO 102.9 (Toluca) - 102.9 FM - XHTOL-FM - Grupo Radio Cañón - Toluca, Estado de México","country":"Mexico","countryCode":"MX","language":"spanish","freqLabel":"102.9 FM","streamUrl":"https://streaming.servicioswebmx.com/8268/stream","codec":"MP3","votes":7},"geometry":{"type":"Point","coordinates":[-99.65603828430176,19.2950662852594]}},{"type":"Feature","id":"1c748d88-ad6d-4717-bdfe-f5184c58b9b4","properties":{"stationUuid":"1c748d88-ad6d-4717-bdfe-f5184c58b9b4","name":" W RADIO 1020 (Cañitas de Felipe Pescador) - 1020 AM - XECCCG-AM - Grupo Radio Cañon - Cañitas de Felipe Pescador, Zacatecas","country":"Mexico","countryCode":"MX","language":"spanish","freqLabel":null,"streamUrl":"https://streaming.servicioswebmx.com/8300/stream","codec":"MP3","votes":1},"geometry":{"type":"Point","coordinates":[-102.72615909576416,23.60526585309359]}},{"type":"Feature","id":"18cadf13-eab6-4f77-85dc-81dfcc524078","properties":{"stationUuid":"18cadf13-eab6-4f77-85dc-81dfcc524078","name":" W RADIO 1030 (León) - 1030 AM - XEROPJ-AM - GlobalMedia - Lagos de Moreno, Jalisco","country":"Mexico","countryCode":"MX","language":"spanish","freqLabel":null,"streamUrl":"https://playradio.mx/proxy/wleon?mp=/stream","codec":"MP3","votes":11},"geometry":{"type":"Point","coordinates":[-101.77388906478885,21.21489083589543]}},{"type":"Feature","id":"d6d1095a-37d6-4599-8048-3dd13cbfb55a","properties":{"stationUuid":"d6d1095a-37d6-4599-8048-3dd13cbfb55a","name":" W RADIO 104.3 (Mazatlán) - 104.3 FM - XHENX-FM - Grupo Radio Cañón - Mazatlán, Sinaloa","country":"Mexico","countryCode":"MX","language":"spanish","freqLabel":"104.3 FM","streamUrl":"https://streaming.servicioswebmx.com/8278/stream","codec":"MP3","votes":2},"geometry":{"type":"Point","coordinates":[-106.42001152038576,23.206288205212847]}},{"type":"Feature","id":"8109a430-3f24-4616-8a95-752dba100cd9","properties":{"stationUuid":"8109a430-3f24-4616-8a95-752dba100cd9","name":" W RADIO 104.5 (Córdoba) - 104.5 FM - XHEVC-FM - Grupo Radio Cañón - Córdoba, Veracruz","country":"Mexico","countryCode":"MX","language":"spanish","freqLabel":"104.5 FM","streamUrl":"https://streaming.servicioswebmx.com/8262/stream","codec":"MP3","votes":14},"geometry":{"type":"Point","coordinates":[-96.93554878234865,18.896341724801538]}},{"type":"Feature","id":"b7beeae2-718b-401e-ac14-6a3020835e9f","properties":{"stationUuid":"b7beeae2-718b-401e-ac14-6a3020835e9f","name":" W RADIO 104.9 (Zacatecas y Guadalupe) - 104.9 FM - XHCCFL-FM - Grupo Radio Cañón - Zacatecas, Zacatecas","country":"Mexico","countryCode":"MX","language":"spanish","freqLabel":"104.9 FM","streamUrl":"https://streaming.servicioswebmx.com/8300/stream","codec":"MP3","votes":5},"geometry":{"type":"Point","coordinates":[-102.57136344909668,22.775511303765764]}},{"type":"Feature","id":"97e07e2c-a22e-439b-a0a3-4e6f06d4f631","properties":{"stationUuid":"97e07e2c-a22e-439b-a0a3-4e6f06d4f631","name":" W RADIO 105.1 (Chilpancingo) - 105.1 FM - XHEZUM-FM - Grupo Radio Cañón - Chilpancingo, Guerrero","country":"Mexico","countryCode":"MX","language":"spanish","freqLabel":"105.1 FM","streamUrl":"https://streamingcwsradio30.com/8122/stream","codec":"MP3","votes":9},"geometry":{"type":"Point","coordinates":[-99.50480461120608,17.55497088427366]}},{"type":"Feature","id":"8a6958dd-68ba-4ce1-876c-dc521c38161d","properties":{"stationUuid":"8a6958dd-68ba-4ce1-876c-dc521c38161d","name":" W RADIO 107.9 (Irapuato) - 107.9 FM - XHWE-FM - Radio Grupo Antonio Contreras - Irapuato, Guanajuato","country":"Mexico","countryCode":"MX","language":"spanish","freqLabel":"107.9 FM","streamUrl":"https://stream9.mexiserver.com:8418/stream/","codec":"MP3","votes":31},"geometry":{"type":"Point","coordinates":[-101.35162353515626,20.675757255485728]}},{"type":"Feature","id":"ad67c606-bfb1-407b-9779-3243954494d6","properties":{"stationUuid":"ad67c606-bfb1-407b-9779-3243954494d6","name":" W RADIO 107.9 (Querétaro) - 107.9 FM - XHQG-FM - Global Media - Querétaro, Querétaro","country":"Mexico","countryCode":"MX","language":"spanish","freqLabel":"107.9 FM","streamUrl":"https://playradio.mx/proxy/xhqg?mp=/stream","codec":"MP3","votes":9},"geometry":{"type":"Point","coordinates":[-100.39195060729982,20.59514968751872]}},{"type":"Feature","id":"f2ae4dc8-589c-4369-b872-fe846c868ccf","properties":{"stationUuid":"f2ae4dc8-589c-4369-b872-fe846c868ccf","name":" W RADIO 740 (Villahermosa) - 740 AM - XEKV-AM - Grupo Radio Cañón - Villahermosa, Tabasco","country":"Mexico","countryCode":"MX","language":"spanish","freqLabel":null,"streamUrl":"https://streamingcwsradio30.com/8274/stream","codec":"MP3","votes":6},"geometry":{"type":"Point","coordinates":[-92.9364421963692,17.980344275887152]}},{"type":"Feature","id":"40021da9-4f59-4b3b-aeda-13c883d647ba","properties":{"stationUuid":"40021da9-4f59-4b3b-aeda-13c883d647ba","name":" W RADIO 88.5 (Villahermosa) - 88.5 FM - XHKV-FM - Grupo Radio Cañon - Villahermosa, Tabasco","country":"Mexico","countryCode":"MX","language":"spanish","freqLabel":"88.5 FM","streamUrl":"https://streamingcwsradio30.com/8274/stream","codec":"MP3","votes":1},"geometry":{"type":"Point","coordinates":[-92.93789863586429,17.98947093742958]}},{"type":"Feature","id":"38a0d940-ec1a-4ad0-bca9-e10a1c9a0ed7","properties":{"stationUuid":"38a0d940-ec1a-4ad0-bca9-e10a1c9a0ed7","name":" W RADIO 88.5 (Villahermosa) - 88.5 FM - XHKV-FM - Grupo Radio Cañón - Villahermosa, Tabasco","country":"Mexico","countryCode":"MX","language":"spanish","freqLabel":"88.5 FM","streamUrl":"https://streaming.servicioswebmx.com/8256/stream","codec":"MP3","votes":10},"geometry":{"type":"Point","coordinates":[-92.93645828962327,17.980354480753082]}},{"type":"Feature","id":"c54c9b7e-925d-4b2d-b73b-9367237e3708","properties":{"stationUuid":"c54c9b7e-925d-4b2d-b73b-9367237e3708","name":" W RADIO 88.5 (Villahermosa) - 88.5 FM - XHKV-FM - Grupo Radio Cañón - Villahermosa, Tabasco.","country":"Mexico","countryCode":"MX","language":"spanish","freqLabel":"88.5 FM","streamUrl":"https://streaming.servicioswebmx.com/8256/stream","codec":"MP3","votes":13},"geometry":{"type":"Point","coordinates":[-92.93643146753314,17.98033917345396]}},{"type":"Feature","id":"5cc28e60-7802-407e-9f1c-04bdb652c4a3","properties":{"stationUuid":"5cc28e60-7802-407e-9f1c-04bdb652c4a3","name":" W RADIO 90.1 (San José Iturbide) - 90.1 FM - XHPSJI-FM - GlobalMedia - San Jose Iturbide, Guanajuato","country":"Mexico","countryCode":"MX","language":"spanish","freqLabel":"90.1 FM","streamUrl":"https://playradio.mx/proxy/los40jose?mp=/stream","codec":"MP3","votes":3},"geometry":{"type":"Point","coordinates":[-100.38422584533691,21.00083091461677]}},{"type":"Feature","id":"a93b67a6-fc1e-4ea9-ae2b-a36c492112db","properties":{"stationUuid":"a93b67a6-fc1e-4ea9-ae2b-a36c492112db","name":" W RADIO 90.1 (San José Iturbide) - 90.1 FM - XHPSJI-FM - GlobalMedia - San José Iturbide, Guanajuato","country":"Mexico","countryCode":"MX","language":"spanish","freqLabel":"90.1 FM","streamUrl":"https://playradio.mx/proxy/los40jose?mp=/stream","codec":"MP3","votes":12},"geometry":{"type":"Point","coordinates":[-100.38491249084474,21.001311690270473]}},{"type":"Feature","id":"db644fbe-3b46-44a5-8d7a-30fa82271541","properties":{"stationUuid":"db644fbe-3b46-44a5-8d7a-30fa82271541","name":" W RADIO 90.3 (Puerto Vallarta) - 90.3 FM - XHPVA-FM - GlobalMedia - Puerto Vallarta, Jalisco","country":"Mexico","countryCode":"MX","language":"spanish","freqLabel":"90.3 FM","streamUrl":"https://playradio.mx/proxy/wvallarta?mp=/stream","codec":"MP3","votes":12},"geometry":{"type":"Point","coordinates":[-105.2190685272217,20.64238533594033]}},{"type":"Feature","id":"5dfe658c-667a-4daa-ba18-3e6599d0edc9","properties":{"stationUuid":"5dfe658c-667a-4daa-ba18-3e6599d0edc9","name":" W RADIO 90.9 (MTY) - 90.9 FM - XHOK-FM - Grupo Radio Cañón - Monterrey, Nuevo León","country":"Mexico","countryCode":"MX","language":"spanish","freqLabel":"90.9 FM","streamUrl":"https://streaming.servicioswebmx.com/8214/stream","codec":"MP3","votes":1},"geometry":{"type":"Point","coordinates":[-100.31556129455566,25.681874597616083]}},{"type":"Feature","id":"4daf6325-78b6-49d2-8495-e5798843055a","properties":{"stationUuid":"4daf6325-78b6-49d2-8495-e5798843055a","name":" W RADIO 91.5 (Tapachula) - 91.5 FM - XHTAC-FM - Grupo Radio Cañón - Tapachula, Chiapas","country":"Mexico","countryCode":"MX","language":"spanish","freqLabel":"91.5 FM","streamUrl":"https://streaming.servicioswebmx.com/8248/stream","codec":"MP3","votes":13},"geometry":{"type":"Point","coordinates":[-92.25914955139162,14.904771247181298]}},{"type":"Feature","id":"69fba23b-983d-4408-8bf1-82d6f71e34b7","properties":{"stationUuid":"69fba23b-983d-4408-8bf1-82d6f71e34b7","name":" W RADIO 92.1 (Chetumal) - 92.1 FM - XHCCBQ-FM - Grupo Radio Cañón - Chetumal, Quintana Roo","country":"Mexico","countryCode":"MX","language":"spanish","freqLabel":"92.1 FM","streamUrl":"https://streaming.servicioswebmx.com/8256/stream","codec":"MP3","votes":1},"geometry":{"type":"Point","coordinates":[-88.29488754272461,18.505254786690067]}},{"type":"Feature","id":"ef1367f3-e46b-4345-bec2-6675cf728fbf","properties":{"stationUuid":"ef1367f3-e46b-4345-bec2-6675cf728fbf","name":" W RADIO 92.1 (Puebla) - 92.1 FM - XHEG-FM - Grupo Radio Cañón - Puebla, Puebla","country":"Mexico","countryCode":"MX","language":"spanish","freqLabel":"92.1 FM","streamUrl":"https://streaming.servicioswebmx.com/8212/stream","codec":"MP3","votes":14},"geometry":{"type":"Point","coordinates":[-98.1988048553467,19.045691961496]}},{"type":"Feature","id":"b81dbb4d-9b62-4d12-8217-e68fa555c935","properties":{"stationUuid":"b81dbb4d-9b62-4d12-8217-e68fa555c935","name":" W RADIO 92.5 (Durango) - 92.5 FM - XHCCAU-FM - Grupo Radio Cañón - Durango, Durango","country":"Mexico","countryCode":"MX","language":"spanish","freqLabel":"92.5 FM","streamUrl":"https://streaming.servicioswebmx.com/8264/stream","codec":"MP3","votes":9},"geometry":{"type":"Point","coordinates":[-104.65533256530765,24.023537697793937]}},{"type":"Feature","id":"ea13feca-3043-4cb0-b445-1f7882cc0db8","properties":{"stationUuid":"ea13feca-3043-4cb0-b445-1f7882cc0db8","name":" W RADIO 92.9 (Xalapa) - 92.9 FM - XHJH-FM - Grupo Radio Cañón - Xalapa, Veracruz","country":"Mexico","countryCode":"MX","language":"spanish","freqLabel":"92.9 FM","streamUrl":"https://streaming.servicioswebmx.com/8294/stream","codec":"MP3","votes":12},"geometry":{"type":"Point","coordinates":[-96.91477775573732,19.541149294184407]}},{"type":"Feature","id":"ce7f2738-0b26-47e3-8567-759413d4bf44","properties":{"stationUuid":"ce7f2738-0b26-47e3-8567-759413d4bf44","name":" W RADIO 94.3 (Fresnillo) - 94.3 FM - XHPFRZ-FM - Grupo Radio Cañon - Fresnillo, Zacatecas","country":"Mexico","countryCode":"MX","language":"spanish","freqLabel":"94.3 FM","streamUrl":"https://streaming.servicioswebmx.com/8300/stream","codec":"MP3","votes":3},"geometry":{"type":"Point","coordinates":[-102.87211418151855,23.18183121298724]}},{"type":"Feature","id":"1528f577-c3da-4e3e-b0c1-6dc5ed1a4f26","properties":{"stationUuid":"1528f577-c3da-4e3e-b0c1-6dc5ed1a4f26","name":" W RADIO 94.3 (Fresnillo) - 94.3 FM - XHPFRZ-FM - Grupo Radio Cañón - Fresnillo, Zacatecas","country":"Mexico","countryCode":"MX","language":"spanish","freqLabel":"94.3 FM","streamUrl":"https://streaming.servicioswebmx.com/8294/stream","codec":"MP3","votes":10},"geometry":{"type":"Point","coordinates":[-102.87280082702638,23.18246241739484]}},{"type":"Feature","id":"752ef4d9-e105-47c6-b43a-c2f8c58228c8","properties":{"stationUuid":"752ef4d9-e105-47c6-b43a-c2f8c58228c8","name":" W RADIO 940 (Mexicali) - 940 AM - XEMMM-AM - Grupo Radio Cañón - Mexicali, Baja California","country":"Mexico","countryCode":"MX","language":"spanish","freqLabel":null,"streamUrl":"https://streaming.servicioswebmx.com/8284/stream","codec":"MP3","votes":12},"geometry":{"type":"Point","coordinates":[-115.4748058319092,32.642232007298816]}},{"type":"Feature","id":"bcb73769-c671-4500-b162-6425587550e6","properties":{"stationUuid":"bcb73769-c671-4500-b162-6425587550e6","name":" W RADIO 95.9 (Torreón) - 95.9 FM - XHCCAR-FM - Grupo Radio Cañón - Torreón, Coahuila","country":"Mexico","countryCode":"MX","language":"spanish","freqLabel":"95.9 FM","streamUrl":"https://streaming.servicioswebmx.com/8204/stream","codec":"MP3","votes":2},"geometry":{"type":"Point","coordinates":[-103.41044425964355,25.543489354283913]}},{"type":"Feature","id":"f4bbf773-939b-4c6b-83c8-caa888cba82d","properties":{"stationUuid":"f4bbf773-939b-4c6b-83c8-caa888cba82d","name":" WAÖH 95.3 (San Luis Potosí) - 95.3 FM - XHNB-FM - Cadena RASA - San Luis Potosí, San Luis Potosí","country":"Mexico","countryCode":"MX","language":"spanish","freqLabel":"95.3 FM","streamUrl":"https://stream.zenolive.com/be10ijonibvuv","codec":"MP3","votes":1},"geometry":{"type":"Point","coordinates":[-100.9777879714966,22.15225391512152]}},{"type":"Feature","id":"3b384f4f-2f03-4c86-861e-a526fcdfef2e","properties":{"stationUuid":"3b384f4f-2f03-4c86-861e-a526fcdfef2e","name":" WOW (Mérida) - Online - www.cadenarasa.com - Cadena RASA - Mérida, Yucatán","country":"Mexico","countryCode":"MX","language":"spanish","freqLabel":null,"streamUrl":"https://stream.zeno.fm/jf0uuhbqekguv","codec":"MP3","votes":2},"geometry":{"type":"Point","coordinates":[-89.62328910827638,20.968615419386985]}},{"type":"Feature","id":"831fce7b-4acc-4326-9b04-8cd4a7a10075","properties":{"stationUuid":"831fce7b-4acc-4326-9b04-8cd4a7a10075","name":" WOW 101.1 (Torreón) - 101.1 FM - XHDN-FM - GPS Media - Torreón, Coahuila","country":"Mexico","countryCode":"MX","language":"spanish","freqLabel":"101.1 FM","streamUrl":"https://stream.zeno.fm/z2hquf0sa6wvv","codec":"MP3","votes":19},"geometry":{"type":"Point","coordinates":[-103.41061592102052,25.544573529639557]}},{"type":"Feature","id":"22633bb1-49aa-4ec6-99e3-4ca4d2451bf1","properties":{"stationUuid":"22633bb1-49aa-4ec6-99e3-4ca4d2451bf1","name":" XE'EK 101.5 (Mérida) - 101.5 FM - XHYK-FM - Península Studios - Mérida, Yucatán","country":"Mexico","countryCode":"MX","language":"spanish","freqLabel":"101.5 FM","streamUrl":"https://securestreams7.autopo.st/?uri=https://s1.voscast.com:10269/stream","codec":"AAC","votes":1},"geometry":{"type":"Point","coordinates":[-89.62328910827638,20.96797424451295]}},{"type":"Feature","id":"04d611a0-cde6-44f6-b7c1-26baa8eaf08a","properties":{"stationUuid":"04d611a0-cde6-44f6-b7c1-26baa8eaf08a","name":" XEB, LA B GRANDE DE MÉXICO 1220 (CDMX) - 1220 AM - XEB-AM - IMER - Ciudad de México","country":"Mexico","countryCode":"MX","language":null,"freqLabel":null,"streamUrl":"https://securestreams7.autopo.st/?uri=https://s2.mexside.net/8024/stream","codec":"MP3","votes":1},"geometry":{"type":"Point","coordinates":[-99.13358688354492,19.436085975168535]}},{"type":"Feature","id":"4e870cb2-92f1-46de-984e-0c7a9fec7ff1","properties":{"stationUuid":"4e870cb2-92f1-46de-984e-0c7a9fec7ff1","name":" XEVA 91.7 (Villahermosa) - 91.7 FM - XHVA-FM - Grupo Pazos - Villahermosa, Tabasco","country":"Mexico","countryCode":"MX","language":"spanish","freqLabel":"91.7 FM","streamUrl":"https://sg.centrocibernetico.com/xevavillahermosa","codec":"MP3","votes":14},"geometry":{"type":"Point","coordinates":[-92.93767869472504,17.98495561930345]}},{"type":"Feature","id":"4bad8615-1255-410f-8403-593ab9a071c4","properties":{"stationUuid":"4bad8615-1255-410f-8403-593ab9a071c4","name":" XEVT 104.1 (Villahermosa) - 104.1 FM - XHVT-FM - Telereportaje/XEVT - Villahermosa, Tabasco","country":"Mexico","countryCode":"MX","language":"spanish","freqLabel":"104.1 FM","streamUrl":"https://radio.golsystems.com.mx/8054/stream","codec":"MP3","votes":50},"geometry":{"type":"Point","coordinates":[-92.94129699468614,17.998171276754192]}},{"type":"Feature","id":"84fff6b9-62ac-4c86-b385-73039f3a06fa","properties":{"stationUuid":"84fff6b9-62ac-4c86-b385-73039f3a06fa","name":" YA! FM 102.9 (Veracruz) - 102.9 FM - XHTS-FM - Grupo Pazos - Veracruz, Veracruz","country":"Mexico","countryCode":"MX","language":"spanish","freqLabel":"102.9 FM","streamUrl":"https://sgaudio.centrocibernetico.com/yafmveracruz","codec":"MP3","votes":5},"geometry":{"type":"Point","coordinates":[-96.1392116546631,19.20204095935688]}},{"type":"Feature","id":"e112aa0a-c36f-4ad4-9892-ff5ece95410a","properties":{"stationUuid":"e112aa0a-c36f-4ad4-9892-ff5ece95410a","name":" ZER RADIO 1320 (CDMX) - 1320 AM - XEARZ-AM - Grupo Radiofónico ZER - Ciudad de México","country":"Mexico","countryCode":"MX","language":"spanish","freqLabel":null,"streamUrl":"https://cast.zuperdns.net/8032/stream","codec":"MP3","votes":11},"geometry":{"type":"Point","coordinates":[-99.13238525390626,19.435762216933128]}},{"type":"Feature","id":"8bb10219-b960-44eb-b633-8f851998791f","properties":{"stationUuid":"8bb10219-b960-44eb-b633-8f851998791f","name":"@FM (CDMX) - Online - www.arroba.fm - Radiorama Valle de México - Ciudad de México","country":"Mexico","countryCode":"MX","language":"spanish","freqLabel":null,"streamUrl":"https://stream.zeno.fm/6vtcayf9d78uv","codec":"MP3","votes":1},"geometry":{"type":"Point","coordinates":[-99.13290023803712,19.43543845805219]}},{"type":"Feature","id":"8255c4c4-9461-4c96-8223-15b410909636","properties":{"stationUuid":"8255c4c4-9461-4c96-8223-15b410909636","name":"@FM (Celaya)  - 99.5 FM - XHAF-FM - Radiorama - Celaya, GT","country":"Mexico","countryCode":"MX","language":"spanish","freqLabel":"99.5 FM","streamUrl":"https://stream.zeno.fm/179rk7f9d78uv","codec":"MP3","votes":30},"geometry":{"type":"Point","coordinates":[-100.81346511840822,20.523625715942444]}},{"type":"Feature","id":"13a4cc6d-7643-4a14-84e5-bfa38ad9994a","properties":{"stationUuid":"13a4cc6d-7643-4a14-84e5-bfa38ad9994a","name":"@FM (Celaya) - 99.5 FM - XHAF-FM - Radiorama - Celaya, Guanajuato","country":"Mexico","countryCode":"MX","language":"spanish","freqLabel":"99.5 FM","streamUrl":"https://stream.zeno.fm/179rk7f9d78uv","codec":"MP3","votes":17},"geometry":{"type":"Point","coordinates":[-100.81440925598146,20.523304184334663]}},{"type":"Feature","id":"b8bcab24-4884-4d8c-9dee-416c6f6374b4","properties":{"stationUuid":"b8bcab24-4884-4d8c-9dee-416c6f6374b4","name":"@FM (Chihuahua) - 1360 AM - XEDI-AM - Radiorama - Chihuahua, Chihuahua","country":"Mexico","countryCode":"MX","language":"spanish","freqLabel":null,"streamUrl":"https://stream.zeno.fm/hv5u0bg9d78uv","codec":"MP3","votes":13},"geometry":{"type":"Point","coordinates":[-106.07831954956056,28.63779879003881]}},{"type":"Feature","id":"bdb69d53-ca08-49b8-a87a-bfd205628162","properties":{"stationUuid":"bdb69d53-ca08-49b8-a87a-bfd205628162","name":"@FM (Chihuahua) - 88.5 FM - XHDI-FM - Radiorama - Chihuahua, Chihuahua","country":"Mexico","countryCode":"MX","language":"spanish","freqLabel":"88.5 FM","streamUrl":"https://stream.zeno.fm/hv5u0bg9d78uv","codec":"MP3","votes":17},"geometry":{"type":"Point","coordinates":[-106.09042167663576,28.653652363227167]}},{"type":"Feature","id":"c191c5f4-58b4-4ee0-9cb4-a03a7adb12ba","properties":{"stationUuid":"c191c5f4-58b4-4ee0-9cb4-a03a7adb12ba","name":"@FM (Cuernavaca) - 93.3 FM - XHTB-FM - Radiorama Morelos - Cuernavaca, Morelos","country":"Mexico","countryCode":"MX","language":"spanish","freqLabel":"93.3 FM","streamUrl":"https://stream.zeno.fm/yt2efgg9d78uv","codec":"MP3","votes":11},"geometry":{"type":"Point","coordinates":[-99.23160552978516,18.92692019998412]}},{"type":"Feature","id":"72098f36-d7ca-407f-bd3a-99ed4f8a58f0","properties":{"stationUuid":"72098f36-d7ca-407f-bd3a-99ed4f8a58f0","name":"@FM (Durango)  - 99.7 FM - XHOH-FM - Radiorama - Durango, GR","country":"Mexico","countryCode":"MX","language":"spanish","freqLabel":"99.7 FM","streamUrl":"https://stream.zeno.fm/pp1aypg9d78uv","codec":"MP3","votes":29},"geometry":{"type":"Point","coordinates":[-104.65679168701172,24.02228335747614]}},{"type":"Feature","id":"939220fb-c8fd-486c-8edb-a79800b12171","properties":{"stationUuid":"939220fb-c8fd-486c-8edb-a79800b12171","name":"@FM (Guadalajara) - 88.7 FM - XHGDL-FM - Radiorama de Occidente - Guadalajara, Jalisco","country":"Mexico","countryCode":"MX","language":null,"freqLabel":"88.7 FM","streamUrl":"https://stream.zeno.fm/es06s1g9d78uv","codec":"MP3","votes":19},"geometry":{"type":"Point","coordinates":[-103.33920478820802,20.6735464074718]}},{"type":"Feature","id":"5dea0c65-6cbc-4f27-8ccd-bdc3876396c4","properties":{"stationUuid":"5dea0c65-6cbc-4f27-8ccd-bdc3876396c4","name":"@FM (Hermosillo) - 101.1 FM - XHVSS-FM - Radiorama Sonora - Hermosillo, Sonora","country":"Mexico","countryCode":"MX","language":"spanish","freqLabel":"101.1 FM","streamUrl":"https://stream.freepi.io/8402/live","codec":"MP3","votes":1},"geometry":{"type":"Point","coordinates":[-110.96895217895508,29.096606756425683]}},{"type":"Feature","id":"7d1dbe9f-bf6a-46a3-89bb-c2e80a0833d5","properties":{"stationUuid":"7d1dbe9f-bf6a-46a3-89bb-c2e80a0833d5","name":"@FM (León) - 1530 AM - XESD-AM - Radiorama - León, Guanajuato","country":"Mexico","countryCode":"MX","language":"spanish","freqLabel":null,"streamUrl":"https://stream-285.surfernetwork.com/883nc8g9d78uv?zt=eyJhbGciOiJIUzI1NiJ9.eyJzdHJlYW0iOiI4ODNuYzhnOWQ3OHV2IiwiaG9zdCI6InN0cmVhbS0yODUuc3VyZmVybmV0d29yay5jb20iLCJ0bSI6ZmFsc2UsInJ0dGwiOjUsImp0aSI6InBrdEF3YnBuU3hHQWw0RnFVMHktcGciLCJpYXQiOjE3ODk5NDgzMTIsImV4cCI6MTc4OTk0ODM3Mn0.HmiHYPTvw67nX_OKWkauN0Uh9214pTqB2Pknv2IuClU","codec":"MP3","votes":1},"geometry":{"type":"Point","coordinates":[-101.6831874847412,21.122417708567394]}},{"type":"Feature","id":"7d5bb92f-518f-487b-8f07-aa6c933b23ba","properties":{"stationUuid":"7d5bb92f-518f-487b-8f07-aa6c933b23ba","name":"@FM (León) - 99.3 FM - XHSD-FM - Radiorama Bajío - León, Guanajuato","country":"Mexico","countryCode":"MX","language":"spanish","freqLabel":"99.3 FM","streamUrl":"https://stream-285.surfernetwork.com/883nc8g9d78uv?zt=eyJhbGciOiJIUzI1NiJ9.eyJzdHJlYW0iOiI4ODNuYzhnOWQ3OHV2IiwiaG9zdCI6InN0cmVhbS0yODUuc3VyZmVybmV0d29yay5jb20iLCJ0bSI6ZmFsc2UsInJ0dGwiOjUsImp0aSI6IkpLUlhpaHY3U0x5VU5CeWtxYm5NOHciLCJpYXQiOjE3ODk5MzQzMjIsImV4cCI6MTc4OTkzNDM4Mn0.ror-l8vfAVie-2qSTN2LOfaOYSpWkg2N3waiVHgLk9Q","codec":"MP3","votes":23},"geometry":{"type":"Point","coordinates":[-101.68275833129884,21.123501069914237]}},{"type":"Feature","id":"3a6f1406-d833-4045-9f16-b01188c1b35c","properties":{"stationUuid":"3a6f1406-d833-4045-9f16-b01188c1b35c","name":"@FM (Piedras Negras) - 101.7 FM - XHCPN-FM - Radiorama - Piedras Negras, Coahuila","country":"Mexico","countryCode":"MX","language":"spanish","freqLabel":"101.7 FM","streamUrl":"https://stream.zeno.fm/p7xefup9d78uv","codec":"MP3","votes":18},"geometry":{"type":"Point","coordinates":[-100.53468704223634,28.69834723386819]}},{"type":"Feature","id":"3dfbd133-1354-4fb9-bef2-ee856ec9050e","properties":{"stationUuid":"3dfbd133-1354-4fb9-bef2-ee856ec9050e","name":"@FM (Poza Rica) - 89.3 FM - XHRRR-FM - Radiorama Poza Rica - Poza Rica, Veracruz","country":"Mexico","countryCode":"MX","language":"spanish","freqLabel":"89.3 FM","streamUrl":"https://stream.zeno.fm/dctbwwp9d78uv","codec":"MP3","votes":21},"geometry":{"type":"Point","coordinates":[-97.45293617248537,20.533432105458814]}},{"type":"Feature","id":"4a7ca199-d22f-4230-9557-3b3040ba38f0","properties":{"stationUuid":"4a7ca199-d22f-4230-9557-3b3040ba38f0","name":"@FM (Puebla) - 96.1 FM - XHEZAR-FM - Radiorama Puebla - Puebla, Puebla","country":"Mexico","countryCode":"MX","language":"spanish","freqLabel":"96.1 FM","streamUrl":"https://stream.zeno.fm/pfyc6yp9d78uv","codec":"MP3","votes":24},"geometry":{"type":"Point","coordinates":[-98.1984615325928,19.045042902626303]}},{"type":"Feature","id":"dd3afd32-8e9e-4f5e-8734-1bc144ecfb76","properties":{"stationUuid":"dd3afd32-8e9e-4f5e-8734-1bc144ecfb76","name":"@FM (Reynosa) - 95.3 FM - XHRT-FM - Radiorama - Reynosa, Tamaulipas","country":"Mexico","countryCode":"MX","language":"spanish","freqLabel":"95.3 FM","streamUrl":"https://stream.zeno.fm/b04err5zfkhvv","codec":"MP3","votes":15},"geometry":{"type":"Point","coordinates":[-98.27914237976076,26.09159383490351]}},{"type":"Feature","id":"92455827-f11c-4413-9ee6-e88c31fe7039","properties":{"stationUuid":"92455827-f11c-4413-9ee6-e88c31fe7039","name":"@FM (Tampico) - 93.5 FM - XHPP-FM - Radiorama - Tampico, Tamaulipas","country":"Mexico","countryCode":"MX","language":"spanish","freqLabel":"93.5 FM","streamUrl":"https://stream.zeno.fm/y57qb0p9d78uv","codec":"MP3","votes":32},"geometry":{"type":"Point","coordinates":[-97.85702705383302,22.216293751707575]}},{"type":"Feature","id":"5387f79e-4af7-48cf-a10d-d5eaf8ae0584","properties":{"stationUuid":"5387f79e-4af7-48cf-a10d-d5eaf8ae0584","name":"@FM (Tepic) - 98.5 FM - XHEPIC-FM - Radiorama Nayarit - Tepic, Nayarit","country":"Mexico","countryCode":"MX","language":null,"freqLabel":"98.5 FM","streamUrl":"https://stream.zeno.fm/csvzw6ypu98uv","codec":"MP3","votes":21},"geometry":{"type":"Point","coordinates":[-104.89119529724124,21.51245286575453]}},{"type":"Feature","id":"4a616ceb-881c-4544-98e4-5c4546d09431","properties":{"stationUuid":"4a616ceb-881c-4544-98e4-5c4546d09431","name":"+70s Disco Nights Radio (MTY) - Online - www.70sdisconights.com - Grupo Digital Retroland - Monterrey, Nuevo León","country":"Mexico","countryCode":"MX","language":"spanish","freqLabel":null,"streamUrl":"https://panel.retrolandigital.com/listen/70s_disco_nights/listen","codec":"AAC","votes":40},"geometry":{"type":"Point","coordinates":[-100.31770706176758,25.681064817871917]}},{"type":"Feature","id":"ec095d62-6ba7-44ad-8a6f-0324c67f03ec","properties":{"stationUuid":"ec095d62-6ba7-44ad-8a6f-0324c67f03ec","name":"+Acceso Total (Mexicali) - Online - www.eltoquefm.com - El Toque FM - Mexicali, Baja California","country":"Mexico","countryCode":"MX","language":"spanish","freqLabel":null,"streamUrl":"https://us10a.serverse.com/proxy/acce8712?mp=/;","codec":"MP3","votes":9},"geometry":{"type":"Point","coordinates":[-115.4502582550049,32.62531825411631]}},{"type":"Feature","id":"7fa7ed69-98c5-4ce0-a77b-c5e71903c731","properties":{"stationUuid":"7fa7ed69-98c5-4ce0-a77b-c5e71903c731","name":"+Arroba FM (CDMX) - Online - www.arroba.fm - Radiorama - Ciudad de México","country":"Mexico","countryCode":"MX","language":"spanish","freqLabel":null,"streamUrl":"https://stream.zeno.fm/6vtcayf9d78uv","codec":"MP3","votes":1},"geometry":{"type":"Point","coordinates":[-99.13281440734865,19.433371950610702]}},{"type":"Feature","id":"95ca48ea-76d8-4211-b78a-edf28a6e612f","properties":{"stationUuid":"95ca48ea-76d8-4211-b78a-edf28a6e612f","name":"+Azteka Radio (Río Verde) - Online - www.aztekaradio.com - Río Verde, San Luis Potosí","country":"Mexico","countryCode":"MX","language":"spanish","freqLabel":null,"streamUrl":"https://streamingcwsradio30.com/8176/;","codec":"MP3","votes":9},"geometry":{"type":"Point","coordinates":[-99.99197959899904,21.931861990275003]}},{"type":"Feature","id":"32927817-5c04-4127-9646-6b47d425aa95","properties":{"stationUuid":"32927817-5c04-4127-9646-6b47d425aa95","name":"+Azul Radio (Mérida) - Online - azulradio.org - Mérida, Yucatán","country":"Mexico","countryCode":"MX","language":"spanish","freqLabel":null,"streamUrl":"https://miradiost.com/listen/azulradio/radio.mp3","codec":"MP3","votes":4},"geometry":{"type":"Point","coordinates":[-89.622859954834,20.968096969603973]}},{"type":"Feature","id":"b6844776-ef49-40f6-99ee-caaf93a4ae5f","properties":{"stationUuid":"b6844776-ef49-40f6-99ee-caaf93a4ae5f","name":"+Azul Radio (Veracruz) - Online - azulradio.org - Veracruz, Veracruz","country":"Mexico","countryCode":"MX","language":"spanish","freqLabel":null,"streamUrl":"https://miradiost.com/listen/azulradioveracruz/radio.mp3","codec":"MP3","votes":4},"geometry":{"type":"Point","coordinates":[-96.14084243774414,19.204758828083285]}},{"type":"Feature","id":"89c9a736-8592-47e6-8404-bc66438a9f63","properties":{"stationUuid":"89c9a736-8592-47e6-8404-bc66438a9f63","name":"+Café Romántico Radio (MTY) - Online - www.caferomanticoradio.com - Grupo Digital Retroland - Monterrey, Nuevo León","country":"Mexico","countryCode":"MX","language":"spanish","freqLabel":null,"streamUrl":"https://panel.retrolandigital.com/radio/8110/listen","codec":"AAC","votes":47},"geometry":{"type":"Point","coordinates":[-100.31521797180176,25.680791667045295]}},{"type":"Feature","id":"98a09283-8e60-42e0-92c3-c8358d7ed521","properties":{"stationUuid":"98a09283-8e60-42e0-92c3-c8358d7ed521","name":"+Convoy En Vivo (CDMX) - Online - www.convoynetwork.com - Convoy Network - Ciudad de México","country":"Mexico","countryCode":"MX","language":"spanish","freqLabel":null,"streamUrl":"https://live.convoynetwork.com/stream","codec":"AAC","votes":6},"geometry":{"type":"Point","coordinates":[-99.1325569152832,19.434143416073223]}},{"type":"Feature","id":"a56e3f60-5131-47cf-af86-6576e1e04a2a","properties":{"stationUuid":"a56e3f60-5131-47cf-af86-6576e1e04a2a","name":"+Cumbias Inmortales Radio (MTY) - Online - www.cumbiasinmortales.com - Grupo Digital Retroland - Monterrey, Nuevo León","country":"Mexico","countryCode":"MX","language":"spanish","freqLabel":null,"streamUrl":"https://panel.retrolandigital.com/listen/cumbias_inmortales_radio/listen","codec":"AAC","votes":39},"geometry":{"type":"Point","coordinates":[-100.31453132629396,25.680172845157298]}},{"type":"Feature","id":"7706086b-456e-4598-8885-dfbb2642b347","properties":{"stationUuid":"7706086b-456e-4598-8885-dfbb2642b347","name":"+Estrellas de los 80's Radio (MTY) - Online - www.estrellasdelos80s.com - Grupo Digital Retroland - Monterrey, Nuevo León","country":"Mexico","countryCode":"MX","language":"spanish","freqLabel":null,"streamUrl":"https://panel.retrolandigital.com/listen/estrellas_de_los_80s/listen","codec":"AAC","votes":26},"geometry":{"type":"Point","coordinates":[-100.31650543212892,25.68161111764662]}},{"type":"Feature","id":"c46ec23b-d598-4813-bd42-cfa47afcef8a","properties":{"stationUuid":"c46ec23b-d598-4813-bd42-cfa47afcef8a","name":"+Interferencia (CDMX) - Online - www.imer.mx - IMER - Ciudad de México","country":"Mexico","countryCode":"MX","language":"spanish","freqLabel":null,"streamUrl":"https://securestreams7.autopo.st/?uri=https://s2.mexside.net/8022/stream","codec":"MP3","votes":1},"geometry":{"type":"Point","coordinates":[-99.13152694702148,19.434467177536227]}},{"type":"Feature","id":"1d40d740-0f64-4a6c-ab57-5a96f7a24d9b","properties":{"stationUuid":"1d40d740-0f64-4a6c-ab57-5a96f7a24d9b","name":"+NoFM Radio (CDMX) - Online - www.nofm-radio.com - Todo Menos Miedo - Ciudad de México","country":"Mexico","countryCode":"MX","language":"spanish","freqLabel":null,"streamUrl":"https://securestreams7.autopo.st/?uri=https://s2.voscast.com:8163/stream","codec":"MP3","votes":3},"geometry":{"type":"Point","coordinates":[-99.13058280944826,19.433533832191916]}},{"type":"Feature","id":"b1279559-e4da-45b7-9abf-f96626539999","properties":{"stationUuid":"b1279559-e4da-45b7-9abf-f96626539999","name":"+Oxygn Radio (Atlixco) - Online - www.oxygenradio.com - Atlixco, Puebla","country":"Mexico","countryCode":"MX","language":"spanish","freqLabel":null,"streamUrl":"https://stream9.mexiserver.com:8168/stream","codec":"MP3","votes":1},"geometry":{"type":"Point","coordinates":[-98.43805789947513,18.9092718419472]}},{"type":"Feature","id":"37ca3e1f-5469-491c-8b13-f0367db53105","properties":{"stationUuid":"37ca3e1f-5469-491c-8b13-f0367db53105","name":"+Pixel Digital Radio (Tacámbaro) - Online - publicidadckv.wordpress.com - Tacámbaro, Michoacán","country":"Mexico","countryCode":"MX","language":"spanish","freqLabel":null,"streamUrl":"https://stream.zeno.fm/tn3ch5scy38uv","codec":"AAC","votes":4},"geometry":{"type":"Point","coordinates":[-101.45792484283449,19.236991148425773]}},{"type":"Feature","id":"e2d8641b-86ed-49e7-927c-0db3e20f53fd","properties":{"stationUuid":"e2d8641b-86ed-49e7-927c-0db3e20f53fd","name":"+Que Viva México Radio (MTY) - Online - www.quevivamexico.com - Grupo Digital Retroland - Monterrey, Nuevo León","country":"Mexico","countryCode":"MX","language":"spanish","freqLabel":null,"streamUrl":"https://panel.retrolandigital.com:8160/listen","codec":"AAC","votes":12},"geometry":{"type":"Point","coordinates":[-100.31633377075195,25.682302449169228]}},{"type":"Feature","id":"0fe501f4-2dfd-4d39-b30d-05cc95872fe1","properties":{"stationUuid":"0fe501f4-2dfd-4d39-b30d-05cc95872fe1","name":"+Radio 620 (CDMX) - Online - www.cadenarasa.com - Cadena RASA - Ciudad de México","country":"Mexico","countryCode":"MX","language":"spanish","freqLabel":null,"streamUrl":"https://stream.zeno.fm/smm679phup8uv","codec":"MP3","votes":4},"geometry":{"type":"Point","coordinates":[-99.13315773010255,19.43482887903227]}},{"type":"Feature","id":"13d4ccfc-a269-4835-87c8-47ffbadeb71b","properties":{"stationUuid":"13d4ccfc-a269-4835-87c8-47ffbadeb71b","name":"+Radio Mexico Internacional (CDMX) - Online - www.imer.mx - IMER - Ciudad de México","country":"Mexico","countryCode":"MX","language":"spanish","freqLabel":null,"streamUrl":"https://securestreams7.autopo.st/?uri=https://s2.mexside.net/8020/stream","codec":"MP3","votes":4},"geometry":{"type":"Point","coordinates":[-99.1333293914795,19.434666998742035]}},{"type":"Feature","id":"85e9cad6-d653-4bdf-ae3f-9807edd617d4","properties":{"stationUuid":"85e9cad6-d653-4bdf-ae3f-9807edd617d4","name":"+Somos + Radio (GDL) - Online - www.somosmasradio.com - Somos+Radio - Guadalajara, Jalisco","country":"Mexico","countryCode":"MX","language":"spanish","freqLabel":null,"streamUrl":"https://streaming.servicioswebmx.com/8036/stream","codec":"MP3","votes":6},"geometry":{"type":"Point","coordinates":[-103.33997726440433,20.675757255485728]}},{"type":"Feature","id":"55699759-b52e-418e-b6dd-606de2b362f6","properties":{"stationUuid":"55699759-b52e-418e-b6dd-606de2b362f6","name":"+Wow (Mérida) - Online - www.cadenarasa.com - Cadena RASA - Mérida, Yucatán","country":"Mexico","countryCode":"MX","language":"spanish","freqLabel":null,"streamUrl":"https://stream.zeno.fm/jf0uuhbqekguv","codec":"MP3","votes":2},"geometry":{"type":"Point","coordinates":[-89.624662399292,20.96909629873798]}},{"type":"Feature","id":"ecb1fe29-2a37-4c6e-9fc7-a4b090ff956c","properties":{"stationUuid":"ecb1fe29-2a37-4c6e-9fc7-a4b090ff956c","name":"+Zona Grupera (MTY) - Online - www.radio-en-vivo.mx/zona-grupera - Monterrey, Nuevo León","country":"Mexico","countryCode":"MX","language":"spanish","freqLabel":null,"streamUrl":"https://az11.yesstreaming.net:8500/;","codec":"MP3","votes":14},"geometry":{"type":"Point","coordinates":[-100.31521797180176,25.680791667045295]}},{"type":"Feature","id":"ade70db6-4955-417a-8b25-b6efe2b05682","properties":{"stationUuid":"ade70db6-4955-417a-8b25-b6efe2b05682","name":"100.1 Amor (Mérida) - 100.1 FM - XHYU-FM - Grupo SIPSE Radio - Mérida, Yucatán","country":"Mexico","countryCode":"MX","language":"spanish","freqLabel":"100.1 FM","streamUrl":"https://webprod.sipse.com.mx:8080/amor","codec":"MP3","votes":2},"geometry":{"type":"Point","coordinates":[-89.62251663208009,20.97130281384416]}},{"type":"Feature","id":"f3e850ac-ec31-4d0b-bce9-ae93d37e21da","properties":{"stationUuid":"f3e850ac-ec31-4d0b-bce9-ae93d37e21da","name":"100.1 Hits (Huajuapan) - 100.1 FM - XHPHUA-FM - Enza Telecom - Huajuapan de León, Oaxaca","country":"Mexico","countryCode":"MX","language":"spanish","freqLabel":"100.1 FM","streamUrl":"https://stream.zeno.fm/1ozriqxnwr0uv","codec":"AAC","votes":4},"geometry":{"type":"Point","coordinates":[-97.77737617492676,17.809620007606064]}},{"type":"Feature","id":"3a8a1604-49bd-404b-83ae-e3007e7529fe","properties":{"stationUuid":"3a8a1604-49bd-404b-83ae-e3007e7529fe","name":"100.1 La KeBuena (Tuxtla) - 100.1 FM - XHUD-FM - Radio Núcleo - Tuxtla Gutiérrez, Chiapas","country":"Mexico","countryCode":"MX","language":"spanish","freqLabel":"100.1 FM","streamUrl":"https://stream.freepi.io/8306/live","codec":"MP3","votes":1},"geometry":{"type":"Point","coordinates":[-93.10998916625977,16.755158371422787]}},{"type":"Feature","id":"4905f174-625e-4fa3-9970-c27a31ff216e","properties":{"stationUuid":"4905f174-625e-4fa3-9970-c27a31ff216e","name":"100.1 La Poderosa (Oaxaca) - 100.1 FM - XHOQ-FM - Grupo AS Comunicación - Oaxaca, Oaxaca","country":"Mexico","countryCode":"MX","language":"spanish","freqLabel":"100.1 FM","streamUrl":"https://stream.zeno.fm/yg63h9ekvjhvv","codec":"MP3","votes":2},"geometry":{"type":"Point","coordinates":[-96.72655105590822,17.06195915594081]}},{"type":"Feature","id":"9ef34448-d0aa-4f7f-b987-7ab3bd5d100a","properties":{"stationUuid":"9ef34448-d0aa-4f7f-b987-7ab3bd5d100a","name":"100.1 La Sanmarqueña (Aguascalientes) - 100.1 FM - XHARZ-FM - Grupo Radiofónico ZER - Aguascalientes, Aguascalientes","country":"Mexico","countryCode":"MX","language":"spanish","freqLabel":"100.1 FM","streamUrl":"https://cast.zuperdns.net/8028/stream/","codec":"MP3","votes":3},"geometry":{"type":"Point","coordinates":[-102.29438781738284,21.87904240112747]}},{"type":"Feature","id":"ac4d98cc-ecc1-48d4-b7be-2e24c30f6b02","properties":{"stationUuid":"ac4d98cc-ecc1-48d4-b7be-2e24c30f6b02","name":"100.1 LOS40 (Coatzacoalcos) - 100.1 FM - XHNE-FM - Liberal del Sur - Coatzacoalcos, Veracruz","country":"Mexico","countryCode":"MX","language":"spanish","freqLabel":"100.1 FM","streamUrl":"https://streaming.servicioswebmx.com/8104/stream","codec":"MP3","votes":2},"geometry":{"type":"Point","coordinates":[-94.43405628204346,18.14110199193761]}},{"type":"Feature","id":"5bea7ce3-968b-4f8f-8c98-a2c94a6a2d6f","properties":{"stationUuid":"5bea7ce3-968b-4f8f-8c98-a2c94a6a2d6f","name":"100.1 Mágica (Parral) - 100.1 FM - XHHPC-FM - Hidalgo del Parral, Chihuahua","country":"Mexico","countryCode":"MX","language":"spanish","freqLabel":"100.1 FM","streamUrl":"https://secure.radiorama.mx:2042/","codec":"MP3","votes":1},"geometry":{"type":"Point","coordinates":[-105.66882133483888,26.931370153698015]}},{"type":"Feature","id":"d21e40cc-6110-4c44-a4bb-66b0fa01bba6","properties":{"stationUuid":"d21e40cc-6110-4c44-a4bb-66b0fa01bba6","name":"100.1 Radio Fórmula (Poza Rica) - 100.1 FM - XHXK-FM - Grupo Fórmula - Poza Rica, Veracruz","country":"Mexico","countryCode":"MX","language":"spanish","freqLabel":"100.1 FM","streamUrl":"https://stream.radiojar.com/yqkm4a9n3p8uv","codec":"AAC","votes":1},"geometry":{"type":"Point","coordinates":[-97.4537515640259,20.533209810814697]}},{"type":"Feature","id":"5e60eb92-dbcd-4706-b3eb-55b773e7ecf2","properties":{"stationUuid":"5e60eb92-dbcd-4706-b3eb-55b773e7ecf2","name":"100.1 Radio Vida (Ciudad Obregón) - 100.1 FM - XHCSAE-FM - Radio Vida MX - Ciudad Obregon, Sonora","country":"Mexico","countryCode":"MX","language":"spanish","freqLabel":"100.1 FM","streamUrl":"https://stream4.305stream.com:9675/stream","codec":"MP3","votes":4},"geometry":{"type":"Point","coordinates":[-109.93846893310548,27.48802927884227]}},{"type":"Feature","id":"e642513a-0102-44a7-90b6-25b9a5223380","properties":{"stationUuid":"e642513a-0102-44a7-90b6-25b9a5223380","name":"100.1 VOX FM Radio Hits (Cuernavaca) - 100.1 FM - XHTIX-FM - Cuernavaca, Morelos","country":"Mexico","countryCode":"MX","language":"spanish","freqLabel":"100.1 FM","streamUrl":"https://stream9.mexiserver.com:8342/steam","codec":"MP3","votes":2},"geometry":{"type":"Point","coordinates":[-99.23357963562012,18.923137206591296]}},{"type":"Feature","id":"720c65c3-ea8b-4606-aa49-1b91a8514a04","properties":{"stationUuid":"720c65c3-ea8b-4606-aa49-1b91a8514a04","name":"100.1 W Radio (San Luis Potosí) - 100.1 FM - XHPM-FM - GlobalMedia - San Luis Potosí, San Luis Potosí","country":"Mexico","countryCode":"MX","language":"spanish","freqLabel":"100.1 FM","streamUrl":"https://wradio.b-cdn.net/stream","codec":"MP3","votes":1},"geometry":{"type":"Point","coordinates":[-100.97723007202148,22.15426487854331]}},{"type":"Feature","id":"6f754055-6ce7-45f6-9cd0-39d011815c34","properties":{"stationUuid":"6f754055-6ce7-45f6-9cd0-39d011815c34","name":"100.3 Aztlán Radio (Tepic) - 100.3 FM - XHTNY-FM - Sistema de Radio y Televisión de Nayarit - Tepic, Nayarit","country":"Mexico","countryCode":"MX","language":"spanish","freqLabel":"100.3 FM","streamUrl":"https://stream-282.surfernetwork.com/0zqsdz9xoamuv?zt=eyJhbGciOiJIUzI1NiJ9.eyJzdHJlYW0iOiIwenFzZHo5eG9hbXV2IiwiaG9zdCI6InN0cmVhbS0yODIuc3VyZmVybmV0d29yay5jb20iLCJ0bSI6ZmFsc2UsInJ0dGwiOjUsImp0aSI6Ijc2ZDdsSkRsUWhTdW9SNXlwbi1rSEEiLCJpYXQiOjE3ODk5Nzc5OTgsImV4cCI6MTc4OTk3ODA1OH0.D9ai3qigEKz0uXhGtoxGaf97mLuohu6c5L6bqb84g2M","codec":"MP3","votes":2},"geometry":{"type":"Point","coordinates":[-104.89110946655276,21.513373650926734]}},{"type":"Feature","id":"c1bfe813-ef63-4379-9db9-ad460ee8f820","properties":{"stationUuid":"c1bfe813-ef63-4379-9db9-ad460ee8f820","name":"100.3 El Heraldo Radio (GDL) - 100.3 FM - XHAV-FM - Heraldo Media Group - Guadalajara, Jalisco","country":"Mexico","countryCode":"MX","language":"spanish","freqLabel":"100.3 FM","streamUrl":"https://stream.radiojar.com/21h1m4cch8nwv","codec":"MP3","votes":3},"geometry":{"type":"Point","coordinates":[-103.33886146545412,20.67306458388202]}},{"type":"Feature","id":"880642c7-0755-4f68-9665-4a082d97b6f2","properties":{"stationUuid":"880642c7-0755-4f68-9665-4a082d97b6f2","name":"100.3 Estéreo Tiempo (Monclova) - 100.3 FM - XHTF-FM - Monclova, Coahuila","country":"Mexico","countryCode":"MX","language":"spanish","freqLabel":"100.3 FM","streamUrl":"https://stream9.mexiserver.com/8246/stream","codec":"MP3","votes":1},"geometry":{"type":"Point","coordinates":[-101.41642570495608,26.90136941498567]}},{"type":"Feature","id":"6cf08ac2-ee88-4246-b078-ce542b44fb93","properties":{"stationUuid":"6cf08ac2-ee88-4246-b078-ce542b44fb93","name":"100.3 Imagen Radio (Laguna) - 100.3 FM - XHEN-FM - Grupo Imagen - Torreón, Coahuila","country":"Mexico","countryCode":"MX","language":"spanish","freqLabel":"100.3 FM","streamUrl":"https://laguna.radio.wnsol.com/;stream.mp3","codec":"MP3","votes":2},"geometry":{"type":"Point","coordinates":[-103.41061592102052,25.545812575183003]}},{"type":"Feature","id":"2ec15b70-15a5-4779-ae1e-7ed8a009bf39","properties":{"stationUuid":"2ec15b70-15a5-4779-ae1e-7ed8a009bf39","name":"100.3 La Calurosa (Ensenada) - 100.3 FM - XHDX-FM - Esquina 32 - Ensenada, Baja California","country":"Mexico","countryCode":"MX","language":"spanish","freqLabel":"100.3 FM","streamUrl":"https://cast2.my-control-panel.com/proxy/smashco1/stream","codec":"MP3","votes":1},"geometry":{"type":"Point","coordinates":[-116.60330772399904,31.86644419919482]}},{"type":"Feature","id":"41853185-c10f-4190-9966-a8663a842156","properties":{"stationUuid":"41853185-c10f-4190-9966-a8663a842156","name":"100.3 RTQ Radio (Querétaro) - 100.3 FM - XHQUE-FM - RTQ (Radio Televisión Querétaro) - Querétaro, Querétaro","country":"Mexico","countryCode":"MX","language":"spanish","freqLabel":"100.3 FM","streamUrl":"https://59d39900ebfb8.streamlock.net/rytqroradio2/rytqroradio2/playlist.m3u8","codec":"AAC","votes":2},"geometry":{"type":"Point","coordinates":[-100.38843154907228,20.594147880132734]}},{"type":"Feature","id":"da9ae90a-93b7-47d2-ae56-54a7b0aaea9b","properties":{"stationUuid":"da9ae90a-93b7-47d2-ae56-54a7b0aaea9b","name":"100.3 Stereo 100.3 (Hermosillo) - 100.3 FM - XHSD-FM - Uniradio - Hermosillo, Sonora","country":"Mexico","countryCode":"MX","language":"spanish","freqLabel":"100.3 FM","streamUrl":"https://streamingcwsradio30.com:7026/stream","codec":"MP3","votes":5},"geometry":{"type":"Point","coordinates":[-110.9696388244629,29.09720674622514]}},{"type":"Feature","id":"ab57d39a-41f4-4a20-bf9a-51429a5834eb","properties":{"stationUuid":"ab57d39a-41f4-4a20-bf9a-51429a5834eb","name":"100.3 Stereo Uno (Mazatlán) - 100.3 FM - XHZS-FM - Luz Network - Mazatlán, Sinaloa","country":"Mexico","countryCode":"MX","language":"spanish","freqLabel":"100.3 FM","streamUrl":"https://audiostreaming.luz.network/stream/13/","codec":"MP3","votes":2},"geometry":{"type":"Point","coordinates":[-106.42086982727052,23.20534156616895]}},{"type":"Feature","id":"cf7a395f-76f1-4a81-833c-ee5c943837a9","properties":{"stationUuid":"cf7a395f-76f1-4a81-833c-ee5c943837a9","name":"100.5 LOS40 (Delicias) - 100.5 FM - XHBZ-FM - Sigma Radio - Delicias, Chihuahua","country":"Mexico","countryCode":"MX","language":"spanish","freqLabel":"100.5 FM","streamUrl":"https://ssl.sigmaradio.stream:9004/stream","codec":"MP3","votes":1},"geometry":{"type":"Point","coordinates":[-105.46969413757326,28.192141971810997]}},{"type":"Feature","id":"26037506-1304-4925-b0d7-95a7e193dd31","properties":{"stationUuid":"26037506-1304-4925-b0d7-95a7e193dd31","name":"100.5 Radio Activa (Yuriria) - 100.5 FM - XHSCBW-FM - Yuririapundaro 104.7, A.C. - Yuriria, Guanajuato","country":"Mexico","countryCode":"MX","language":"spanish","freqLabel":"100.5 FM","streamUrl":"https://stream.zeno.fm/76au7xvuvxhvv","codec":"MP3","votes":2},"geometry":{"type":"Point","coordinates":[-101.12975120544434,20.21384028553613]}},{"type":"Feature","id":"02b35ce3-6f31-4e38-b9b3-b306fe9e98e6","properties":{"stationUuid":"02b35ce3-6f31-4e38-b9b3-b306fe9e98e6","name":"100.5 Radio Universidad (Durango) - 100.5 FM - XHHD-FM - Universidad Juárez del Estado de Durango (UJED) - Durango, Durango","country":"Mexico","countryCode":"MX","language":"spanish","freqLabel":"100.5 FM","streamUrl":"https://streaming.radio.ujed.mx/stream","codec":"MP3","votes":2},"geometry":{"type":"Point","coordinates":[-104.65516090393068,24.023694489473073]}},{"type":"Feature","id":"4f7bc390-9109-4ccf-9ba8-1b29a157b84b","properties":{"stationUuid":"4f7bc390-9109-4ccf-9ba8-1b29a157b84b","name":"100.7 Estéreo Romance (La Paz) - 100.7 FM - XHZPL-FM - Promomedios California - La Paz, Baja California","country":"Mexico","countryCode":"MX","language":"spanish","freqLabel":"100.7 FM","streamUrl":"https://stream.zeno.fm/rkh7xul6uf8vv","codec":"AAC","votes":5},"geometry":{"type":"Point","coordinates":[-110.3049659729004,24.16140359479824]}},{"type":"Feature","id":"58ee88d9-172b-4e5d-ada7-4e3995dacd7e","properties":{"stationUuid":"58ee88d9-172b-4e5d-ada7-4e3995dacd7e","name":"100.7 FM Stereo","country":"Mexico","countryCode":"MX","language":"spanish","freqLabel":"100.7 FM","streamUrl":"https://strcdn.klm99.com/8010/stream","codec":"MP3","votes":2},"geometry":{"type":"Point","coordinates":[-104.952392578125,21.61179160489837]}},{"type":"Feature","id":"1267a08d-66b9-4b9b-8700-8090358ebdc1","properties":{"stationUuid":"1267a08d-66b9-4b9b-8700-8090358ebdc1","name":"100.7 La Poderosa (Tonalá) - 100.7 FM - XHCCAJ-FM - Grupo Radio Comunicación - Tonalá, Chiapas","country":"Mexico","countryCode":"MX","language":"spanish","freqLabel":"100.7 FM","streamUrl":"https://stream.freepi.io:8100/stream","codec":"MP3","votes":1},"geometry":{"type":"Point","coordinates":[-93.7551784515381,16.090147753358167]}},{"type":"Feature","id":"ca71e891-c8aa-4a63-aee1-f177e34e51af","properties":{"stationUuid":"ca71e891-c8aa-4a63-aee1-f177e34e51af","name":"100.9 La Lupe (Xalapa) - 100.9 FM - XHALAPA-FM - Multimedios Radio - Xalapa, Veracruz","country":"Mexico","countryCode":"MX","language":"spanish","freqLabel":"100.9 FM","streamUrl":"https://mdstrm.com/audio/672cf91376b5a6eeae594b58/icecast.audio","codec":"AAC","votes":3},"geometry":{"type":"Point","coordinates":[-96.91400527954104,19.54483213704742]}},{"type":"Feature","id":"6ee8e797-47d9-4740-9a1b-d1a664439284","properties":{"stationUuid":"6ee8e797-47d9-4740-9a1b-d1a664439284","name":"100.9 Radio Naranjera (Montemorelos) - 100.9 FM - XHERN- FM - Grupo Mass Comunicaciones - Montemorelos, Nuevo León","country":"Mexico","countryCode":"MX","language":"spanish","freqLabel":"100.9 FM","streamUrl":"https://app.sonicpanelradio.com:8406/live","codec":"MP3","votes":1},"geometry":{"type":"Point","coordinates":[-99.82941627502444,25.19014868486908]}},{"type":"Feature","id":"a3f2411c-1369-46b2-b383-72f984f2bbcc","properties":{"stationUuid":"a3f2411c-1369-46b2-b383-72f984f2bbcc","name":"1000 W Radio (Tapachula) - 1000 AM - XETAC-AM - Grupo Radio Cañón - Tapachula, Chiapas","country":"Mexico","countryCode":"MX","language":"spanish","freqLabel":null,"streamUrl":"https://streaming.servicioswebmx.com/8248/stream","codec":"MP3","votes":1},"geometry":{"type":"Point","coordinates":[-92.2610378265381,14.905600674444134]}},{"type":"Feature","id":"f3ab64e1-fa53-49e4-9630-d44b85f4fc01","properties":{"stationUuid":"f3ab64e1-fa53-49e4-9630-d44b85f4fc01","name":"101.1 Arroba FM (Hermosillo) - 101.1 FM - XHVSS-FM - Radiorama Sonora - Hermosillo, Sonora","country":"Mexico","countryCode":"MX","language":"spanish","freqLabel":"101.1 FM","streamUrl":"https://stream.freepi.io/8402/live","codec":"MP3","votes":1},"geometry":{"type":"Point","coordinates":[-110.96938133239748,29.096191917683864]}},{"type":"Feature","id":"037176b2-2715-4287-a94f-3d657e48aaa7","properties":{"stationUuid":"037176b2-2715-4287-a94f-3d657e48aaa7","name":"101.1 Estéreo Sol (Ensenada) - 101.1 FM - XHAT-FM - Radio Cadena Enciso (RCE) - Ensenada, Baja California","country":"Mexico","countryCode":"MX","language":"spanish","freqLabel":"101.1 FM","streamUrl":"https://edge.mixlr.com/channel/gdjut","codec":"MP3","votes":1},"geometry":{"type":"Point","coordinates":[-116.60279273986818,31.86702735235193]}},{"type":"Feature","id":"f62ffb8d-c628-40b7-b377-830fe9584d76","properties":{"stationUuid":"f62ffb8d-c628-40b7-b377-830fe9584d76","name":"101.1 Wow (Torreón) - 101.1 FM - XHDN-FM - GPS Media - Torreón, Coahuila","country":"Mexico","countryCode":"MX","language":"spanish","freqLabel":"101.1 FM","streamUrl":"https://stream.zeno.fm/z2hquf0sa6wvv","codec":"MP3","votes":1},"geometry":{"type":"Point","coordinates":[-103.41121673583986,25.54477439140795]}},{"type":"Feature","id":"8b26a332-493d-41e4-9323-00b179f2d510","properties":{"stationUuid":"8b26a332-493d-41e4-9323-00b179f2d510","name":"101.3 Calvillo FM (Calvillo) - 101.3 FM - XHSCCH-FM - Comunicar para Ayudar, A.C. - Calvillo, Aguascalientes","country":"Mexico","countryCode":"MX","language":"spanish","freqLabel":"101.3 FM","streamUrl":"https://stream.zeno.fm/af12yk53ud0uv","codec":"AAC","votes":3},"geometry":{"type":"Point","coordinates":[-102.71809101104738,21.846981512722397]}},{"type":"Feature","id":"01a71b17-4f99-4dd9-a7ea-f2ce7c7e2581","properties":{"stationUuid":"01a71b17-4f99-4dd9-a7ea-f2ce7c7e2581","name":"101.3 Exa FM (Tuxtepec) - 101.3 FM - XHPTUX-FM - Grupo Rojaz - Tuxtepec, Oaxaca","country":"Mexico","countryCode":"MX","language":"spanish","freqLabel":"101.3 FM","streamUrl":"https://stream5.mexiserver.com:1007/stream","codec":"MP3","votes":1},"geometry":{"type":"Point","coordinates":[-96.12320423126222,18.08799559770941]}},{"type":"Feature","id":"9ac5bf19-7e41-43dc-8d81-27a05858c195","properties":{"stationUuid":"9ac5bf19-7e41-43dc-8d81-27a05858c195","name":"101.3 Magnética FM (San Luis Potosí) - 101.3 FM - XHAWD-FM - San Luis Potosí, San Luis Potosí","country":"Mexico","countryCode":"MX","language":"spanish","freqLabel":"101.3 FM","streamUrl":"https://magneticaxhawd.radioca.st/stream","codec":"MP3","votes":3},"geometry":{"type":"Point","coordinates":[-100.97748756408691,22.15303023238651]}},{"type":"Feature","id":"ce90b7e2-7430-4cf5-8ded-65c85b3c9c77","properties":{"stationUuid":"ce90b7e2-7430-4cf5-8ded-65c85b3c9c77","name":"101.3 Sol FM (Atlixco) - 101.3 FM - XHVP-FM - Cinco Radio - Atlixco, Puebla","country":"Mexico","countryCode":"MX","language":"spanish","freqLabel":"101.3 FM","streamUrl":"https://sg.centrocibernetico.com/solfm1013","codec":"MP3","votes":1},"geometry":{"type":"Point","coordinates":[-98.4390449523926,18.910107932284895]}},{"type":"Feature","id":"a850109e-ed44-4167-bcff-c6b654cb9571","properties":{"stationUuid":"a850109e-ed44-4167-bcff-c6b654cb9571","name":"101.5 Boom FM (Comitán) - 101.5 FM - XHPCOM-FM - Cadena Boom FM - Comitán, Chiapas","country":"Mexico","countryCode":"MX","language":"spanish","freqLabel":"101.5 FM","streamUrl":"https://stream.freepi.io:8200/stream","codec":"MP3","votes":1},"geometry":{"type":"Point","coordinates":[-92.13418006896974,16.244468485969396]}},{"type":"Feature","id":"1e4aeacb-9f04-45ce-b31f-f9896ce242aa","properties":{"stationUuid":"1e4aeacb-9f04-45ce-b31f-f9896ce242aa","name":"101.5 Xe'ek (Mérida) - 101.5 FM - XHYK-FM - Península Studios - Mérida, Yucatán","country":"Mexico","countryCode":"MX","language":"spanish","freqLabel":"101.5 FM","streamUrl":"https://securestreams7.autopo.st/?uri=https://s1.voscast.com:10269/stream","codec":"AAC","votes":3},"geometry":{"type":"Point","coordinates":[-89.6232032775879,20.971623394487025]}},{"type":"Feature","id":"4e3caa3b-206b-45f7-b02a-beddd6e787c9","properties":{"stationUuid":"4e3caa3b-206b-45f7-b02a-beddd6e787c9","name":"101.7 Arroba FM (Piedras Negras) - 101.7 FM - XHCPN-FM - Radiorama Piedras Negras - Piedras Negras, Coahuila","country":"Mexico","countryCode":"MX","language":"spanish","freqLabel":"101.7 FM","streamUrl":"https://stream.zeno.fm/p7xefup9d78uv","codec":"MP3","votes":1},"geometry":{"type":"Point","coordinates":[-100.54082393646242,28.69207585350117]}},{"type":"Feature","id":"ffbce402-0ece-4788-8658-19dc935e6be4","properties":{"stationUuid":"ffbce402-0ece-4788-8658-19dc935e6be4","name":"101.7 La Guadalupana (Chetumal) - 101.7 FM - XHROOC-FM - Grupo SIPSE Radio - Chetumal, Quintana Roo","country":"Mexico","countryCode":"MX","language":"spanish","freqLabel":"101.7 FM","streamUrl":"https://cast4.asurahosting.com/proxy/lavozdeq/stream","codec":"AAC","votes":4},"geometry":{"type":"Point","coordinates":[-88.29548835754396,18.50317671481335]}},{"type":"Feature","id":"5d139b1b-57fb-4cf1-aa39-47111e9a29da","properties":{"stationUuid":"5d139b1b-57fb-4cf1-aa39-47111e9a29da","name":"101.7 Soy (Veracruz) - 101.7 FM - XHPR-FM - Valanci Media Group - Boca del Río, Veracruz","country":"Mexico","countryCode":"MX","language":"spanish","freqLabel":"101.7 FM","streamUrl":"https://stream.zeno.fm/uemgdeyam5zuv","codec":"AAC","votes":2},"geometry":{"type":"Point","coordinates":[-96.10477209091188,19.133279540734975]}},{"type":"Feature","id":"4c1c8415-dc59-4808-a23b-6d8f5cf7539d","properties":{"stationUuid":"4c1c8415-dc59-4808-a23b-6d8f5cf7539d","name":"101.7 Soy FM (Coatzacoalcos) - 101.7 FM - XHTD-FM - Valanci Media Group - Coatzacoalcos, Veracruz","country":"Mexico","countryCode":"MX","language":"spanish","freqLabel":"101.7 FM","streamUrl":"https://stream-158.zeno.fm/6f2bace3gd0uv","codec":"AAC","votes":3},"geometry":{"type":"Point","coordinates":[-94.43281173706056,18.14153402714504]}},{"type":"Feature","id":"8c9590b0-58f4-425b-8739-b16875512631","properties":{"stationUuid":"8c9590b0-58f4-425b-8739-b16875512631","name":"101.9 Caribe FM (Cancún) - 101.9 FM - XHCBJ-FM - SQCS (Sistema Quintanarroense de Comunicación Social) - Cancún, Quintana Roo","country":"Mexico","countryCode":"MX","language":"spanish","freqLabel":"101.9 FM","streamUrl":"https://sp2.servidorrprivado.com/8042/stream","codec":"MP3","votes":1},"geometry":{"type":"Point","coordinates":[-86.84151649475098,21.155080200688808]}},{"type":"Feature","id":"67d47a45-35ba-4e92-8607-1517a0ab4067","properties":{"stationUuid":"67d47a45-35ba-4e92-8607-1517a0ab4067","name":"102.5 Antena (Chihuahua) - 102.5 FM - XHES-FM - GRD Multimedia - Chihuahua, Chihuahua","country":"Mexico","countryCode":"MX","language":"spanish","freqLabel":"102.5 FM","streamUrl":"https://streamingcwsradio30.com:7093/stream","codec":"MP3","votes":1},"geometry":{"type":"Point","coordinates":[-106.07617378234865,28.637231453706857]}},{"type":"Feature","id":"aea504f7-f957-409a-aa6a-a432bcc99b31","properties":{"stationUuid":"aea504f7-f957-409a-aa6a-a432bcc99b31","name":"102.5 Coahuila Hoy Radio (Saltillo) - 102.5 FM - XHSHT-FM - Grupo M Radio - Saltillo, Coahuila","country":"Mexico","countryCode":"MX","language":"spanish","freqLabel":"102.5 FM","streamUrl":"https://cast1.asurahosting.com/proxy/coahuilasaltillo/stream","codec":"MP3","votes":1},"geometry":{"type":"Point","coordinates":[-100.9929370880127,25.424170275395372]}},{"type":"Feature","id":"39954c38-496a-4716-a2cc-a227f49350e5","properties":{"stationUuid":"39954c38-496a-4716-a2cc-a227f49350e5","name":"102.5 La Maxi (Los Mochis) - 102.5 FM - XHMAX-FM - Grupo Chávez Radio - Los Mochis, Sinaloa","country":"Mexico","countryCode":"MX","language":"spanish","freqLabel":"102.5 FM","streamUrl":"https://noticieroaltavoz.com:8443/listen/la_maxi_(102.5)/radio.mp3","codec":"MP3","votes":2},"geometry":{"type":"Point","coordinates":[-108.98875236511232,25.79367279222385]}},{"type":"Feature","id":"88b7b1d0-87a9-426d-a1f1-3f37ab6006b8","properties":{"stationUuid":"88b7b1d0-87a9-426d-a1f1-3f37ab6006b8","name":"102.9 Buenavista Radio (Ciudad Valles) - 102.9 FM - XHCSBY-FM - Medios Digitales Culturales de la Huasteca, A.C. - Ciudad Valles, San Luis Potosí","country":"Mexico","countryCode":"MX","language":"spanish","freqLabel":"102.9 FM","streamUrl":"https://cast1.asurahosting.com/proxy/bnavista/stream","codec":"MP3","votes":1},"geometry":{"type":"Point","coordinates":[-99.0103340148926,21.99327727532109]}},{"type":"Feature","id":"27a9a350-c371-475a-839c-3c67b8362af2","properties":{"stationUuid":"27a9a350-c371-475a-839c-3c67b8362af2","name":"102.9 Fiesta Mexicana (Celaya) - 102.9 FM - XHNC-FM - Radiorama Bajío - Celaya, Guanajuato","country":"Mexico","countryCode":"MX","language":"spanish","freqLabel":"102.9 FM","streamUrl":"https://stream.zeno.fm/uwcg6hb6dkhvv","codec":"MP3","votes":2},"geometry":{"type":"Point","coordinates":[-100.81337928771974,20.52233958545859]}},{"type":"Feature","id":"7f742c27-7d48-493a-9570-66bc105b4aa3","properties":{"stationUuid":"7f742c27-7d48-493a-9570-66bc105b4aa3","name":"102.9 La Kaliente (Aguascalientes) - 102.9 FM - XHEY-FM - Grupo Radiofónico ZER - Aguascalientes, Aguascalientes","country":"Mexico","countryCode":"MX","language":"spanish","freqLabel":"102.9 FM","streamUrl":"https://cast.zuperdns.net/8024/stream/","codec":"MP3","votes":1},"geometry":{"type":"Point","coordinates":[-102.29756355285646,21.88248964738119]}},{"type":"Feature","id":"7857e36c-2fa6-4df1-932f-499d814052fb","properties":{"stationUuid":"7857e36c-2fa6-4df1-932f-499d814052fb","name":"102.9 Ya! FM (Veracruz) - 102.9 FM - XHTS-FM - Grupo Pazos - Veracruz, Veracruz","country":"Mexico","countryCode":"MX","language":null,"freqLabel":"102.9 FM","streamUrl":"https://sgaudio.centrocibernetico.com/yafmveracruz","codec":"MP3","votes":1},"geometry":{"type":"Point","coordinates":[-96.13566845655444,19.1962264723984]}},{"type":"Feature","id":"3d26a5d3-b086-4168-82e5-e70d806d5fe4","properties":{"stationUuid":"3d26a5d3-b086-4168-82e5-e70d806d5fe4","name":"102.9 Ya! FM (Veracruz) - 102.9 FM - XHTS-FM - Grupo Pazos - Veracruz, Veracruz","country":"Mexico","countryCode":"MX","language":"spanish","freqLabel":"102.9 FM","streamUrl":"https://sgaudio.centrocibernetico.com/yafmveracruz","codec":"MP3","votes":2},"geometry":{"type":"Point","coordinates":[-96.13783836364748,19.20139251433089]}},{"type":"Feature","id":"2cb10dab-ed28-4571-b179-a66fc968808c","properties":{"stationUuid":"2cb10dab-ed28-4571-b179-a66fc968808c","name":"1020 W Radio (Cañitas de Felipe Pescador) - 1020 AM - XECCCG-AM - Grupo Radio Cañón - Cañitas de Felipe Pescador, Zacatecas","country":"Mexico","countryCode":"MX","language":"spanish","freqLabel":null,"streamUrl":"https://streaming.servicioswebmx.com/8300/stream","codec":"MP3","votes":2},"geometry":{"type":"Point","coordinates":[-102.72650241851808,23.605501799537876]}},{"type":"Feature","id":"e97dc89d-01c0-426b-8618-28b52741fc15","properties":{"stationUuid":"e97dc89d-01c0-426b-8618-28b52741fc15","name":"103.1 Digital (Ciudad Acuña) - 103.1 FM - XHKD-FM - RCG Media - Ciudad Acuña, Coahuila","country":"Mexico","countryCode":"MX","language":"spanish","freqLabel":"103.1 FM","streamUrl":"https://radio.rcg.com.mx:7005/stream","codec":"MP3","votes":1},"geometry":{"type":"Point","coordinates":[-100.95766067504884,29.32644596398121]}},{"type":"Feature","id":"32c5c45a-69b3-4f75-8b73-c8d286212c5a","properties":{"stationUuid":"32c5c45a-69b3-4f75-8b73-c8d286212c5a","name":"103.1 Imagen Radio (San Luis Potosí) - 103.1 FM - XHEPO-FM - GlobalMedia - San Luis Potosí, San Luis Potosí","country":"Mexico","countryCode":"MX","language":"spanish","freqLabel":"103.1 FM","streamUrl":"https://playradio.mx/proxy/imagen?mp=/stream","codec":"MP3","votes":1},"geometry":{"type":"Point","coordinates":[-100.97963333129884,22.154582854068977]}},{"type":"Feature","id":"ebc9bd9f-28fa-42e5-98e8-e7bfe5c4fc40","properties":{"stationUuid":"ebc9bd9f-28fa-42e5-98e8-e7bfe5c4fc40","name":"103.1 Retro (Mérida) - 103.1 FM - XHPYM-FM - Cadena RASA - Mérida, Yucatán","country":"Mexico","countryCode":"MX","language":"spanish","freqLabel":"103.1 FM","streamUrl":"https://stream.zeno.fm/yxnr8zs7v68uv","codec":"MP3","votes":5},"geometry":{"type":"Point","coordinates":[-89.62474822998048,20.97218941800595]}},{"type":"Feature","id":"115c0256-457f-43c9-918d-6cff6c92cddc","properties":{"stationUuid":"115c0256-457f-43c9-918d-6cff6c92cddc","name":"103.3 Grupo Fórmula (CDMX) - 103.3 FM - XERFR-FM - Grupo Fórmula - Ciudad de México","country":"Mexico","countryCode":"MX","language":"spanish","freqLabel":"103.3 FM","streamUrl":"https://mdstrm.com/audio/6102ce7ef33d0b0830ec3adc/live.m3u8","codec":"AAC","votes":2},"geometry":{"type":"Point","coordinates":[-99.1322135925293,19.434790938353725]}},{"type":"Feature","id":"738c52a6-2fab-4c38-bb5d-4d8b72f115d1","properties":{"stationUuid":"738c52a6-2fab-4c38-bb5d-4d8b72f115d1","name":"103.3 La FU (Cosamaloapan) - 103.3 FM - XHFU-FM - Grupo Radio Sotavento - Cosamaloapan, Veracruz","country":"Mexico","countryCode":"MX","language":"spanish","freqLabel":"103.3 FM","streamUrl":"https://servidor27.brlogic.com:7008/live","codec":"MP3","votes":1},"geometry":{"type":"Point","coordinates":[-95.79503059387208,18.365240279234747]}},{"type":"Feature","id":"de38f432-f107-4e0c-9297-9996d1f4ca16","properties":{"stationUuid":"de38f432-f107-4e0c-9297-9996d1f4ca16","name":"103.3 Radio San Miguel (San Miguel de Allende) - 103.3 FM - XHSQ-FM - San Miguel de Allende, Guanajuato","country":"Mexico","countryCode":"MX","language":"spanish","freqLabel":"103.3 FM","streamUrl":"https://stream.zeno.fm/2eu08p2k12quv","codec":"MP3","votes":2},"geometry":{"type":"Point","coordinates":[-100.74450016021729,20.91564787034173]}},{"type":"Feature","id":"a0c0c7b1-99f1-4adf-9526-6c215fe10923","properties":{"stationUuid":"a0c0c7b1-99f1-4adf-9526-6c215fe10923","name":"103.5 La Tapatía (GDL) - 103.5 FM - XHRX-FM - Radiorama de Occidente - Guadalajara, Jalisco","country":"Mexico","countryCode":"MX","language":"spanish","freqLabel":"103.5 FM","streamUrl":"https://stream-288.surfernetwork.com/urxmpmn1qa0uv?zt=eyJhbGciOiJIUzI1NiJ9.eyJzdHJlYW0iOiJ1cnhtcG1uMXFhMHV2IiwiaG9zdCI6InN0cmVhbS0yODguc3VyZmVybmV0d29yay5jb20iLCJ0bSI6ZmFsc2UsInJ0dGwiOjUsImp0aSI6IlpiclhyRThSVG0tMFRRczRvUUs2RmciLCJpYXQiOjE3ODk5ODgzMjcsImV4cCI6MTc4OTk4ODM4N30.mEPiGfRpFKvAuVfECY_eDXHgmLyrjZrjwJcwmMm1xm4","codec":"MP3","votes":3},"geometry":{"type":"Point","coordinates":[-103.33705902099612,20.677609223707655]}},{"type":"Feature","id":"e64c66f6-59c5-4da8-888a-f945c4816a51","properties":{"stationUuid":"e64c66f6-59c5-4da8-888a-f945c4816a51","name":"103.5 Radio Variedades (Los Mochis) - 103.5 FM - XHPNK-FM - Cadena OIR - Los Mochis, Sinaloa","country":"Mexico","countryCode":"MX","language":"spanish","freqLabel":"103.5 FM","streamUrl":"https://radios.blumhost.es/8126/;","codec":"AAC","votes":9},"geometry":{"type":"Point","coordinates":[-108.98956775665285,25.793768183580458]}},{"type":"Feature","id":"27e962e1-3dc3-4316-aac6-e186d2de1786","properties":{"stationUuid":"27e962e1-3dc3-4316-aac6-e186d2de1786","name":"103.7 LOVE (Veracruz) - 103.7 FM - XHCS-FM - Grupo Radio SA - Veracruz, Veracruz","country":"Mexico","countryCode":"MX","language":"spanish","freqLabel":"103.7 FM","streamUrl":"https://mdstrm.com/audio/66a01759c5aa2b85d66b5933/live.m3u8","codec":"AAC","votes":3},"geometry":{"type":"Point","coordinates":[-96.13408595323564,19.170057749809533]}},{"type":"Feature","id":"162e30da-beef-4536-850f-739cd6906061","properties":{"stationUuid":"162e30da-beef-4536-850f-739cd6906061","name":"103.7 Love FM (Veracruz) - 103.7 FM - XHCS-FM - Grupo Radio SA - Veracruz, Veracruz","country":"Mexico","countryCode":"MX","language":"spanish","freqLabel":"103.7 FM","streamUrl":"https://mdstrm.com/audio/66a01759c5aa2b85d66b5933/live.m3u8","codec":"AAC","votes":5},"geometry":{"type":"Point","coordinates":[-96.13408595323564,19.170052682858586]}},{"type":"Feature","id":"e7c0d0c8-3cc3-4539-a47b-73047bc8be94","properties":{"stationUuid":"e7c0d0c8-3cc3-4539-a47b-73047bc8be94","name":"103.7 Stereobit (Ciudad Valles) - 103.7 FM - XHIR-FM - Organización Radio Valles - Ciudad Valles, San Luis Potosí","country":"Mexico","countryCode":"MX","language":"spanish","freqLabel":"103.7 FM","streamUrl":"https://sp2.servidorrprivado.com:10997/;","codec":"MP3","votes":1},"geometry":{"type":"Point","coordinates":[-99.01007652282716,21.993314580597733]}},{"type":"Feature","id":"97ccffe1-0b06-469c-8f3c-d663ac4886f5","properties":{"stationUuid":"97ccffe1-0b06-469c-8f3c-d663ac4886f5","name":"103.9 Buenisiima (Acapulco) - 103.9 FM - XHPO-FM - Grupo Audiorama Comunicaciones - Acapulco, Guerrero","country":"Mexico","countryCode":"MX","language":"spanish","freqLabel":"103.9 FM","streamUrl":"https://ss1.audiorama.com.mx:6606/stream","codec":"MP3","votes":2},"geometry":{"type":"Point","coordinates":[-99.89275932312012,16.868252217983937]}},{"type":"Feature","id":"73694d60-d60f-455d-99b1-86d3d66a50c2","properties":{"stationUuid":"73694d60-d60f-455d-99b1-86d3d66a50c2","name":"103.9 La Zamorana (Zamora) - 103.9 FM - XHEZM-FM - Cadena RASA - Zamora, Michoacán","country":"Mexico","countryCode":"MX","language":"spanish","freqLabel":"103.9 FM","streamUrl":"https://stream.zeno.fm/pscbnbk7sk8uv","codec":"MP3","votes":6},"geometry":{"type":"Point","coordinates":[-102.28245735168458,19.983474829614813]}},{"type":"Feature","id":"87ceb1c3-959d-48d0-8524-52bbcf44185a","properties":{"stationUuid":"87ceb1c3-959d-48d0-8524-52bbcf44185a","name":"103.9 LOS40 (San Luis Potosí) - 103.9 FM - XHEWA-FM - GlobalMedia - San Luis Potosí, San Luis Potosí","country":"Mexico","countryCode":"MX","language":"spanish","freqLabel":"103.9 FM","streamUrl":"https://playradio.mx/proxy/los40?mp=/stream","codec":"MP3","votes":1},"geometry":{"type":"Point","coordinates":[-100.97697257995608,22.152712253352576]}},{"type":"Feature","id":"cf455dcb-5f93-40ae-a554-a6744d0210ae","properties":{"stationUuid":"cf455dcb-5f93-40ae-a554-a6744d0210ae","name":"103.9 Sol FM (Ciudad Hidalgo) - 103.9 FM - XHESOL-FM - Medios Radiofónicos Michoacán - Ciudad Hidalgo, Michoacán","country":"Mexico","countryCode":"MX","language":"spanish","freqLabel":"103.9 FM","streamUrl":"https://s4.voscast.com:8757/cdhidalgo.mp3","codec":"MP3","votes":1},"geometry":{"type":"Point","coordinates":[-100.55726051330568,19.69411474217235]}},{"type":"Feature","id":"011ca8bd-c422-4d41-afb8-2e78d4d478ab","properties":{"stationUuid":"011ca8bd-c422-4d41-afb8-2e78d4d478ab","name":"1030 AM (Ciudad de México) - 1030 AM - XEQR-AM - Grupo Radio Centro - Ciudad de México","country":"Mexico","countryCode":"MX","language":"spanish","freqLabel":null,"streamUrl":"https://playerservices.streamtheworld.com/api/livestream-redirect/XEQR_AM_SC","codec":"MP3","votes":124},"geometry":{"type":"Point","coordinates":[-99.13779258728027,19.436323734711568]}},{"type":"Feature","id":"5188257a-5ae1-4294-b6b5-479caae85f31","properties":{"stationUuid":"5188257a-5ae1-4294-b6b5-479caae85f31","name":"Addis Music","country":"Ethiopia","countryCode":"ET","language":"amharic","freqLabel":null,"streamUrl":"https://stream.zeno.fm/umguj2baxdctv","codec":"MP3","votes":1076},"geometry":{"type":"Point","coordinates":[38.74877929687501,8.963673487993978]}},{"type":"Feature","id":"dbbee4e3-a0ee-4405-9d70-2a558233dcc4","properties":{"stationUuid":"dbbee4e3-a0ee-4405-9d70-2a558233dcc4","name":"Ahadu Radio","country":"Ethiopia","countryCode":"ET","language":null,"freqLabel":null,"streamUrl":"https://stream-155.zeno.fm/txxpndf1wwzuv?zt=eyJhbGciOiJIUzI1NiJ9.eyJzdHJlYW0iOiJ0eHhwbmRmMXd3enV2IiwiaG9zdCI6InN0cmVhbS0xNTUuemVuby5mbSIsInJ0dGwiOjUsImp0aSI6Ilp6VmgwOG5XUUFtWXQySm5OYk5XbXciLCJpYXQiOjE3MzAyMjY1NTksImV4cCI6MTczMDIyNjYxOX0.AnMCHL-Etgnu9fOBcU_h1hawhJJv_PcXGHBS2BOlzV0","codec":"MP3","votes":314},"geometry":{"type":"Point","coordinates":[38.67187500000001,9.367772770859636]}},{"type":"Feature","id":"0af2ed70-732c-4475-b206-6a937bb895ed","properties":{"stationUuid":"0af2ed70-732c-4475-b206-6a937bb895ed","name":"Amharic Live Sport የኳስ  ኮሜኔታተር","country":"Ethiopia","countryCode":"ET","language":"amharic","freqLabel":null,"streamUrl":"https://stream.zeno.fm/bqtruhn4q98uv","codec":"MP3","votes":1608},"geometry":{"type":"Point","coordinates":[38.77075195312501,8.941968528742152]}},{"type":"Feature","id":"ce7d2197-eca5-4188-b8d2-c550992160e5","properties":{"stationUuid":"ce7d2197-eca5-4188-b8d2-c550992160e5","name":"Christian Mezmur Ethiopia","country":"Ethiopia","countryCode":"ET","language":"amharic","freqLabel":null,"streamUrl":"https://stream.zeno.fm/0bws6ct0ey8uv","codec":"MP3","votes":1054},"geometry":{"type":"Point","coordinates":[38.803185899225554,8.97441940633495]}},{"type":"Feature","id":"4cc6b1aa-5bf4-4fa6-87d2-9c687a854f8a","properties":{"stationUuid":"4cc6b1aa-5bf4-4fa6-87d2-9c687a854f8a","name":"Ethio FM 107.8","country":"Ethiopia","countryCode":"ET","language":"amharic","freqLabel":"107.8 FM","streamUrl":"https://stream.zeno.fm/72y045deqeruv","codec":"MP3","votes":4391},"geometry":{"type":"Point","coordinates":[38.7762451171875,9.016616271939526]}},{"type":"Feature","id":"89e889e1-124c-4c36-882b-c666ef83189b","properties":{"stationUuid":"89e889e1-124c-4c36-882b-c666ef83189b","name":"Ethiopian Orthodox Church Mezmur","country":"Ethiopia","countryCode":"ET","language":"amharic","freqLabel":null,"streamUrl":"https://stream.zeno.fm/pfaho9uockwuv","codec":"MP3","votes":1830},"geometry":{"type":"Point","coordinates":[38.79272460937501,8.985377150376285]}},{"type":"Feature","id":"ead338ab-3b2b-4835-bad0-dcc270b102f4","properties":{"stationUuid":"ead338ab-3b2b-4835-bad0-dcc270b102f4","name":"FM ADDIS 97-1","country":"Ethiopia","countryCode":"ET","language":"amharic","freqLabel":"97 FM","streamUrl":"https://stream.zeno.fm/rb6wbrap7yzuv","codec":"MP3","votes":2426},"geometry":{"type":"Point","coordinates":[38.77075195312501,8.963673487993978]}},{"type":"Feature","id":"9192cd80-b402-4b63-b265-066d065b8659","properties":{"stationUuid":"9192cd80-b402-4b63-b265-066d065b8659","name":"Taem Radio ጣዕም ሬድዮ","country":"Ethiopia","countryCode":"ET","language":"amharic","freqLabel":null,"streamUrl":"https://stream.zeno.fm/ffg8htkh1k0uv","codec":"MP3","votes":1308},"geometry":{"type":"Point","coordinates":[38.77075195312501,8.985377150376285]}},{"type":"Feature","id":"1711b4da-1e44-49c1-98be-a690d8decacb","properties":{"stationUuid":"1711b4da-1e44-49c1-98be-a690d8decacb","name":"Tizta ትዝታ FM","country":"Ethiopia","countryCode":"ET","language":"amharic","freqLabel":null,"streamUrl":"https://stream.zeno.fm/55nlq5yzqlftv","codec":"MP3","votes":1467},"geometry":{"type":"Point","coordinates":[38.79272460937501,9.017930205677102]}},{"type":"Feature","id":"05ac2e34-a4a2-4719-bd85-05b7a54aeacf","properties":{"stationUuid":"05ac2e34-a4a2-4719-bd85-05b7a54aeacf","name":"YeneVibe Radio","country":"Ethiopia","countryCode":"ET","language":"amharic","freqLabel":null,"streamUrl":"https://stream.zeno.fm/5mz3qqftsnhvv","codec":"MP3","votes":898},"geometry":{"type":"Point","coordinates":[38.80371093750001,8.985377150376285]}},{"type":"Feature","id":"d4e5cd2a-46da-447a-b92a-ef2abf64c329","properties":{"stationUuid":"d4e5cd2a-46da-447a-b92a-ef2abf64c329","name":"Ajyal - Palestine","country":"State Of Palestine","countryCode":"PS","language":"arabic,hebrew","freqLabel":null,"streamUrl":"https://streamer.mada.ps:8208/ajyal","codec":"MP3","votes":59},"geometry":{"type":"Point","coordinates":[35.31280517578126,31.741416337923287]}},{"type":"Feature","id":"45700958-16ab-422a-85bb-d402722463f0","properties":{"stationUuid":"45700958-16ab-422a-85bb-d402722463f0","name":"Galgalatz","country":"Israel","countryCode":"IL","language":"english,hebrew","freqLabel":null,"streamUrl":"https://glzwizzlv.bynetcdn.com/glglz_mp3?awCollectionId=misc&awEpisodeId=glglz","codec":"MP3","votes":38},"geometry":{"type":"Point","coordinates":[34.80468750000001,31.96818267111348]}},{"type":"Feature","id":"e8c19fc3-7409-4999-a9dd-b3d81cf934ed","properties":{"stationUuid":"e8c19fc3-7409-4999-a9dd-b3d81cf934ed","name":"KAN Gimel כאן גימל","country":"Israel","countryCode":"IL","language":"hebrew","freqLabel":null,"streamUrl":"https://27873.live.streamtheworld.com/KAN_GIMMEL.mp3","codec":"MP3","votes":51},"geometry":{"type":"Point","coordinates":[35.02990722656251,32.16418177750705]}},{"type":"Feature","id":"b83ca2b1-4674-4944-9110-35c41fe25d70","properties":{"stationUuid":"b83ca2b1-4674-4944-9110-35c41fe25d70","name":"Kol Rega קול רגע 91.5/96","country":"Israel","countryCode":"IL","language":"hebrew","freqLabel":null,"streamUrl":"https://cdn.cybercdn.live/Kol_Rega/Live_Audio/icecast.audio","codec":"MP3","votes":46},"geometry":{"type":"Point","coordinates":[35.39457371520133,32.71853787487626]}},{"type":"Feature","id":"5ae9af57-5254-44c7-8632-8d638468ca38","properties":{"stationUuid":"5ae9af57-5254-44c7-8632-8d638468ca38","name":"Radios 100FM   רדיוס","country":"Israel","countryCode":"IL","language":"hebrew","freqLabel":null,"streamUrl":"https://cdn.cybercdn.live/Radios_100FM/Audio/icecast.audio","codec":"MP3","votes":158},"geometry":{"type":"Point","coordinates":[34.97111320495606,32.10699892515369]}},{"type":"Feature","id":"c0c35a84-b5f4-4783-b27e-ab348c3f7e42","properties":{"stationUuid":"c0c35a84-b5f4-4783-b27e-ab348c3f7e42","name":"yStream","country":"Israel","countryCode":"IL","language":null,"freqLabel":null,"streamUrl":"https://ystream.live/ystream-mp3","codec":"MP3","votes":1},"geometry":{"type":"Point","coordinates":[34.7818,32.0853]}},{"type":"Feature","id":"e77ab056-eda4-4438-8e0f-6e8522e75343","properties":{"stationUuid":"e77ab056-eda4-4438-8e0f-6e8522e75343","name":"Ze Rock Radio","country":"Israel","countryCode":"IL","language":"english,hebrew","freqLabel":null,"streamUrl":"https://icecast.live/proxy/zerock/zerock","codec":"MP3","votes":80},"geometry":{"type":"Point","coordinates":[35.121488571167,32.965577230293995]}},{"type":"Feature","id":"aca177ee-5b84-44f8-9da2-2b976433e235","properties":{"stationUuid":"aca177ee-5b84-44f8-9da2-2b976433e235","name":"Ahalia FM","country":"India","countryCode":"IN","language":"malayalam","freqLabel":null,"streamUrl":"https://cast1.my-control-panel.com/proxy/ahaliafm/stream","codec":"MP3","votes":12},"geometry":{"type":"Point","coordinates":[76.8253540992737,10.794347946912886]}},{"type":"Feature","id":"1b118e06-bec2-404e-88e7-a5927cb6a4fc","properties":{"stationUuid":"1b118e06-bec2-404e-88e7-a5927cb6a4fc","name":"AIR Kolhapur","country":"India","countryCode":"IN","language":"english,hindi,marathi","freqLabel":null,"streamUrl":"https://air.pc.cdn.bitgravity.com/air/live/pbaudio063/playlist.m3u8","codec":"AAC","votes":242},"geometry":{"type":"Point","coordinates":[74.27307128906251,16.714071866290155]}},{"type":"Feature","id":"590c5917-fdda-411f-8a13-221879fb5a4d","properties":{"stationUuid":"590c5917-fdda-411f-8a13-221879fb5a4d","name":"AIR Madikeri","country":"India","countryCode":"IN","language":null,"freqLabel":null,"streamUrl":"https://air.pc.cdn.bitgravity.com/air/live/pbaudio068/playlist.m3u8","codec":"MP3","votes":70},"geometry":{"type":"Point","coordinates":[76.71752929687501,12.01279331916878]}},{"type":"Feature","id":"10618e3a-06f6-4a79-b378-1c9a2f13c4d4","properties":{"stationUuid":"10618e3a-06f6-4a79-b378-1c9a2f13c4d4","name":"Ananda Marga Pracharaka Samgha","country":"India","countryCode":"IN","language":null,"freqLabel":null,"streamUrl":"https://stream-152.zeno.fm/216zaqk88a0uv?zs=-fqdY-MsRiGgFdlBNEsYvA","codec":"MP3","votes":46},"geometry":{"type":"Point","coordinates":[86.26198768615724,23.428561983534568]}},{"type":"Feature","id":"2965b190-4282-4761-9861-e18127578ddf","properties":{"stationUuid":"2965b190-4282-4761-9861-e18127578ddf","name":"azevision Radio","country":"India","countryCode":"IN","language":null,"freqLabel":null,"streamUrl":"https://a5.asurahosting.com:8340/radio.mp3","codec":"MP3","votes":8},"geometry":{"type":"Point","coordinates":[74.9122738838196,12.664532651898275]}},{"type":"Feature","id":"7047fdc1-7843-4d6e-b017-f55d29c0c012","properties":{"stationUuid":"7047fdc1-7843-4d6e-b017-f55d29c0c012","name":"azevision Radio","country":"India","countryCode":"IN","language":null,"freqLabel":null,"streamUrl":"https://a5.asurahosting.com:8340/radio.mp3","codec":"MP3","votes":11},"geometry":{"type":"Point","coordinates":[75.01448750495912,12.65795459672809]}},{"type":"Feature","id":"bfd30fc6-2412-4bb5-9640-1b42a987f342","properties":{"stationUuid":"bfd30fc6-2412-4bb5-9640-1b42a987f342","name":"Catholic Tamil Radio","country":"India","countryCode":"IN","language":"tamil","freqLabel":null,"streamUrl":"https://165.22.217.209:8010/radio.mp3","codec":"MP3","votes":1},"geometry":{"type":"Point","coordinates":[80.19361585378647,13.00504784205624]}},{"type":"Feature","id":"8712fca3-870c-4dfb-8d5b-c01095aa6e98","properties":{"stationUuid":"8712fca3-870c-4dfb-8d5b-c01095aa6e98","name":"Free FM Bombay","country":"India","countryCode":"IN","language":"english,spanish","freqLabel":null,"streamUrl":"https://rocafmadrid.radioca.st/","codec":"MP3","votes":2093},"geometry":{"type":"Point","coordinates":[75.84960937500001,24.16930792536814]}},{"type":"Feature","id":"f1d7a979-b94d-4929-a4ca-758901029ecb","properties":{"stationUuid":"f1d7a979-b94d-4929-a4ca-758901029ecb","name":"Free FM Top 100 India","country":"India","countryCode":"IN","language":"english,hindi","freqLabel":"100 FM","streamUrl":"https://stream.zeno.fm/a5h7vfret68uv","codec":"AAC","votes":899},"geometry":{"type":"Point","coordinates":[77.36572265625001,28.63274679922588]}},{"type":"Feature","id":"25f28c97-85b1-4346-b84a-1909362c2470","properties":{"stationUuid":"25f28c97-85b1-4346-b84a-1909362c2470","name":"HARAMAN BEATS 2","country":"India","countryCode":"IN","language":null,"freqLabel":null,"streamUrl":"https://stream.zeno.fm/bxvvjamjkyfuv","codec":"MP3","votes":38},"geometry":{"type":"Point","coordinates":[78.3717709080482,21.31189516176855]}},{"type":"Feature","id":"b81226ae-118b-44ec-9be7-111fc2f13771","properties":{"stationUuid":"b81226ae-118b-44ec-9be7-111fc2f13771","name":"Hari Rama's Happy Eternal Miv","country":"India","countryCode":"IN","language":null,"freqLabel":null,"streamUrl":"https://eternalmix.org/listen/hari_ramas_eternal_mix/radio.mp3","codec":"MP3","votes":4},"geometry":{"type":"Point","coordinates":[73.74074935913087,15.596914727740282]}},{"type":"Feature","id":"0b707427-1d50-4eae-ad29-63214b452734","properties":{"stationUuid":"0b707427-1d50-4eae-ad29-63214b452734","name":"Hari Rama's Happy Eternal Mix","country":"India","countryCode":"IN","language":null,"freqLabel":null,"streamUrl":"https://eternalmix.org/listen/hari_ramas_eternal_mix/radio.mp3","codec":"MP3","votes":2},"geometry":{"type":"Point","coordinates":[73.74722957611085,15.59323587314357]}},{"type":"Feature","id":"4083ff49-bbd7-40c9-9e7d-50630a0e583d","properties":{"stationUuid":"4083ff49-bbd7-40c9-9e7d-50630a0e583d","name":"HARMAN BEASTS ","country":"India","countryCode":"IN","language":"hindi","freqLabel":null,"streamUrl":"https://stream.zeno.fm/jmi0hwxrgmauv","codec":"MP3","votes":102},"geometry":{"type":"Point","coordinates":[78.0406780135166,20.67698939404027]}},{"type":"Feature","id":"1b2d7f06-8011-46e0-b0bf-b6efaffae9f8","properties":{"stationUuid":"1b2d7f06-8011-46e0-b0bf-b6efaffae9f8","name":"HARMAN BEATS","country":"India","countryCode":"IN","language":"hindi","freqLabel":null,"streamUrl":"https://stream.zeno.fm/jmi0hwxrgmauv","codec":"MP3","votes":137},"geometry":{"type":"Point","coordinates":[77.23406487368138,28.61602733974114]}},{"type":"Feature","id":"0e5dfcc8-99e2-4fed-a232-7f4bf23ba3c3","properties":{"stationUuid":"0e5dfcc8-99e2-4fed-a232-7f4bf23ba3c3","name":"Mirchi Love","country":"India","countryCode":"IN","language":null,"freqLabel":null,"streamUrl":"https://drive.uber.radio/uber/bollywoodlove/icecast.audio","codec":"MP3","votes":10570},"geometry":{"type":"Point","coordinates":[72.90115356445314,19.015124097330336]}},{"type":"Feature","id":"6b36ba4f-6d29-4272-b3c0-9aeeb64e61ec","properties":{"stationUuid":"6b36ba4f-6d29-4272-b3c0-9aeeb64e61ec","name":"Mirchi Top 20","country":"India","countryCode":"IN","language":"hindi","freqLabel":null,"streamUrl":"https://drive.uber.radio/uber/bollywoodnow/icecast.audio","codec":"MP3","votes":14007},"geometry":{"type":"Point","coordinates":[72.86956787109376,19.030443953814757]}},{"type":"Feature","id":"13a54b68-8721-4a7d-86ae-3a692c54ec9c","properties":{"stationUuid":"13a54b68-8721-4a7d-86ae-3a692c54ec9c","name":"mmi catholic media St. Xavier Province","country":"India","countryCode":"IN","language":null,"freqLabel":null,"streamUrl":"https://165.22.217.209:8010/radio.mp3","codec":"MP3","votes":0},"geometry":{"type":"Point","coordinates":[80.19387935062119,13.005332404451808]}},{"type":"Feature","id":"1bbb4664-d187-49f1-b328-b2f3888fef36","properties":{"stationUuid":"1bbb4664-d187-49f1-b328-b2f3888fef36","name":"New Hits Of Bollywood","country":"India","countryCode":"IN","language":null,"freqLabel":null,"streamUrl":"https://stream-146.zeno.fm/rqqps6cbe3quv?zs=loHp_DNyRPiAxC52AL95hg","codec":"MP3","votes":3903},"geometry":{"type":"Point","coordinates":[72.8767776489258,19.07429620176593]}},{"type":"Feature","id":"8e30841f-01e0-4e5a-90a7-fd629f26beb5","properties":{"stationUuid":"8e30841f-01e0-4e5a-90a7-fd629f26beb5","name":"Pew Hits Desi","country":"India","countryCode":"IN","language":"bollywood,desi,english,hindi,pew,pewhits,pewhitsdesi","freqLabel":null,"streamUrl":"https://pewhits.duckdns.org/stream/pewhitsdesi","codec":"MP3","votes":10},"geometry":{"type":"Point","coordinates":[72.86393381395102,19.06773972448415]}},{"type":"Feature","id":"2cc6ba46-d801-436e-8121-9c7513a10c7e","properties":{"stationUuid":"2cc6ba46-d801-436e-8121-9c7513a10c7e","name":"Pew_Hits","country":"India","countryCode":"IN","language":"english,hindi","freqLabel":null,"streamUrl":"https://pewhits.duckdns.org/stream/pewhits","codec":"MP3","votes":0},"geometry":{"type":"Point","coordinates":[72.86186120069988,19.06651891638617]}},{"type":"Feature","id":"5192e46e-df9b-4fe2-8ba4-6d9a49be7ce6","properties":{"stationUuid":"5192e46e-df9b-4fe2-8ba4-6d9a49be7ce6","name":"Pew_Hits","country":"India","countryCode":"IN","language":"english,hindi","freqLabel":null,"streamUrl":"https://pewhits.duckdns.org/stream/pewhits","codec":"MP3","votes":0},"geometry":{"type":"Point","coordinates":[72.86116835440924,19.06709347725273]}},{"type":"Feature","id":"d3e8d3a0-d54e-4ae4-b8dc-45d57ad99074","properties":{"stationUuid":"d3e8d3a0-d54e-4ae4-b8dc-45d57ad99074","name":"Radio 24","country":"India","countryCode":"IN","language":"english hindi","freqLabel":null,"streamUrl":"https://s7.everestcast.com:1155/stream","codec":"MP3","votes":154},"geometry":{"type":"Point","coordinates":[77.04670150212483,21.365786625801537]}},{"type":"Feature","id":"a2cd0af0-d0ce-482d-8c9d-a16d8ada74ad","properties":{"stationUuid":"a2cd0af0-d0ce-482d-8c9d-a16d8ada74ad","name":"Radio 88 Jazz","country":"India","countryCode":"IN","language":null,"freqLabel":null,"streamUrl":"https://stream.zeno.fm/qk5gr16529duv","codec":"AAC","votes":9},"geometry":{"type":"Point","coordinates":[77.87109375,11.097556389926895]}},{"type":"Feature","id":"15d870bb-86aa-4f97-8360-b586f71886d4","properties":{"stationUuid":"15d870bb-86aa-4f97-8360-b586f71886d4","name":"Radio Digital Malayali","country":"India","countryCode":"IN","language":"malayalam","freqLabel":null,"streamUrl":"https://radio.digitalmalayali.in/listen/stream/radio.mp3","codec":"MP3","votes":189},"geometry":{"type":"Point","coordinates":[76.2386,11.2855]}},{"type":"Feature","id":"64c906b5-83db-453e-bfcf-b7b35b6c98c2","properties":{"stationUuid":"64c906b5-83db-453e-bfcf-b7b35b6c98c2","name":"Radio Indigo 91.9 FM in Panaji/Bangalore","country":"India","countryCode":"IN","language":null,"freqLabel":"91.9 FM","streamUrl":"https://a5.asurahosting.com:8600/radio.mp3","codec":"MP3","votes":22},"geometry":{"type":"Point","coordinates":[77.16796875000001,12.603172672856944]}},{"type":"Feature","id":"9f2c7d71-a2e5-4455-b1e5-09dc763c9eff","properties":{"stationUuid":"9f2c7d71-a2e5-4455-b1e5-09dc763c9eff","name":"Radio Jagriti 90.4 FM","country":"India","countryCode":"IN","language":null,"freqLabel":"90.4 FM","streamUrl":"https://stream.zeno.fm/kgdue4hmffhvv","codec":"MP3","votes":1621},"geometry":{"type":"Point","coordinates":[85.94024062156679,24.30352865994961]}},{"type":"Feature","id":"8f9898ea-6b46-439e-a4f6-a26880ef4ff4","properties":{"stationUuid":"8f9898ea-6b46-439e-a4f6-a26880ef4ff4","name":"Radio Khushbu","country":"India","countryCode":"IN","language":"bangla,bengoli,hindi,odia","freqLabel":null,"streamUrl":"https://radio.pblab.in/radiokhushbu","codec":"AAC","votes":15},"geometry":{"type":"Point","coordinates":[81.642239783266,21.245670065442617]}},{"type":"Feature","id":"7b33877d-9f67-44a0-b929-bce276a3806c","properties":{"stationUuid":"7b33877d-9f67-44a0-b929-bce276a3806c","name":"Radio Macfest 90.4 FM Tiruvalla","country":"India","countryCode":"IN","language":"malayalam","freqLabel":"90.4 FM","streamUrl":"https://icecast.octosignals.com/radiomacfast","codec":"MP3","votes":8},"geometry":{"type":"Point","coordinates":[76.57788276672365,9.385522508787002]}},{"type":"Feature","id":"ec063296-1cc5-4d2b-b5a1-edd745a7a35e","properties":{"stationUuid":"ec063296-1cc5-4d2b-b5a1-edd745a7a35e","name":"Radio Madhoshi","country":"India","countryCode":"IN","language":"hindi,urdu","freqLabel":null,"streamUrl":"https://stream.zeno.fm/7rsl8fsccf8uv","codec":"MP3","votes":38},"geometry":{"type":"Point","coordinates":[77.23094065916825,28.61301565937966]}},{"type":"Feature","id":"f995387e-c4a6-4cbb-bfcc-b078bb1ab477","properties":{"stationUuid":"f995387e-c4a6-4cbb-bfcc-b078bb1ab477","name":"Radio Mango ","country":"India","countryCode":"IN","language":null,"freqLabel":null,"streamUrl":"https://downloads.manoramaonline.com/Audios/Radiomango/Main-jingle.mp3","codec":"MP3","votes":34},"geometry":{"type":"Point","coordinates":[76.26811981201173,9.975454824275367]}},{"type":"Feature","id":"6dea9436-96bd-480a-adf6-ec44038f7235","properties":{"stationUuid":"6dea9436-96bd-480a-adf6-ec44038f7235","name":"Radio Mirchi Lucknow","country":"India","countryCode":"IN","language":null,"freqLabel":null,"streamUrl":"https://stream-284.surfernetwork.com/wgaznsmt92quv?zt=eyJhbGciOiJIUzI1NiJ9.eyJzdHJlYW0iOiJ3Z2F6bnNtdDkycXV2IiwiaG9zdCI6InN0cmVhbS0yODQuc3VyZmVybmV0d29yay5jb20iLCJydHRsIjo1LCJqdGkiOiJMTkRwYXZ3OVR1eXhLc2NGbllucG9RIiwiaWF0IjoxNzg0MTkxMjUyLCJleHAiOjE3ODQxOTEzMTJ9.DRVDJc3m4PiAGfCN-9SiCsWcbLpZjtfIxcfUyv68_G4","codec":"MP3","votes":25},"geometry":{"type":"Point","coordinates":[82.61718750000001,22.93950831600424]}},{"type":"Feature","id":"3e86e3b4-cdaf-4c6f-be93-4674b94aab6d","properties":{"stationUuid":"3e86e3b4-cdaf-4c6f-be93-4674b94aab6d","name":"Radio Quarantine Kolkata","country":"India","countryCode":"IN","language":"bengali","freqLabel":null,"streamUrl":"https://stream-173.zeno.fm/krk4kw830tzuv?zt=eyJhbGciOiJIUzI1NiJ9.eyJzdHJlYW0iOiJrcms0a3c4MzB0enV2IiwiaG9zdCI6InN0cmVhbS0xNzMuemVuby5mbSIsInJ0dGwiOjUsImp0aSI6Ilp1VWk3TFVWVGotNG5sc3Z5QUJmYnciLCJpYXQiOjE3MzgxNTAxOTQsImV4cCI6MTczODE1MDI1NH0.EHVaKuFJc7voIS73qqzYsmhgIJlRQ5ppsygeKYAibPo","codec":"MP3","votes":115},"geometry":{"type":"Point","coordinates":[88.36870193481447,22.574832772585054]}},{"type":"Feature","id":"b236ea2c-035a-4bc0-a659-63b6aae1819c","properties":{"stationUuid":"b236ea2c-035a-4bc0-a659-63b6aae1819c","name":"Radio Sangwari","country":"India","countryCode":"IN","language":"chhattisgarhi,hindi","freqLabel":null,"streamUrl":"https://servidor19.brlogic.com:7002/live","codec":"MP3","votes":12},"geometry":{"type":"Point","coordinates":[81.67785627778576,21.22589390306289]}},{"type":"Feature","id":"a7312cf9-ed24-467b-8214-999d7c7e9910","properties":{"stationUuid":"a7312cf9-ed24-467b-8214-999d7c7e9910","name":"Radio Sanskrit Bharati","country":"India","countryCode":"IN","language":"sanskrit","freqLabel":null,"streamUrl":"https://stream.zeno.fm/c0adewsyw8quv","codec":"MP3","votes":13},"geometry":{"type":"Point","coordinates":[73.78946998117291,20.01042166341016]}},{"type":"Feature","id":"b4fa7857-b812-4705-9509-bd6a8d94a919","properties":{"stationUuid":"b4fa7857-b812-4705-9509-bd6a8d94a919","name":"Radio Shyamlatal","country":"India","countryCode":"IN","language":null,"freqLabel":null,"streamUrl":"https://stream.hamropatro.com/8389","codec":"MP3","votes":16},"geometry":{"type":"Point","coordinates":[79.84210968017578,29.20058238252027]}},{"type":"Feature","id":"de7b0868-91ab-4b25-a8dc-9d5f82314212","properties":{"stationUuid":"de7b0868-91ab-4b25-a8dc-9d5f82314212","name":"Radio Udaan","country":"India","countryCode":"IN","language":"hindi","freqLabel":null,"streamUrl":"https://stream.radioudaan.com/listen/radio_udaan/radio.mp3","codec":"MP3","votes":344},"geometry":{"type":"Point","coordinates":[77.1802111,28.6776442]}},{"type":"Feature","id":"9ae30654-b1a6-4eff-81f3-6400d105b340","properties":{"stationUuid":"9ae30654-b1a6-4eff-81f3-6400d105b340","name":"Rafi hit songs","country":"India","countryCode":"IN","language":"hindi","freqLabel":null,"streamUrl":"https://stream-143.zeno.fm/0zkr7x8ztm0uv?zs=WTPQx8TiQXSo11XU0iyTAQ","codec":"MP3","votes":8831},"geometry":{"type":"Point","coordinates":[74.04238384692698,21.152861400595693]}},{"type":"Feature","id":"05d4b9fe-0815-4a7b-995e-1842c37f2d24","properties":{"stationUuid":"05d4b9fe-0815-4a7b-995e-1842c37f2d24","name":"Sangeet Samvaad","country":"India","countryCode":"IN","language":null,"freqLabel":null,"streamUrl":"https://n08.radiojar.com/7mh06pa8uwzuv.mp3","codec":"MP3","votes":561},"geometry":{"type":"Point","coordinates":[73.91601562500001,18.517116100724465]}},{"type":"Feature","id":"a1ef1dfe-42cf-45d0-b6d8-d95e736396a1","properties":{"stationUuid":"a1ef1dfe-42cf-45d0-b6d8-d95e736396a1","name":"Shahimsha Online radio","country":"India","countryCode":"IN","language":"malayalam","freqLabel":null,"streamUrl":"https://radio.shahimsha.com/listen/shahimsha/radio.mp3","codec":"MP3","votes":7},"geometry":{"type":"Point","coordinates":[76.78265894536838,9.689010186260624]}},{"type":"Feature","id":"b2de2f21-3619-4add-8e14-235c5589fcc1","properties":{"stationUuid":"b2de2f21-3619-4add-8e14-235c5589fcc1","name":"SVBC TTD Radio","country":"India","countryCode":"IN","language":"telugu","freqLabel":null,"streamUrl":"https://radio.mslivecdn.com:6278/stream","codec":"MP3","votes":7},"geometry":{"type":"Point","coordinates":[79.4192,13.6288]}},{"type":"Feature","id":"c7e2f5fc-4809-4e78-a343-809d683ea8bb","properties":{"stationUuid":"c7e2f5fc-4809-4e78-a343-809d683ea8bb","name":"UZI'S TOP 200","country":"India","countryCode":"IN","language":null,"freqLabel":null,"streamUrl":"https://stream.zeno.fm/kbgxbzklrpmtv","codec":"MP3","votes":6},"geometry":{"type":"Point","coordinates":[98.401962144023,52.96383052944624]}},{"type":"Feature","id":"818a0a5e-da6e-4e87-b8c6-6acd04128fc1","properties":{"stationUuid":"818a0a5e-da6e-4e87-b8c6-6acd04128fc1","name":"Vijay FM Mayiladuthurai","country":"India","countryCode":"IN","language":null,"freqLabel":null,"streamUrl":"https://vijayfm-prabak78.radioca.st/stream","codec":"MP3","votes":1},"geometry":{"type":"Point","coordinates":[79.64607238769533,11.093197675903992]}},{"type":"Feature","id":"cf10fd7a-1d28-4fa2-b5dd-630c4781e1c8","properties":{"stationUuid":"cf10fd7a-1d28-4fa2-b5dd-630c4781e1c8","name":"Radio Gachsaran","country":"Islamic Republic Of Iran","countryCode":"IR","language":null,"freqLabel":null,"streamUrl":"https://radio.gachsaran.org/gach","codec":"MP3","votes":2954},"geometry":{"type":"Point","coordinates":[53.61280361734099,30.14512718337613]}},{"type":"Feature","id":"2903ee19-f222-43d0-8681-feac7dbea026","properties":{"stationUuid":"2903ee19-f222-43d0-8681-feac7dbea026","name":"uploadkon","country":"Islamic Republic Of Iran","countryCode":"IR","language":null,"freqLabel":null,"streamUrl":"https://uploadkon.ir/uploads/eb9812_26Highrise-grab-diva.mp3","codec":"MP3","votes":161},"geometry":{"type":"Point","coordinates":[51.517643445646186,35.75038602035287]}},{"type":"Feature","id":"b6eedfc6-4a4b-4899-852f-03dd833f1f1b","properties":{"stationUuid":"b6eedfc6-4a4b-4899-852f-03dd833f1f1b","name":"ایران‎  Radio Liberty (Iran) (official stream)","country":"Islamic Republic Of Iran","countryCode":"IR","language":"irani,iranian","freqLabel":null,"streamUrl":"https://stream.radiojar.com/cp13r2cpn3quv","codec":"MP3","votes":71966},"geometry":{"type":"Point","coordinates":[51.384429931640625,35.69522525087309]}},{"type":"Feature","id":"a29b614a-6dd1-4e98-a7f7-a70eb21f82fb","properties":{"stationUuid":"a29b614a-6dd1-4e98-a7f7-a70eb21f82fb","name":"Al-bilad Radio/Yaqoubi","country":"Iraq","countryCode":"IQ","language":"arabic,persian","freqLabel":null,"streamUrl":"https://streamer.radio.co/sb38bf6e66/listen","codec":"MP3","votes":3274},"geometry":{"type":"Point","coordinates":[44.39743346166685,33.304669566567576]}},{"type":"Feature","id":"894f73d0-647d-461b-845c-95d8e14a1e32","properties":{"stationUuid":"894f73d0-647d-461b-845c-95d8e14a1e32","name":"Alseraj Radio Islam","country":"Iraq","countryCode":"IQ","language":"arabic","freqLabel":null,"streamUrl":"https://eu4.fastcast4u.com/proxy/aabdul00?mp=/1","codec":"MP3","votes":2563},"geometry":{"type":"Point","coordinates":[44.01991023965726,32.604926105203255]}},{"type":"Feature","id":"448ba0a5-0c40-4f53-adc6-9d7f8b6e5f6a","properties":{"stationUuid":"448ba0a5-0c40-4f53-adc6-9d7f8b6e5f6a","name":"Darusalam Radio","country":"Iraq","countryCode":"IQ","language":"arabic","freqLabel":null,"streamUrl":"https://streams.radio.co/s0975ec186/listen","codec":"MP3","votes":2562},"geometry":{"type":"Point","coordinates":[44.36561258856347,33.276047737429806]}},{"type":"Feature","id":"bc1e8eb3-a94e-48d7-892a-e790a1599b60","properties":{"stationUuid":"bc1e8eb3-a94e-48d7-892a-e790a1599b60","name":"SumerFm Iraq","country":"Iraq","countryCode":"IQ","language":"arabic","freqLabel":null,"streamUrl":"https://l3.itworkscdn.net/itwaudio/9012/stream","codec":"MP3","votes":5660},"geometry":{"type":"Point","coordinates":[44.38600074200708,33.305273314646655]}},{"type":"Feature","id":"2b1ad85e-2a5b-4c83-9a98-62e84d188cd8","properties":{"stationUuid":"2b1ad85e-2a5b-4c83-9a98-62e84d188cd8","name":"Almunir Radio – Benghazi","country":"Libya","countryCode":"LY","language":"arabic","freqLabel":null,"streamUrl":"https://live.munir.ly/proxy/almunir/stream","codec":"MP3","votes":17},"geometry":{"type":"Point","coordinates":[20.05790233612061,32.078703118050534]}},{"type":"Feature","id":"2c82c815-59af-4eb3-80b6-43e4ad80bea2","properties":{"stationUuid":"2c82c815-59af-4eb3-80b6-43e4ad80bea2","name":"Almunir Radio – Tripoli","country":"Libya","countryCode":"LY","language":"arabic","freqLabel":null,"streamUrl":"https://live.munir.ly/proxy/almunirtip/stream","codec":"MP3","votes":21},"geometry":{"type":"Point","coordinates":[13.179860115051271,32.89369717975292]}},{"type":"Feature","id":"9f6810fc-61ca-45db-a01c-af74d7a46a95","properties":{"stationUuid":"9f6810fc-61ca-45db-a01c-af74d7a46a95","name":"إذاعة نور الإيمان المسموعة 105.7 FM","country":"Libya","countryCode":"LY","language":"arabic","freqLabel":"105.7 FM","streamUrl":"https://stream.zeno.fm/r6eprdta6nhvv","codec":"AAC","votes":1201},"geometry":{"type":"Point","coordinates":[14.578591883182527,32.462786864082425]}},{"type":"Feature","id":"2e932e59-c33f-4064-9e8d-924537b383ae","properties":{"stationUuid":"2e932e59-c33f-4064-9e8d-924537b383ae","name":"Hit FM Dance","country":"The Republic Of Moldova","countryCode":"MD","language":null,"freqLabel":null,"streamUrl":"https://radio4.dixi.md/listen/hit_fm_dance_hits/hitfmdancehits128.aac","codec":"AAC","votes":178},"geometry":{"type":"Point","coordinates":[28.8451661187761,47.01097476136412]}},{"type":"Feature","id":"8b6000a2-0eeb-4eb2-8511-a168de0e9ce9","properties":{"stationUuid":"8b6000a2-0eeb-4eb2-8511-a168de0e9ce9","name":"Kiss FM Moldova","country":"The Republic Of Moldova","countryCode":"MD","language":"moldovian","freqLabel":null,"streamUrl":"https://live.kissfm.md/kissfm.chisinau","codec":"AAC","votes":1369},"geometry":{"type":"Point","coordinates":[28.851814270019535,47.01912074293779]}},{"type":"Feature","id":"272507fc-f3b7-4a10-a280-7da26bafb901","properties":{"stationUuid":"272507fc-f3b7-4a10-a280-7da26bafb901","name":"Megapolis FM Moldova","country":"The Republic Of Moldova","countryCode":"MD","language":"moldovian","freqLabel":null,"streamUrl":"https://megapolisfm.md:8443/886","codec":"MP3","votes":525},"geometry":{"type":"Point","coordinates":[28.85490417480469,47.01116205043071]}},{"type":"Feature","id":"ef7e6372-87d6-426e-bced-e2fa92401666","properties":{"stationUuid":"ef7e6372-87d6-426e-bced-e2fa92401666","name":"Radio RFI Moldova","country":"The Republic Of Moldova","countryCode":"MD","language":"english,french,romanian","freqLabel":null,"streamUrl":"https://asculta.radiorfi.ro/live.mp3","codec":"MP3","votes":403},"geometry":{"type":"Point","coordinates":[28.86245727539063,47.00647991252098]}},{"type":"Feature","id":"5306033e-8ae2-4e29-82a5-70045a0994ed","properties":{"stationUuid":"5306033e-8ae2-4e29-82a5-70045a0994ed","name":"Radio ROKS Moldova","country":"The Republic Of Moldova","countryCode":"MD","language":"romanian","freqLabel":null,"streamUrl":"https://stream.dixi.md:9443/Roks","codec":"AAC","votes":117},"geometry":{"type":"Point","coordinates":[28.843928306568447,47.01284752246169]}},{"type":"Feature","id":"91900e91-4864-4ff0-b782-50817669c4ac","properties":{"stationUuid":"91900e91-4864-4ff0-b782-50817669c4ac","name":"Retro FM Moldova","country":"The Republic Of Moldova","countryCode":"MD","language":"romanian,russian","freqLabel":null,"streamUrl":"https://efir.retrofm.md:8000/retro","codec":"MP3","votes":563},"geometry":{"type":"Point","coordinates":[28.864203393459324,47.00716702709468]}},{"type":"Feature","id":"b5218804-957c-4f0f-a1fd-969e8343994b","properties":{"stationUuid":"b5218804-957c-4f0f-a1fd-969e8343994b","name":"Cherry FM","country":"Myanmar","countryCode":"MM","language":"burmese","freqLabel":null,"streamUrl":"https://cherry.akiyaresearch.com:444/stream/89/","codec":"MP3","votes":2895},"geometry":{"type":"Point","coordinates":[96.14280354743028,16.787058528243705]}},{"type":"Feature","id":"14b795df-4210-49e2-b491-189523b49f4d","properties":{"stationUuid":"14b795df-4210-49e2-b491-189523b49f4d","name":" Radio ZET Chilli ","country":"Poland","countryCode":"PL","language":null,"freqLabel":null,"streamUrl":"https://ch.cdn.eurozet.pl/chi-net.mp3","codec":"MP3","votes":1265},"geometry":{"type":"Point","coordinates":[18.61785862486835,50.28933925329178]}},{"type":"Feature","id":"8be21138-e88f-43c4-8deb-00a9020ae38b","properties":{"stationUuid":"8be21138-e88f-43c4-8deb-00a9020ae38b","name":"24Dubstep.pl || DropZone Radio","country":"Poland","countryCode":"PL","language":"english,polish","freqLabel":null,"streamUrl":"https://stream.24dubstep.pl/radio/8000/mp3_normal","codec":"AAC","votes":72},"geometry":{"type":"Point","coordinates":[18.40003967285157,54.56709837095587]}},{"type":"Feature","id":"bbb73592-a4ee-4fb8-bb95-179d2d2f39f2","properties":{"stationUuid":"bbb73592-a4ee-4fb8-bb95-179d2d2f39f2","name":"ALT!NEU","country":"Poland","countryCode":"PL","language":null,"freqLabel":null,"streamUrl":"https://s1.slotex.pl:7430/","codec":"MP3","votes":3},"geometry":{"type":"Point","coordinates":[17.935180664062504,50.675227716928354]}},{"type":"Feature","id":"98779473-6eed-4f64-b6d4-b0a8297666f7","properties":{"stationUuid":"98779473-6eed-4f64-b6d4-b0a8297666f7","name":"AWANGARDA.FM","country":"Poland","countryCode":"PL","language":"english,french,german,polish","freqLabel":null,"streamUrl":"https://stream.zeno.fm/mf9ewmbuaq8uv","codec":"MP3","votes":30},"geometry":{"type":"Point","coordinates":[21.947451531887054,51.32212000673871]}},{"type":"Feature","id":"3f4b7fd9-c35d-4c11-a9c6-841f74832be8","properties":{"stationUuid":"3f4b7fd9-c35d-4c11-a9c6-841f74832be8","name":"AwiroFM","country":"Poland","countryCode":"PL","language":"polish","freqLabel":null,"streamUrl":"https://s4.awiro.xyz/stream","codec":"MP3","votes":3},"geometry":{"type":"Point","coordinates":[21.07952656282771,51.05242632955809]}},{"type":"Feature","id":"b3cefeed-6ffa-4ea2-a06d-da44675f5773","properties":{"stationUuid":"b3cefeed-6ffa-4ea2-a06d-da44675f5773","name":"AwiroFM","country":"Poland","countryCode":"PL","language":null,"freqLabel":null,"streamUrl":"https://s4.awiro.xyz/stream","codec":"MP3","votes":2},"geometry":{"type":"Point","coordinates":[20.63163757324219,50.878574170100414]}},{"type":"Feature","id":"1c1d1972-0f19-46be-80d4-c5be7459d7dc","properties":{"stationUuid":"1c1d1972-0f19-46be-80d4-c5be7459d7dc","name":"bounce","country":"Poland","countryCode":"PL","language":"polish","freqLabel":null,"streamUrl":"https://streaming.bounce.radio/streamhd","codec":"AAC","votes":1},"geometry":{"type":"Point","coordinates":[21.01258976340276,52.22993731496009]}},{"type":"Feature","id":"da0174e1-a1b0-447d-befb-087a6c88d6d4","properties":{"stationUuid":"da0174e1-a1b0-447d-befb-087a6c88d6d4","name":"Chilli Zet","country":"Poland","countryCode":"PL","language":"polish","freqLabel":null,"streamUrl":"https://ch.cdn.eurozet.pl/chi-net.mp3","codec":"MP3","votes":3604},"geometry":{"type":"Point","coordinates":[21.027832031250004,52.21938689037315]}},{"type":"Feature","id":"7332244f-38b9-4bc5-8674-b9b66ee9326b","properties":{"stationUuid":"7332244f-38b9-4bc5-8674-b9b66ee9326b","name":"Chilli ZET Salon polski","country":"Poland","countryCode":"PL","language":"polish","freqLabel":null,"streamUrl":"https://ch03.cdn.eurozet.pl/CHIPOL.mp3","codec":"MP3","votes":39},"geometry":{"type":"Point","coordinates":[19.511718750000004,52.00922899131912]}},{"type":"Feature","id":"1adb6cd2-ff5f-4097-80b6-00e30b5d2ed7","properties":{"stationUuid":"1adb6cd2-ff5f-4097-80b6-00e30b5d2ed7","name":"CYBERStacja","country":"Poland","countryCode":"PL","language":"english,polish","freqLabel":null,"streamUrl":"https://sc.cyberstacja.pl:8000/radio.mp3","codec":"MP3","votes":10},"geometry":{"type":"Point","coordinates":[16.163,51.212]}},{"type":"Feature","id":"8e3cd071-7175-412d-8e6d-900492ee595e","properties":{"stationUuid":"8e3cd071-7175-412d-8e6d-900492ee595e","name":"CYBERStacja","country":"Poland","countryCode":"PL","language":"english,polish","freqLabel":null,"streamUrl":"https://sc.cyberstacja.pl:8000/radio.mp3","codec":"MP3","votes":226},"geometry":{"type":"Point","coordinates":[16.163,51.212]}},{"type":"Feature","id":"f0cb108c-546b-433e-9077-00f89bc13b57","properties":{"stationUuid":"f0cb108c-546b-433e-9077-00f89bc13b57","name":"DzikieRadio","country":"Poland","countryCode":"PL","language":"polish","freqLabel":null,"streamUrl":"https://ssl-1.radiohost.pl:11250/stream","codec":"MP3","votes":9},"geometry":{"type":"Point","coordinates":[19.20268535614014,49.68844211874752]}},{"type":"Feature","id":"f5d9a099-9bad-4db0-ad5f-6b926c7c65a1","properties":{"stationUuid":"f5d9a099-9bad-4db0-ad5f-6b926c7c65a1","name":"Eska 2 Stalowa Wola","country":"Poland","countryCode":"PL","language":null,"freqLabel":null,"streamUrl":"https://waw.ic.smcdn.pl/1370-1.mp3","codec":"MP3","votes":4},"geometry":{"type":"Point","coordinates":[22.06650137901306,50.56584510682592]}},{"type":"Feature","id":"e90516a7-224c-4a3e-85c9-96fd15657698","properties":{"stationUuid":"e90516a7-224c-4a3e-85c9-96fd15657698","name":"Folk Radio","country":"Poland","countryCode":"PL","language":"polish","freqLabel":null,"streamUrl":"https://streaming.g-news.pl:8030/fr1","codec":"MP3","votes":8},"geometry":{"type":"Point","coordinates":[20.637358725070957,50.877260069366365]}},{"type":"Feature","id":"6c5dc2fe-f924-4341-bd43-84aabc359073","properties":{"stationUuid":"6c5dc2fe-f924-4341-bd43-84aabc359073","name":"House of Funk","country":"Poland","countryCode":"PL","language":"english,polish","freqLabel":null,"streamUrl":"https://houseoffunk.eu:8443/live","codec":"MP3","votes":232},"geometry":{"type":"Point","coordinates":[21.00622415542603,52.23166030974013]}},{"type":"Feature","id":"13bf1959-ebfb-4823-8a8b-044c14aae897","properties":{"stationUuid":"13bf1959-ebfb-4823-8a8b-044c14aae897","name":"Ivan Honcharov","country":"Poland","countryCode":"PL","language":null,"freqLabel":null,"streamUrl":"https://azuracast.reverbriff.com/listen/reverb_riff_radio/radio.mp3","codec":"MP3","votes":2},"geometry":{"type":"Point","coordinates":[20.91918379068375,52.257850555864856]}},{"type":"Feature","id":"c4c234b8-4c02-4b93-bed5-063a029d6f18","properties":{"stationUuid":"c4c234b8-4c02-4b93-bed5-063a029d6f18","name":"Katolickie Radio Zamość 101,2 FM","country":"Poland","countryCode":"PL","language":null,"freqLabel":"101 FM","streamUrl":"https://stream.rcs.revma.com/0n8y7mxcay8uv","codec":"MP3","votes":8},"geometry":{"type":"Point","coordinates":[23.2519143819809,50.723536888353]}},{"type":"Feature","id":"754beedb-2847-408f-9d4b-08baddc6a31b","properties":{"stationUuid":"754beedb-2847-408f-9d4b-08baddc6a31b","name":"Kiss FM Poland","country":"Poland","countryCode":"PL","language":"english,polish","freqLabel":null,"streamUrl":"https://streaming.g-news.pl:8090/kissfm","codec":"AAC","votes":664},"geometry":{"type":"Point","coordinates":[21.00618095244955,52.22978313826928]}},{"type":"Feature","id":"fa629a5d-e1e7-4ffa-ba7c-56ae2d78eaaa","properties":{"stationUuid":"fa629a5d-e1e7-4ffa-ba7c-56ae2d78eaaa","name":"Latino polska","country":"Poland","countryCode":"PL","language":null,"freqLabel":null,"streamUrl":"https://getradio.reconv.pl/openfm?s=summerpolo","codec":"MP3","votes":1},"geometry":{"type":"Point","coordinates":[18.62488208572977,51.52740246177606]}},{"type":"Feature","id":"d64da490-c8b0-4978-8ec9-5567eacc5819","properties":{"stationUuid":"d64da490-c8b0-4978-8ec9-5567eacc5819","name":"Mazurske Radijo","country":"Poland","countryCode":"PL","language":"masurian,polish","freqLabel":null,"streamUrl":"https://stream-172.zeno.fm/h6af85mhunhvv","codec":"MP3","votes":22},"geometry":{"type":"Point","coordinates":[20.234838984178637,53.2891084581512]}},{"type":"Feature","id":"a7a9392d-f6a1-418a-aff3-58381fe9525f","properties":{"stationUuid":"a7a9392d-f6a1-418a-aff3-58381fe9525f","name":"Mega Radio","country":"Poland","countryCode":"PL","language":"polish","freqLabel":null,"streamUrl":"https://stream.rcs.revma.com/q18ty3qhwzzuv","codec":"MP3","votes":58},"geometry":{"type":"Point","coordinates":[17.314453125000004,52.19548628954121]}},{"type":"Feature","id":"c18100eb-63b6-45d9-803a-b1624f741fb4","properties":{"stationUuid":"c18100eb-63b6-45d9-803a-b1624f741fb4","name":"Melo Radio Śląsk (Katowice)","country":"Poland","countryCode":"PL","language":"polish","freqLabel":null,"streamUrl":"https://ml01.cdn.eurozet.pl/mel-ktw.mp3","codec":"MP3","votes":270},"geometry":{"type":"Point","coordinates":[19.02093887329102,50.26055147697984]}},{"type":"Feature","id":"ac22a8f1-2ed8-4034-a4a2-9c14b9eee9c3","properties":{"stationUuid":"ac22a8f1-2ed8-4034-a4a2-9c14b9eee9c3","name":"Meloradio Kielce","country":"Poland","countryCode":"PL","language":"polish","freqLabel":null,"streamUrl":"https://ml03.cdn.eurozet.pl/mel-klc.mp3","codec":"MP3","votes":135},"geometry":{"type":"Point","coordinates":[20.642462968826297,50.83807738623887]}},{"type":"Feature","id":"bdaaaaa8-5a6f-4bd2-b9de-4be7eba4876b","properties":{"stationUuid":"bdaaaaa8-5a6f-4bd2-b9de-4be7eba4876b","name":"Meloradio Tarnobrzeg","country":"Poland","countryCode":"PL","language":null,"freqLabel":null,"streamUrl":"https://ml.cdn.eurozet.pl/mel-trb.mp3","codec":"MP3","votes":28},"geometry":{"type":"Point","coordinates":[21.679150164127353,50.57290376198079]}},{"type":"Feature","id":"371ed4f5-5463-4476-83ff-dd1d4d0464a1","properties":{"stationUuid":"371ed4f5-5463-4476-83ff-dd1d4d0464a1","name":"Meloradio Wrocław","country":"Poland","countryCode":"PL","language":null,"freqLabel":null,"streamUrl":"https://ml.cdn.eurozet.pl/mel-wro.mp3","codec":"MP3","votes":0},"geometry":{"type":"Point","coordinates":[17.034638338558377,51.10846019995821]}},{"type":"Feature","id":"bd53f858-a760-485b-b276-0d86b196f589","properties":{"stationUuid":"bd53f858-a760-485b-b276-0d86b196f589","name":"mittendrin.pl","country":"Poland","countryCode":"PL","language":"german,polish","freqLabel":null,"streamUrl":"https://s1.slotex.pl:7592/;type=mp3","codec":"MP3","votes":2},"geometry":{"type":"Point","coordinates":[18.207819830731317,50.08314791419949]}},{"type":"Feature","id":"ce73a715-c1ef-421c-8a22-dcbb5828f30f","properties":{"stationUuid":"ce73a715-c1ef-421c-8a22-dcbb5828f30f","name":"MS RADIO 90's POLSKA","country":"Poland","countryCode":"PL","language":null,"freqLabel":null,"streamUrl":"https://audio.msradio.pl/listen/msradio/radio.mp3","codec":"MP3","votes":1},"geometry":{"type":"Point","coordinates":[19.379882812500004,52.30931825948968]}},{"type":"Feature","id":"caa7c676-c323-4d52-8d28-6413310f5fd1","properties":{"stationUuid":"caa7c676-c323-4d52-8d28-6413310f5fd1","name":"msRADIO 90s OK","country":"Poland","countryCode":"PL","language":"polish","freqLabel":null,"streamUrl":"https://audio.msradio.pl/listen/msradio/radio.mp3","codec":"MP3","votes":1},"geometry":{"type":"Point","coordinates":[19.489746093750004,52.04615634749925]}},{"type":"Feature","id":"ff1d99bb-fdb7-4cfc-b16d-68ae92305c8e","properties":{"stationUuid":"ff1d99bb-fdb7-4cfc-b16d-68ae92305c8e","name":"nadzieja.FM","country":"Poland","countryCode":"PL","language":"polish","freqLabel":null,"streamUrl":"https://s5.radio.co/s34fca8455/listen","codec":"AAC","votes":23},"geometry":{"type":"Point","coordinates":[20.727687478065494,52.11430923467169]}},{"type":"Feature","id":"0e88a676-995a-4373-80aa-354069e2136f","properties":{"stationUuid":"0e88a676-995a-4373-80aa-354069e2136f","name":"Plus Radio  Legnica.FM","country":"Poland","countryCode":"PL","language":null,"freqLabel":null,"streamUrl":"https://player.legnica.fm/listen/radio_plus_legnica/radio256.mp3","codec":"MP3","votes":296},"geometry":{"type":"Point","coordinates":[16.158520050438895,51.19724612440762]}},{"type":"Feature","id":"e56667a9-64c9-47d4-8525-8f529612d814","properties":{"stationUuid":"e56667a9-64c9-47d4-8525-8f529612d814","name":"Polish Radio Second - Classical","country":"Poland","countryCode":"PL","language":null,"freqLabel":null,"streamUrl":"https://stream12.polskieradio.pl/pr2/pr2.sdp/playlist.m3u8","codec":"AAC","votes":12},"geometry":{"type":"Point","coordinates":[21.005033254623417,52.21714896338582]}},{"type":"Feature","id":"c64f60f5-594a-43ab-bf7b-02c883ca2ab5","properties":{"stationUuid":"c64f60f5-594a-43ab-bf7b-02c883ca2ab5","name":"Polskie Radio 24 (NEW STREAM)","country":"Poland","countryCode":"PL","language":"polish","freqLabel":null,"streamUrl":"https://stream15.polskieradio.pl/pr24/pr24.sdp/playlist.m3u8","codec":"AAC","votes":809},"geometry":{"type":"Point","coordinates":[21.036071777343754,52.237555934842206]}},{"type":"Feature","id":"e8d66981-99a5-4149-b34e-8d4924422cb5","properties":{"stationUuid":"e8d66981-99a5-4149-b34e-8d4924422cb5","name":"Polskie Radio Dzieciom","country":"Poland","countryCode":"PL","language":"polish","freqLabel":null,"streamUrl":"https://stream85.polskieradio.pl/live/radio_dzieciom.sdp/playlist.m3u8","codec":"AAC","votes":84},"geometry":{"type":"Point","coordinates":[20.986633300781257,52.196717712207416]}},{"type":"Feature","id":"5a2b6e23-35ca-4cb8-989f-9e67ab922ae6","properties":{"stationUuid":"5a2b6e23-35ca-4cb8-989f-9e67ab922ae6","name":"Radio 1.7","country":"Poland","countryCode":"PL","language":null,"freqLabel":null,"streamUrl":"https://emisja.radio17.pl/stream","codec":"MP3","votes":9},"geometry":{"type":"Point","coordinates":[19.918856620788578,50.065728923706914]}},{"type":"Feature","id":"22ffc3f2-915d-4fe5-8041-4ef92b68b7ce","properties":{"stationUuid":"22ffc3f2-915d-4fe5-8041-4ef92b68b7ce","name":"RADIO 100","country":"Poland","countryCode":"PL","language":"english,polish","freqLabel":null,"streamUrl":"https://s3.slotex.pl:7278/stream/","codec":"MP3","votes":9},"geometry":{"type":"Point","coordinates":[16.73888593912125,53.15052090398257]}},{"type":"Feature","id":"9822a0c8-4ffa-45e8-bd6a-41f9f0253638","properties":{"stationUuid":"9822a0c8-4ffa-45e8-bd6a-41f9f0253638","name":"Radio 7 Poland","country":"Poland","countryCode":"PL","language":"english,polish","freqLabel":null,"streamUrl":"https://stream.radio7.pl/;","codec":"MP3","votes":124},"geometry":{"type":"Point","coordinates":[20.999682247638702,52.23746764054047]}},{"type":"Feature","id":"7c426b55-2bc8-4ac3-ad05-785bd05b2e77","properties":{"stationUuid":"7c426b55-2bc8-4ac3-ad05-785bd05b2e77","name":"Radio Alex","country":"Poland","countryCode":"PL","language":null,"freqLabel":null,"streamUrl":"https://frradioq.radioca.st/stream","codec":"MP3","votes":4},"geometry":{"type":"Point","coordinates":[19.95388895273209,49.295746612965544]}},{"type":"Feature","id":"f232f486-8c1d-48ec-a49a-d8eeb676bb2a","properties":{"stationUuid":"f232f486-8c1d-48ec-a49a-d8eeb676bb2a","name":"Radio Armageddon","country":"Poland","countryCode":"PL","language":null,"freqLabel":null,"streamUrl":"https://ssl-1.radiohost.pl:11608/","codec":"MP3","votes":70},"geometry":{"type":"Point","coordinates":[21.027832031250004,52.258743636999554]}},{"type":"Feature","id":"9a313267-a689-4b81-8f80-7fe5cffa210e","properties":{"stationUuid":"9a313267-a689-4b81-8f80-7fe5cffa210e","name":"Radio Asymetria","country":"Poland","countryCode":"PL","language":"polish","freqLabel":null,"streamUrl":"https://evcast.mediacp.eu:1290/","codec":"MP3","votes":8},"geometry":{"type":"Point","coordinates":[19.70123291015625,52.54578026517152]}},{"type":"Feature","id":"e7b08b46-1855-49ec-84f8-c4bcb0d6bd95","properties":{"stationUuid":"e7b08b46-1855-49ec-84f8-c4bcb0d6bd95","name":"Radio Bielsko","country":"Poland","countryCode":"PL","language":"polish","freqLabel":null,"streamUrl":"https://stream.rcs.revma.com/062uq3z3kwzuv","codec":"MP3","votes":83},"geometry":{"type":"Point","coordinates":[19.049949645996097,49.82680604676875]}},{"type":"Feature","id":"78fe0ef2-54e8-4276-be83-3d0a80b97e61","properties":{"stationUuid":"78fe0ef2-54e8-4276-be83-3d0a80b97e61","name":"Radio Bunt","country":"Poland","countryCode":"PL","language":"polish","freqLabel":null,"streamUrl":"https://cast6.asurahosting.com/proxy/radiobun/status-json.xsl","codec":"MP3","votes":8},"geometry":{"type":"Point","coordinates":[19.687500000000004,51.3553146394604]}},{"type":"Feature","id":"f7db66ba-827b-47de-8a5d-5a53494c128b","properties":{"stationUuid":"f7db66ba-827b-47de-8a5d-5a53494c128b","name":"Radio Dźwięk","country":"Poland","countryCode":"PL","language":"polish","freqLabel":null,"streamUrl":"https://streamhls.radiodzwiek.slask.pl/dzwiek","codec":"AAC","votes":2},"geometry":{"type":"Point","coordinates":[18.66560518741608,50.29397810054538]}},{"type":"Feature","id":"ef2957bd-4b9a-4e1a-9e9d-0364741f2056","properties":{"stationUuid":"ef2957bd-4b9a-4e1a-9e9d-0364741f2056","name":"Radio Dzwiek","country":"Poland","countryCode":"PL","language":"polish","freqLabel":null,"streamUrl":"https://streamhls.radiodzwiek.slask.pl/dzwiek","codec":"AAC","votes":7},"geometry":{"type":"Point","coordinates":[18.665634691715244,50.29400289311372]}},{"type":"Feature","id":"5f813e14-69f6-4d29-8a87-ff6096ddf90c","properties":{"stationUuid":"5f813e14-69f6-4d29-8a87-ff6096ddf90c","name":"Radio Dzwiek","country":"Poland","countryCode":"PL","language":"polish","freqLabel":null,"streamUrl":"https://streamhls.radiodzwiek.slask.pl/dzwiek-mp3","codec":"MP3","votes":10},"geometry":{"type":"Point","coordinates":[18.66564273834229,50.293957538232696]}},{"type":"Feature","id":"b8b79a84-59eb-4c6b-aa02-68ab1a730989","properties":{"stationUuid":"b8b79a84-59eb-4c6b-aa02-68ab1a730989","name":"Radio Dzwiek","country":"Poland","countryCode":"PL","language":"polish","freqLabel":null,"streamUrl":"https://streamhls.radiodzwiek.slask.pl/dzwiek64","codec":"AAC","votes":7},"geometry":{"type":"Point","coordinates":[18.6656266450882,50.29397810054538]}},{"type":"Feature","id":"f8b995b3-fcda-4a25-b4aa-ae7ee99f5c48","properties":{"stationUuid":"f8b995b3-fcda-4a25-b4aa-ae7ee99f5c48","name":"Radio Dzwiek","country":"Poland","countryCode":"PL","language":"polish","freqLabel":null,"streamUrl":"https://streamhls.radiodzwiek.slask.pl/dzwiek/hls.m3u8","codec":"AAC","votes":7},"geometry":{"type":"Point","coordinates":[18.665674924850467,50.29394222358779]}},{"type":"Feature","id":"45c79c45-8cbb-4cee-bd59-ad70d50cd260","properties":{"stationUuid":"45c79c45-8cbb-4cee-bd59-ad70d50cd260","name":"Radio Eska Kraśnik","country":"Poland","countryCode":"PL","language":null,"freqLabel":null,"streamUrl":"https://ic1.smcdn.pl/2360-1.mp3","codec":"MP3","votes":11},"geometry":{"type":"Point","coordinates":[22.229169309139255,50.92465445983065]}},{"type":"Feature","id":"b0dfbf87-1dc8-4c79-bda0-b694299c274d","properties":{"stationUuid":"b0dfbf87-1dc8-4c79-bda0-b694299c274d","name":"Radio Eska Opole","country":"Poland","countryCode":"PL","language":null,"freqLabel":null,"streamUrl":"https://ic2.smcdn.pl/2120-1.mp3","codec":"MP3","votes":1},"geometry":{"type":"Point","coordinates":[17.9026535153389,50.66497421992992]}},{"type":"Feature","id":"57c99c42-ef07-4628-abaf-dbe3aeb845fd","properties":{"stationUuid":"57c99c42-ef07-4628-abaf-dbe3aeb845fd","name":"Radio Eska Przemyśl","country":"Poland","countryCode":"PL","language":"polish","freqLabel":null,"streamUrl":"https://waw.ic.smcdn.pl/2320-1.mp3","codec":"MP3","votes":2},"geometry":{"type":"Point","coordinates":[22.796722054481503,49.78382561172348]}},{"type":"Feature","id":"46f37fe4-fecc-4724-a5a6-60bdea12f809","properties":{"stationUuid":"46f37fe4-fecc-4724-a5a6-60bdea12f809","name":"Radio Eska Starachowice","country":"Poland","countryCode":"PL","language":"polish","freqLabel":null,"streamUrl":"https://ic1.smcdn.pl/2400-1.mp3","codec":"MP3","votes":63},"geometry":{"type":"Point","coordinates":[21.076436340808872,51.06264440453559]}},{"type":"Feature","id":"a7d7df36-8416-4abb-baec-6620a3043e10","properties":{"stationUuid":"a7d7df36-8416-4abb-baec-6620a3043e10","name":"Radio Eska Tarnów","country":"Poland","countryCode":"PL","language":null,"freqLabel":null,"streamUrl":"https://ic1.smcdn.pl/2210-1.mp3","codec":"MP3","votes":9},"geometry":{"type":"Point","coordinates":[20.988593995571136,50.008734560304504]}},{"type":"Feature","id":"60921fad-ac07-4efa-911e-726aae55cd33","properties":{"stationUuid":"60921fad-ac07-4efa-911e-726aae55cd33","name":"Radio Fest 100.2 FM","country":"Poland","countryCode":"PL","language":"polish","freqLabel":"100.2 FM","streamUrl":"https://play.radiofest.pl:8443/fest","codec":"MP3","votes":407},"geometry":{"type":"Point","coordinates":[18.665771484375004,50.257632235125534]}},{"type":"Feature","id":"37830480-1017-4e66-a64b-efa95d89ae5d","properties":{"stationUuid":"37830480-1017-4e66-a64b-efa95d89ae5d","name":"Radio Gdańsk REGIONY DAB2","country":"Poland","countryCode":"PL","language":"kashubian,polish","freqLabel":null,"streamUrl":"https://stream.task.gda.pl:8443/rg4","codec":"MP3","votes":120},"geometry":{"type":"Point","coordinates":[18.61263134236506,54.37891774011701]}},{"type":"Feature","id":"a2f6c0d3-3f6b-484b-8a93-e6d642253e20","properties":{"stationUuid":"a2f6c0d3-3f6b-484b-8a93-e6d642253e20","name":"Radio Gryfice AI","country":"Poland","countryCode":"PL","language":"polish","freqLabel":null,"streamUrl":"https://panel.radio.gryfice.net/listen/radio-gryfice/radio.mp3","codec":"MP3","votes":0},"geometry":{"type":"Point","coordinates":[15.198642257281564,53.91465296353085]}},{"type":"Feature","id":"e252d1b9-1b55-4f49-8cb0-b28fadd68fea","properties":{"stationUuid":"e252d1b9-1b55-4f49-8cb0-b28fadd68fea","name":"Radio Kielce","country":"Poland","countryCode":"PL","language":null,"freqLabel":null,"streamUrl":"https://streaming.g-news.pl:8030/rk2","codec":"AAC","votes":296},"geometry":{"type":"Point","coordinates":[20.631326436996464,50.87176035117657]}},{"type":"Feature","id":"33d69452-3417-4e90-92b9-c1f2e0aced66","properties":{"stationUuid":"33d69452-3417-4e90-92b9-c1f2e0aced66","name":"Radio Kolor","country":"Poland","countryCode":"PL","language":"polish","freqLabel":null,"streamUrl":"https://stream.rcs.revma.com/zbq79057xd3vv","codec":"AAC","votes":37},"geometry":{"type":"Point","coordinates":[21.013004779815677,52.20526866443566]}},{"type":"Feature","id":"b50aea3c-f06b-4c6b-ad9f-e946e259ae81","properties":{"stationUuid":"b50aea3c-f06b-4c6b-ad9f-e946e259ae81","name":"Radio Leliwa","country":"Poland","countryCode":"PL","language":null,"freqLabel":null,"streamUrl":"https://streaming.g-news.pl/radio/8050/leliwa","codec":"MP3","votes":6},"geometry":{"type":"Point","coordinates":[21.679166257381443,50.57312180434349]}},{"type":"Feature","id":"76efd4c4-b0f0-4cdf-b280-4e85bfd5945d","properties":{"stationUuid":"76efd4c4-b0f0-4cdf-b280-4e85bfd5945d","name":"Radio Lublin","country":"Poland","countryCode":"PL","language":"polish","freqLabel":null,"streamUrl":"https://streaming.radio.lublin.pl:8843/128k","codec":"MP3","votes":187},"geometry":{"type":"Point","coordinates":[22.57827758789063,51.2407985698771]}},{"type":"Feature","id":"e49f5776-8aea-4db8-ba6e-4b12b262d4ab","properties":{"stationUuid":"e49f5776-8aea-4db8-ba6e-4b12b262d4ab","name":"Radio Macabrismix","country":"Poland","countryCode":"PL","language":"polish","freqLabel":null,"streamUrl":"https://panel.macabrismix.com.pl/listen/macabris_mix_radio_station_1-2c6_ghz/autodj.mp3","codec":"MP3","votes":22},"geometry":{"type":"Point","coordinates":[18.245201110839847,50.047776848975744]}},{"type":"Feature","id":"9333ac4c-ec2d-40ae-b37c-96adb062beb8","properties":{"stationUuid":"9333ac4c-ec2d-40ae-b37c-96adb062beb8","name":"Radio Mrągowo ","country":"Poland","countryCode":"PL","language":"polish","freqLabel":null,"streamUrl":"https://stream.radiomragowo.pl/listen/radio_mragowo/radio.mp3?t=1773333890924","codec":"MP3","votes":6},"geometry":{"type":"Point","coordinates":[21.30416333417906,53.868962469904154]}},{"type":"Feature","id":"ff6c8c82-ea4d-4065-92a3-c80b288547dc","properties":{"stationUuid":"ff6c8c82-ea4d-4065-92a3-c80b288547dc","name":"Radio Na Stoku","country":"Poland","countryCode":"PL","language":null,"freqLabel":null,"streamUrl":"https://sluchaj.link:5443/nastoku","codec":"MP3","votes":47},"geometry":{"type":"Point","coordinates":[23.103647232055668,53.12882795798986]}},{"type":"Feature","id":"eca1236f-6e6d-443e-bec5-ad9e2935a501","properties":{"stationUuid":"eca1236f-6e6d-443e-bec5-ad9e2935a501","name":"Radio Na Tak","country":"Poland","countryCode":"PL","language":"polish","freqLabel":null,"streamUrl":"https://c30.radioboss.fm:8615/stream","codec":"MP3","votes":31},"geometry":{"type":"Point","coordinates":[15.191982261094385,53.91986745201439]}},{"type":"Feature","id":"6dcc981e-4602-401c-b175-7649736e2f11","properties":{"stationUuid":"6dcc981e-4602-401c-b175-7649736e2f11","name":"Radio Nowy Świat","country":"Poland","countryCode":"PL","language":"polish","freqLabel":null,"streamUrl":"https://go-audio.toya.net.pl/63214","codec":"MP3","votes":406},"geometry":{"type":"Point","coordinates":[21.081132822390504,52.17494154554684]}},{"type":"Feature","id":"f1a8f4ea-1f02-4432-9c0f-3221aa7f8f16","properties":{"stationUuid":"f1a8f4ea-1f02-4432-9c0f-3221aa7f8f16","name":"Radio Nowy Świat 64k","country":"Poland","countryCode":"PL","language":null,"freqLabel":null,"streamUrl":"https://stream.nowyswiat.online/aac","codec":"AAC","votes":24},"geometry":{"type":"Point","coordinates":[21.08114361763001,52.17496402543596]}},{"type":"Feature","id":"2f075cb2-be38-4e27-8b36-6adf3d833df4","properties":{"stationUuid":"2f075cb2-be38-4e27-8b36-6adf3d833df4","name":"Radio Odzew","country":"Poland","countryCode":"PL","language":"polish","freqLabel":null,"streamUrl":"https://stream12.hosterion.pl/stream/odzew","codec":"MP3","votes":11},"geometry":{"type":"Point","coordinates":[19.93606567382813,50.061899632795495]}},{"type":"Feature","id":"129586bd-4635-49f4-81ac-0bb9c30f79d4","properties":{"stationUuid":"129586bd-4635-49f4-81ac-0bb9c30f79d4","name":"Radio Olsztyn","country":"Poland","countryCode":"PL","language":"polish","freqLabel":null,"streamUrl":"https://rostr1.radioolsztyn.pl:8443/RO","codec":"MP3","votes":382},"geometry":{"type":"Point","coordinates":[20.47847539186478,53.79430696339321]}},{"type":"Feature","id":"f07c2f19-b7a0-4c0a-ad0a-0b7d58feab94","properties":{"stationUuid":"f07c2f19-b7a0-4c0a-ad0a-0b7d58feab94","name":"Radio Osjaków","country":"Poland","countryCode":"PL","language":"polish","freqLabel":null,"streamUrl":"https://stream20.hosterion.pl:7095/stream","codec":"MP3","votes":2},"geometry":{"type":"Point","coordinates":[18.789539337158207,51.286564267839466]}},{"type":"Feature","id":"68c4dc06-824c-4a00-9f76-a13e181c6f2d","properties":{"stationUuid":"68c4dc06-824c-4a00-9f76-a13e181c6f2d","name":"Radio Party - Kanał Główny","country":"Poland","countryCode":"PL","language":"polish","freqLabel":null,"streamUrl":"https://s2.radioparty.pl:8015/stream?nocache=4171","codec":"MP3","votes":1908},"geometry":{"type":"Point","coordinates":[20.676269531250004,52.11683649275654]}},{"type":"Feature","id":"a510c055-3b15-4227-987f-34014a7b778f","properties":{"stationUuid":"a510c055-3b15-4227-987f-34014a7b778f","name":"Radio pejpal","country":"Poland","countryCode":"PL","language":"english,polish","freqLabel":null,"streamUrl":"https://radio.pejpal.cloud/stream","codec":"MP3","votes":86},"geometry":{"type":"Point","coordinates":[18.4855525,54.5891455]}},{"type":"Feature","id":"07dd0960-5709-475c-a515-c8a76df2bd14","properties":{"stationUuid":"07dd0960-5709-475c-a515-c8a76df2bd14","name":"Radio pejpal","country":"Poland","countryCode":"PL","language":"english,polish","freqLabel":null,"streamUrl":"https://radio.pejpal.cloud/stream","codec":"MP3","votes":400},"geometry":{"type":"Point","coordinates":[18.4855525,54.5891455]}},{"type":"Feature","id":"c69232a5-31f3-4b09-97e1-b0c1ef001140","properties":{"stationUuid":"c69232a5-31f3-4b09-97e1-b0c1ef001140","name":"Radio pejpal","country":"Poland","countryCode":"PL","language":"english,polish","freqLabel":null,"streamUrl":"https://radio.pejpal.cloud/stream","codec":"MP3","votes":24},"geometry":{"type":"Point","coordinates":[18.4855525,54.5891455]}},{"type":"Feature","id":"2a3873b3-6e5c-4d5d-8846-3650ed8868ce","properties":{"stationUuid":"2a3873b3-6e5c-4d5d-8846-3650ed8868ce","name":"Radio Plus 106.1 Kraków","country":"Poland","countryCode":"PL","language":"polish","freqLabel":null,"streamUrl":"https://waw.ic.smcdn.pl/4070-1.mp3","codec":"MP3","votes":798},"geometry":{"type":"Point","coordinates":[19.863281250000004,51.83577752045248]}},{"type":"Feature","id":"0d15544f-97a0-4933-93d1-f58a8460c59c","properties":{"stationUuid":"0d15544f-97a0-4933-93d1-f58a8460c59c","name":"Radio Plus Bydgoszcz","country":"Poland","countryCode":"PL","language":null,"freqLabel":null,"streamUrl":"https://pl03.cdn.eurozet.pl/plu-bdg.mp3?redirected=03","codec":"MP3","votes":97},"geometry":{"type":"Point","coordinates":[18.00889849662781,53.10613077115817]}},{"type":"Feature","id":"d754dc87-bc3b-49ed-953b-431bd77e26e4","properties":{"stationUuid":"d754dc87-bc3b-49ed-953b-431bd77e26e4","name":"Radio Plus Gdansk","country":"Poland","countryCode":"PL","language":"polish","freqLabel":null,"streamUrl":"https://pl05.cdn.eurozet.pl/plu-gdn.mp3","codec":"MP3","votes":550},"geometry":{"type":"Point","coordinates":[18.608264923095707,54.35071386833743]}},{"type":"Feature","id":"670140ec-f90d-4ea4-85e4-88cebcb57a20","properties":{"stationUuid":"670140ec-f90d-4ea4-85e4-88cebcb57a20","name":"Radio Podlasie 2","country":"Poland","countryCode":"PL","language":"polish","freqLabel":null,"streamUrl":"https://s3.slotex.pl:7438/stream/1/","codec":"MP3","votes":4},"geometry":{"type":"Point","coordinates":[23.139953613281257,53.11303871720885]}},{"type":"Feature","id":"4022c3bf-7138-4672-b722-980ce3b2db8a","properties":{"stationUuid":"4022c3bf-7138-4672-b722-980ce3b2db8a","name":"Radio Prestige ","country":"Poland","countryCode":"PL","language":"polish","freqLabel":null,"streamUrl":"https://s3.slotex.pl/shoutcast/7076/stream?sid=1","codec":"MP3","votes":4},"geometry":{"type":"Point","coordinates":[17.717987245443716,51.07571483486041]}},{"type":"Feature","id":"289a7ece-5d24-416a-a36b-1f5e14bf600a","properties":{"stationUuid":"289a7ece-5d24-416a-a36b-1f5e14bf600a","name":"Radio Prestige","country":"Poland","countryCode":"PL","language":"polish","freqLabel":null,"streamUrl":"https://s3.slotex.pl/shoutcast/7076/stream?sid=1","codec":"MP3","votes":4},"geometry":{"type":"Point","coordinates":[17.717993098499598,51.07572238431895]}},{"type":"Feature","id":"609dfd83-62ca-493d-a401-5d260145aead","properties":{"stationUuid":"609dfd83-62ca-493d-a401-5d260145aead","name":"Radio Prestige ","country":"Poland","countryCode":"PL","language":"polish","freqLabel":null,"streamUrl":"https://s3.slotex.pl/shoutcast/7076/stream?sid=1","codec":"MP3","votes":15},"geometry":{"type":"Point","coordinates":[17.71800865963638,51.07572552926411]}},{"type":"Feature","id":"60a339f4-951f-4137-814f-b95cd96eb67a","properties":{"stationUuid":"60a339f4-951f-4137-814f-b95cd96eb67a","name":"Radio RAM","country":"Poland","countryCode":"PL","language":"polish","freqLabel":null,"streamUrl":"https://stream2.prw.pl:8001/radioram","codec":"MP3","votes":23},"geometry":{"type":"Point","coordinates":[17.00608760118485,51.07101489391094]}},{"type":"Feature","id":"f837704e-40df-4302-b546-c8401348e51c","properties":{"stationUuid":"f837704e-40df-4302-b546-c8401348e51c","name":"Radio Republika","country":"Poland","countryCode":"PL","language":"polish","freqLabel":null,"streamUrl":"https://ssl-1.radiotvrepublika.pl:12698/stream","codec":"MP3","votes":1458},"geometry":{"type":"Point","coordinates":[21.011725366115577,52.229819389893976]}},{"type":"Feature","id":"733f1af4-09c3-4b83-84c6-faddbf42b4d1","properties":{"stationUuid":"733f1af4-09c3-4b83-84c6-faddbf42b4d1","name":"Radio RSC","country":"Poland","countryCode":"PL","language":"polish","freqLabel":null,"streamUrl":"https://stream.rcs.revma.com/94fud6a6z72vv","codec":"MP3","votes":4},"geometry":{"type":"Point","coordinates":[20.1408,51.9549]}},{"type":"Feature","id":"75acae79-f105-43b2-a4ef-88b1e3dbb655","properties":{"stationUuid":"75acae79-f105-43b2-a4ef-88b1e3dbb655","name":"Radio Rzeszów","country":"Poland","countryCode":"PL","language":"polish","freqLabel":null,"streamUrl":"https://streaming.g-news.pl:8040/rzeszow","codec":"MP3","votes":2},"geometry":{"type":"Point","coordinates":[22.004190981388092,50.0397766571359]}},{"type":"Feature","id":"8bfd74c2-c254-4e9b-ba58-94248ddd767e","properties":{"stationUuid":"8bfd74c2-c254-4e9b-ba58-94248ddd767e","name":"Radio SAR - Studencka Agencja Radiowa","country":"Poland","countryCode":"PL","language":"english,polish","freqLabel":null,"streamUrl":"https://stream.radiosar.pl/hdmain.mp3","codec":"MP3","votes":656},"geometry":{"type":"Point","coordinates":[18.60715985298157,54.36970798060171]}},{"type":"Feature","id":"882d3fa4-ef24-4be0-876a-93ff08f18f67","properties":{"stationUuid":"882d3fa4-ef24-4be0-876a-93ff08f18f67","name":"Radio Sierpc","country":"Poland","countryCode":"PL","language":"polish","freqLabel":null,"streamUrl":"https://ssl-1.radiohost.pl:10700/stream","codec":"MP3","votes":37},"geometry":{"type":"Point","coordinates":[19.66238379478455,52.8484752395678]}},{"type":"Feature","id":"27cfd2ef-f021-4b83-93f0-deb2c6d0851d","properties":{"stationUuid":"27cfd2ef-f021-4b83-93f0-deb2c6d0851d","name":"Radio Silesia FM","country":"Poland","countryCode":"PL","language":"polish","freqLabel":null,"streamUrl":"https://s1.slotex.pl/shoutcast/7926/stream?sid=1","codec":"MP3","votes":464},"geometry":{"type":"Point","coordinates":[18.78704380093054,50.31395664851715]}},{"type":"Feature","id":"38c051b4-9cf7-465a-ac33-7a64e17aebd0","properties":{"stationUuid":"38c051b4-9cf7-465a-ac33-7a64e17aebd0","name":"Radio Super FM 97,5 FM - Szczecin","country":"Poland","countryCode":"PL","language":"polish","freqLabel":"97 FM","streamUrl":"https://stream.super.fm:8443/superfm.mp3?1703660705890","codec":"MP3","votes":39},"geometry":{"type":"Point","coordinates":[14.555734097957613,53.43218704694054]}},{"type":"Feature","id":"cc498541-8a41-4f7f-a293-4adcde4051dd","properties":{"stationUuid":"cc498541-8a41-4f7f-a293-4adcde4051dd","name":"Radio Tango Uno","country":"Poland","countryCode":"PL","language":"english,polish","freqLabel":null,"streamUrl":"https://radiotangouno-online.pl/radio/8000/radio.mp3","codec":"MP3","votes":30},"geometry":{"type":"Point","coordinates":[21.157371997833256,51.400564856195906]}},{"type":"Feature","id":"ac864545-84c3-4c68-ad3b-4073790f7e88","properties":{"stationUuid":"ac864545-84c3-4c68-ad3b-4073790f7e88","name":"Radio Warmii i Mazur","country":"Poland","countryCode":"PL","language":"polish","freqLabel":null,"streamUrl":"https://rostr1.radioolsztyn.pl:8843/RWiM","codec":"MP3","votes":82},"geometry":{"type":"Point","coordinates":[20.47848343849182,53.79424802567984]}},{"type":"Feature","id":"d36486e5-9377-41a3-bc2a-96d787ce0e2c","properties":{"stationUuid":"d36486e5-9377-41a3-bc2a-96d787ce0e2c","name":"Radio Warszawa 106.2 FM","country":"Poland","countryCode":"PL","language":"polish","freqLabel":"106.2 FM","streamUrl":"https://stream2.technologicznie.net/radio_warszawa.mp3","codec":"MP3","votes":63},"geometry":{"type":"Point","coordinates":[21.031951904296875,52.24770709997058]}},{"type":"Feature","id":"dc835e53-1d9f-4c0f-b6ee-ffea5c672ec0","properties":{"stationUuid":"dc835e53-1d9f-4c0f-b6ee-ffea5c672ec0","name":"Radio Złote Przeboje","country":"Poland","countryCode":"PL","language":"polish","freqLabel":null,"streamUrl":"https://radiostream.pl/tuba8904-1.mp3","codec":"MP3","votes":46},"geometry":{"type":"Point","coordinates":[21.047046209981595,52.20362938571888]}},{"type":"Feature","id":"84e66784-ba35-4fd0-b0cf-ff590dfabc17","properties":{"stationUuid":"84e66784-ba35-4fd0-b0cf-ff590dfabc17","name":"Radio Złote Przeboje - Bieszczady","country":"Poland","countryCode":"PL","language":"polish","freqLabel":null,"streamUrl":"https://radiostream.pl/tuba8946-1.mp3","codec":"MP3","votes":6},"geometry":{"type":"Point","coordinates":[22.470500240065896,49.154114853253056]}},{"type":"Feature","id":"465760fe-5aa9-4117-8145-b3f128f1f034","properties":{"stationUuid":"465760fe-5aa9-4117-8145-b3f128f1f034","name":"Radio Złote Przeboje Białystok","country":"Poland","countryCode":"PL","language":"polish","freqLabel":null,"streamUrl":"https://radiostream.pl/tuba8900-1.mp3?cache=1647512038","codec":"MP3","votes":1551},"geometry":{"type":"Point","coordinates":[23.15112416634304,53.13241183378915]}},{"type":"Feature","id":"6a2591f4-7286-4c65-a7bd-6c491b6e672b","properties":{"stationUuid":"6a2591f4-7286-4c65-a7bd-6c491b6e672b","name":"Radio Złote Przeboje Wrocław","country":"Poland","countryCode":"PL","language":null,"freqLabel":null,"streamUrl":"https://radiostream.pl/tuba9-1.mp3","codec":"MP3","votes":1313},"geometry":{"type":"Point","coordinates":[17.031211853027347,51.10514548255657]}},{"type":"Feature","id":"1dec62b3-159f-464b-b64d-69fea9fb4243","properties":{"stationUuid":"1dec62b3-159f-464b-b64d-69fea9fb4243","name":"Radio Zodiak","country":"Poland","countryCode":"PL","language":"polish","freqLabel":null,"streamUrl":"https://fire.doscast.com/8084/stream","codec":"MP3","votes":22},"geometry":{"type":"Point","coordinates":[22.283363342285156,52.16161949080702]}},{"type":"Feature","id":"e306340b-d891-4150-892c-ca917f3f60c8","properties":{"stationUuid":"e306340b-d891-4150-892c-ca917f3f60c8","name":"Radio Żuławy","country":"Poland","countryCode":"PL","language":"polish","freqLabel":null,"streamUrl":"https://stream.radiojar.com/q87xmtvrrg8uv","codec":"MP3","votes":21},"geometry":{"type":"Point","coordinates":[19.433631598949436,54.184861953359]}},{"type":"Feature","id":"126c9b63-9c07-4e68-bbad-412604c035b2","properties":{"stationUuid":"126c9b63-9c07-4e68-bbad-412604c035b2","name":"RadioBEST.pl","country":"Poland","countryCode":"PL","language":"polish","freqLabel":null,"streamUrl":"https://stream.rcs.revma.com/k7z0hu129s3vv","codec":"AAC","votes":5},"geometry":{"type":"Point","coordinates":[19.357910156250004,50.13136323534228]}},{"type":"Feature","id":"05ee93a8-e030-40a8-89a8-713890672ee5","properties":{"stationUuid":"05ee93a8-e030-40a8-89a8-713890672ee5","name":"radiOFF","country":"Poland","countryCode":"PL","language":"german,polish","freqLabel":null,"streamUrl":"https://stream.radioff.com/stream.mp3","codec":"MP3","votes":0},"geometry":{"type":"Point","coordinates":[19.484252929687504,51.72623068580895]}},{"type":"Feature","id":"4b0a5f79-b1c5-4c24-963e-0c36ddb8d1aa","properties":{"stationUuid":"4b0a5f79-b1c5-4c24-963e-0c36ddb8d1aa","name":"radiOFF","country":"Poland","countryCode":"PL","language":"german,polish","freqLabel":null,"streamUrl":"https://stream.radioff.com/stream.mp3","codec":"MP3","votes":0},"geometry":{"type":"Point","coordinates":[15.502374172210695,51.922842914039066]}},{"type":"Feature","id":"14273259-95b1-4c88-aad6-8834eca980c4","properties":{"stationUuid":"14273259-95b1-4c88-aad6-8834eca980c4","name":"RadioRadio","country":"Poland","countryCode":"PL","language":null,"freqLabel":null,"streamUrl":"https://c16.radioboss.fm:18014/stream","codec":"MP3","votes":19},"geometry":{"type":"Point","coordinates":[19.265972748398784,51.96342272661891]}},{"type":"Feature","id":"61d69a37-dc98-4178-8863-876f7ced6a34","properties":{"stationUuid":"61d69a37-dc98-4178-8863-876f7ced6a34","name":"REGION","country":"Poland","countryCode":"PL","language":null,"freqLabel":null,"streamUrl":"https://s1.slotex.pl:7592/","codec":"MP3","votes":1},"geometry":{"type":"Point","coordinates":[18.693237304687504,50.29951610741547]}},{"type":"Feature","id":"91ded3bd-537c-4c3d-99e8-5bee86de4930","properties":{"stationUuid":"91ded3bd-537c-4c3d-99e8-5bee86de4930","name":"Reverb Riff Radio","country":"Poland","countryCode":"PL","language":"english","freqLabel":null,"streamUrl":"https://azuracast.reverbriff.com/listen/reverb_riff_radio/radio.mp3","codec":"MP3","votes":2},"geometry":{"type":"Point","coordinates":[20.91918915510178,52.25784070503914]}},{"type":"Feature","id":"23687de7-9621-4e09-b190-1f83fd626906","properties":{"stationUuid":"23687de7-9621-4e09-b190-1f83fd626906","name":"RMF 4 DANCE & RNB","country":"Poland","countryCode":"PL","language":"polish","freqLabel":null,"streamUrl":"https://rs6-krk2.rmfstream.pl/rmf_4","codec":"MP3","votes":185},"geometry":{"type":"Point","coordinates":[19.9372673034668,50.06215654048124]}},{"type":"Feature","id":"fbdd382c-f068-4337-8039-100448da9240","properties":{"stationUuid":"fbdd382c-f068-4337-8039-100448da9240","name":"RMF Classic","country":"Poland","countryCode":"PL","language":null,"freqLabel":null,"streamUrl":"https://rs9-krk2.rmfstream.pl/rmf_classic","codec":"MP3","votes":15},"geometry":{"type":"Point","coordinates":[19.927984178066257,50.06602632012359]}},{"type":"Feature","id":"33e0d018-39ac-4776-a288-20ec4fdc0a15","properties":{"stationUuid":"33e0d018-39ac-4776-a288-20ec4fdc0a15","name":"RMF Classic Rock","country":"Poland","countryCode":"PL","language":"polish","freqLabel":null,"streamUrl":"https://rs201-krk.rmfstream.pl/rmf_classic_rock","codec":"MP3","votes":464},"geometry":{"type":"Point","coordinates":[19.939498901367188,50.06322201067115]}},{"type":"Feature","id":"1a65e79f-e63e-4edf-a9e5-6a919e4610d9","properties":{"stationUuid":"1a65e79f-e63e-4edf-a9e5-6a919e4610d9","name":"RMF Maxx Kielce","country":"Poland","countryCode":"PL","language":null,"freqLabel":null,"streamUrl":"https://rs6-krk2.rmfstream.pl/rmf_maxxx_kie","codec":"MP3","votes":13},"geometry":{"type":"Point","coordinates":[20.629671873628748,50.86951935020441]}},{"type":"Feature","id":"197f14e8-000c-43c1-b056-bb46e91d8abf","properties":{"stationUuid":"197f14e8-000c-43c1-b056-bb46e91d8abf","name":"RMF Maxx Włocławek","country":"Poland","countryCode":"PL","language":"polish","freqLabel":null,"streamUrl":"https://rs201-krk-cyfronet.rmfstream.pl/rmf_maxxx_wlc","codec":"MP3","votes":65},"geometry":{"type":"Point","coordinates":[19.062574181179507,52.655852213906975]}},{"type":"Feature","id":"26d920f1-a269-445a-bd81-f8f426afeda6","properties":{"stationUuid":"26d920f1-a269-445a-bd81-f8f426afeda6","name":"RMF MAXXX Mazowsze","country":"Poland","countryCode":"PL","language":null,"freqLabel":null,"streamUrl":"https://rs201-krk.rmfstream.pl/rmf_maxxx_cie","codec":"MP3","votes":83},"geometry":{"type":"Point","coordinates":[20.61940911397952,52.88170246680048]}},{"type":"Feature","id":"e8fc56e8-0f97-4375-868a-4c58f028ddf8","properties":{"stationUuid":"e8fc56e8-0f97-4375-868a-4c58f028ddf8","name":"RMF Ziom","country":"Poland","countryCode":"PL","language":null,"freqLabel":null,"streamUrl":"https://rs6-krk2.rmfstream.pl/rmf_ziom","codec":"MP3","votes":3},"geometry":{"type":"Point","coordinates":[21.050476039513704,52.22620114055632]}},{"type":"Feature","id":"096b4e5d-e06f-4d19-b370-6329ca1773f1","properties":{"stationUuid":"096b4e5d-e06f-4d19-b370-6329ca1773f1","name":"SmoothJazz.com.pl","country":"Poland","countryCode":"PL","language":"english","freqLabel":null,"streamUrl":"https://bcast.vigormultimedia.com:48888/sjcompl320mp3","codec":"MP3","votes":32},"geometry":{"type":"Point","coordinates":[17.029,54.465]}},{"type":"Feature","id":"83fd5b7d-5aa6-47a2-b4f3-f5bdff158a6d","properties":{"stationUuid":"83fd5b7d-5aa6-47a2-b4f3-f5bdff158a6d","name":"SmoothJazz.com.pl 192k aac+","country":"Poland","countryCode":"PL","language":"american english,english","freqLabel":null,"streamUrl":"https://bcast.vigormultimedia.com:48888/sjcompl192aac","codec":"AAC","votes":667},"geometry":{"type":"Point","coordinates":[17.029,54.465]}},{"type":"Feature","id":"53241c38-4a74-4beb-9514-1033913d1ede","properties":{"stationUuid":"53241c38-4a74-4beb-9514-1033913d1ede","name":"SmoothJazz.com.pl 320k MP3","country":"Poland","countryCode":"PL","language":"english","freqLabel":null,"streamUrl":"https://bcast.vigormultimedia.com:48888/sjcompl320mp3","codec":"MP3","votes":2288},"geometry":{"type":"Point","coordinates":[17.029,54.465]}},{"type":"Feature","id":"53195414-8978-42e0-a624-1fe43bb7ec4f","properties":{"stationUuid":"53195414-8978-42e0-a624-1fe43bb7ec4f","name":"Supernova Party","country":"Poland","countryCode":"PL","language":"polish","freqLabel":null,"streamUrl":"https://ic2.smcdn.pl/6160-1.mp3#Supernova_Party","codec":"MP3","votes":35},"geometry":{"type":"Point","coordinates":[20.994873046875,52.2116564750023]}},{"type":"Feature","id":"59193039-845c-4592-ab42-415da4ccbb22","properties":{"stationUuid":"59193039-845c-4592-ab42-415da4ccbb22","name":"Supernova Super 13","country":"Poland","countryCode":"PL","language":"polish","freqLabel":null,"streamUrl":"https://ic2.smcdn.pl/6230-1.mp3#Supernova_Party","codec":"MP3","votes":16},"geometry":{"type":"Point","coordinates":[20.994873046875,52.21291867553072]}},{"type":"Feature","id":"00dc9649-868b-43a8-9119-28a9b4d962e2","properties":{"stationUuid":"00dc9649-868b-43a8-9119-28a9b4d962e2","name":"Tok FM","country":"Poland","countryCode":"PL","language":null,"freqLabel":null,"streamUrl":"https://radiostream.pl/tuba10-2.mp3","codec":"MP3","votes":16},"geometry":{"type":"Point","coordinates":[21.051494479179382,52.13275548787693]}},{"type":"Feature","id":"0013eb82-2dea-41f7-9534-936d0b2721b7","properties":{"stationUuid":"0013eb82-2dea-41f7-9534-936d0b2721b7","name":"TokFM","country":"Poland","countryCode":"PL","language":"polish","freqLabel":null,"streamUrl":"https://radiostream.pl/tuba10-1.mp3","codec":"MP3","votes":6149},"geometry":{"type":"Point","coordinates":[18.99343013763428,50.104117826335035]}},{"type":"Feature","id":"c57670ff-eb19-49a2-8a79-d84dd8e855c4","properties":{"stationUuid":"c57670ff-eb19-49a2-8a79-d84dd8e855c4","name":"Acustic Radio","country":"Romania","countryCode":"RO","language":"romania","freqLabel":null,"streamUrl":"https://stream.zeno.fm/xmgnc6mcwnhvv","codec":"MP3","votes":48},"geometry":{"type":"Point","coordinates":[21.227462553434453,45.754493063508285]}},{"type":"Feature","id":"2c1ab1f5-d9d8-4fcd-a59f-9df26ac98d1f","properties":{"stationUuid":"2c1ab1f5-d9d8-4fcd-a59f-9df26ac98d1f","name":"Adjud FM","country":"Romania","countryCode":"RO","language":"english,romania,romanian,română","freqLabel":null,"streamUrl":"https://live.adjudfm.ro:8000/adjudfm.aac","codec":"AAC","votes":3},"geometry":{"type":"Point","coordinates":[27.179989979956773,46.10052331473391]}},{"type":"Feature","id":"d4b22685-48c8-47db-b6f8-3afc57e0f53c","properties":{"stationUuid":"d4b22685-48c8-47db-b6f8-3afc57e0f53c","name":"Agnus Rádió -Cluj Napoca 88,3 FM","country":"Romania","countryCode":"RO","language":"hungarian","freqLabel":"88 FM","streamUrl":"https://agnusradio.ro/radio-stream/","codec":"MP3","votes":2},"geometry":{"type":"Point","coordinates":[23.58980029821396,46.76953413589493]}},{"type":"Feature","id":"dff22873-9b76-4a7b-be03-9cbc1f5b457a","properties":{"stationUuid":"dff22873-9b76-4a7b-be03-9cbc1f5b457a","name":"Anișoara Radio","country":"Romania","countryCode":"RO","language":"romania","freqLabel":null,"streamUrl":"https://live.radioanisoara.ro:8080/stream","codec":"MP3","votes":14},"geometry":{"type":"Point","coordinates":[26.102480805202152,44.43552883381435]}},{"type":"Feature","id":"f67bb30c-4e11-44b6-bd94-e5b2862bd325","properties":{"stationUuid":"f67bb30c-4e11-44b6-bd94-e5b2862bd325","name":"Antenna Web Oradea","country":"Romania","countryCode":"RO","language":"italian,română","freqLabel":null,"streamUrl":"https://tinyurl.com/Antenna-Web-Oradea","codec":"MP3","votes":4},"geometry":{"type":"Point","coordinates":[21.90756440162659,47.074560178053495]}},{"type":"Feature","id":"d770cea8-6352-4743-8696-d2605650777b","properties":{"stationUuid":"d770cea8-6352-4743-8696-d2605650777b","name":"Arad1.ro - -Catedrala Veche Arad","country":"Romania","countryCode":"RO","language":"româna","freqLabel":null,"streamUrl":"https://catedrala.arad1.ro:8443/catedrala","codec":"MP3","votes":2},"geometry":{"type":"Point","coordinates":[21.311931610107425,46.170476241393445]}},{"type":"Feature","id":"fba3f65a-9825-467c-a873-a9d4f361bc37","properties":{"stationUuid":"fba3f65a-9825-467c-a873-a9d4f361bc37","name":"Aradul Liber","country":"Romania","countryCode":"RO","language":"românä","freqLabel":null,"streamUrl":"https://stream.zeno.fm/cc1gsm78mg0uv","codec":"MP3","votes":0},"geometry":{"type":"Point","coordinates":[21.316137313842777,46.174053611517465]}},{"type":"Feature","id":"f9a030da-da03-4511-82f3-dea28cf25a38","properties":{"stationUuid":"f9a030da-da03-4511-82f3-dea28cf25a38","name":"Ardeleanca FM + Brașov","country":"Romania","countryCode":"RO","language":"română","freqLabel":null,"streamUrl":"https://sonicpanel.namehost.ro/8016/stream","codec":"MP3","votes":2},"geometry":{"type":"Point","coordinates":[25.61011254787445,45.6525292817754]}},{"type":"Feature","id":"c4eb7648-e867-4545-bdda-71b1368db779","properties":{"stationUuid":"c4eb7648-e867-4545-bdda-71b1368db779","name":"Atmospheric dnb s0urce","country":"Romania","countryCode":"RO","language":"english","freqLabel":null,"streamUrl":"https://brokenbeats.net/stream/aac","codec":"AAC","votes":903},"geometry":{"type":"Point","coordinates":[26.10282321719695,44.42678192621299]}},{"type":"Feature","id":"ffefe9bc-b89a-476e-b05e-071636bb0533","properties":{"stationUuid":"ffefe9bc-b89a-476e-b05e-071636bb0533","name":"Balamuc_Fm -Cluj Napoca","country":"Romania","countryCode":"RO","language":"română","freqLabel":null,"streamUrl":"https://asculta.muzicaok.de:8040/stream","codec":"MP3","votes":4},"geometry":{"type":"Point","coordinates":[23.58981639146805,46.76954148444571]}},{"type":"Feature","id":"f7b86492-e83d-48df-858b-f0eace7fd637","properties":{"stationUuid":"f7b86492-e83d-48df-858b-f0eace7fd637","name":"Balcan Radio Manele -Brăila","country":"Romania","countryCode":"RO","language":"română","freqLabel":null,"streamUrl":"https://radio.sonicpanel.ro/8112/stream","codec":"MP3","votes":10},"geometry":{"type":"Point","coordinates":[27.974334955215458,45.27151755001879]}},{"type":"Feature","id":"8dfef56a-6480-413c-a515-f67bec0f447f","properties":{"stationUuid":"8dfef56a-6480-413c-a515-f67bec0f447f","name":"Baraka radio","country":"Romania","countryCode":"RO","language":null,"freqLabel":null,"streamUrl":"https://ice.streams.ovh:1165/stream","codec":"MP3","votes":77},"geometry":{"type":"Point","coordinates":[24.829101562500004,46.18078126223906]}},{"type":"Feature","id":"01821db4-0bec-493a-854b-2ea7561c920f","properties":{"stationUuid":"01821db4-0bec-493a-854b-2ea7561c920f","name":"Bistrița FM -Bistrița 92,6 FM","country":"Romania","countryCode":"RO","language":"română","freqLabel":"92 FM","streamUrl":"https://audio-edge-cmc51.fra.h.radiomast.io/66f238bb-8b61-4196-a8c3-28aea07235e8","codec":"MP3","votes":2},"geometry":{"type":"Point","coordinates":[24.50624406337738,47.14095978042224]}},{"type":"Feature","id":"569b5db8-0f6e-41a2-869c-912a7f3c9889","properties":{"stationUuid":"569b5db8-0f6e-41a2-869c-912a7f3c9889","name":"Bitter Sweet Music -Braila 128,0 FM","country":"Romania","countryCode":"RO","language":"română","freqLabel":"128 FM","streamUrl":"https://sonicssl.namehost.ro/8520/stream","codec":"MP3","votes":0},"geometry":{"type":"Point","coordinates":[27.974195480346683,45.271377112193186]}},{"type":"Feature","id":"72281a21-8308-42ff-aba7-a2134fa27a37","properties":{"stationUuid":"72281a21-8308-42ff-aba7-a2134fa27a37","name":"Blaj Radio","country":"Romania","countryCode":"RO","language":"românä","freqLabel":null,"streamUrl":"https://ssl.asculta.live:8016/","codec":"MP3","votes":5},"geometry":{"type":"Point","coordinates":[23.920905672507423,46.17395851660994]}},{"type":"Feature","id":"9424794b-23f4-4e31-aa1f-126ec4f355a5","properties":{"stationUuid":"9424794b-23f4-4e31-aa1f-126ec4f355a5","name":"BS Radio Classical -Cluj Napoca","country":"Romania","countryCode":"RO","language":"română","freqLabel":null,"streamUrl":"https://azura.ebsmedia.ro/listen/classical/classical128.mp3?refresh=1779029566606","codec":"MP3","votes":1},"geometry":{"type":"Point","coordinates":[23.589827120304108,46.769523113066874]}},{"type":"Feature","id":"46e9a508-6d8a-4abb-bd35-67c5b33ee3f9","properties":{"stationUuid":"46e9a508-6d8a-4abb-bd35-67c5b33ee3f9","name":"Campus Buzău -Buzău 98.0 FM","country":"Romania","countryCode":"RO","language":"română","freqLabel":"98.0 FM","streamUrl":"https://radio.campusbuzau.ro:8443/CAMPUS.mp3","codec":"MP3","votes":1},"geometry":{"type":"Point","coordinates":[26.816969811916355,45.156034769307915]}},{"type":"Feature","id":"eecbd85e-456b-4978-9d8f-9eeac201bca1","properties":{"stationUuid":"eecbd85e-456b-4978-9d8f-9eeac201bca1","name":"Center Deejay Brașov -DJ Radio Romania","country":"Romania","countryCode":"RO","language":"română","freqLabel":null,"streamUrl":"https://djradio.ro/stream","codec":"AAC","votes":3},"geometry":{"type":"Point","coordinates":[25.61035126447678,45.65257877877887]}},{"type":"Feature","id":"95dddcc0-1e96-4e74-a7d8-6e3e4fca7b0b","properties":{"stationUuid":"95dddcc0-1e96-4e74-a7d8-6e3e4fca7b0b","name":"Clasic Radio_100% Romanesc -București","country":"Romania","countryCode":"RO","language":"română","freqLabel":null,"streamUrl":"https://live.radioclasic.com/listen/radio_clasic_romanesc/live.mp3","codec":"MP3","votes":6},"geometry":{"type":"Point","coordinates":[26.10252320766449,44.435532664099334]}},{"type":"Feature","id":"2582f534-df08-4969-8ca3-4da1beb153eb","properties":{"stationUuid":"2582f534-df08-4969-8ca3-4da1beb153eb","name":"Clasic Radio_60 -București","country":"Romania","countryCode":"RO","language":"română","freqLabel":null,"streamUrl":"https://live.radioclasic.com/listen/radio_clasic_60/live.mp3","codec":"MP3","votes":6},"geometry":{"type":"Point","coordinates":[26.10246688127518,44.43554109102932]}},{"type":"Feature","id":"e95208ba-34b6-4d5b-bb74-4700656962be","properties":{"stationUuid":"e95208ba-34b6-4d5b-bb74-4700656962be","name":"Clasic Radio_80 -București","country":"Romania","countryCode":"RO","language":"română","freqLabel":null,"streamUrl":"https://live.radioclasic.com/listen/radio_clasic_80/live.mp3","codec":"MP3","votes":7},"geometry":{"type":"Point","coordinates":[26.102509796619415,44.43552576942256]}},{"type":"Feature","id":"445ef4e7-bef0-4b6d-b466-d9d3c19b93ba","properties":{"stationUuid":"445ef4e7-bef0-4b6d-b466-d9d3c19b93ba","name":"Clasic Radio_90 -București","country":"Romania","countryCode":"RO","language":"română","freqLabel":null,"streamUrl":"https://live.radioclasic.com/listen/radio_clasic_90/live.mp3","codec":"MP3","votes":3},"geometry":{"type":"Point","coordinates":[26.10247761011124,44.43549129579264]}},{"type":"Feature","id":"ad5fb730-0e4c-4c99-bc3b-b4d71d040c8b","properties":{"stationUuid":"ad5fb730-0e4c-4c99-bc3b-b4d71d040c8b","name":"Clasic Radio_AltRock -București","country":"Romania","countryCode":"RO","language":"română","freqLabel":null,"streamUrl":"https://live.radioclasic.com/listen/radio_clasic_altrock/live.mp3","codec":"MP3","votes":1},"geometry":{"type":"Point","coordinates":[26.10250443220139,44.43551427821483]}},{"type":"Feature","id":"3a1270e5-9b96-4db9-91ba-527c320963c2","properties":{"stationUuid":"3a1270e5-9b96-4db9-91ba-527c320963c2","name":"Clasic Radio_Bach -București","country":"Romania","countryCode":"RO","language":"română","freqLabel":null,"streamUrl":"https://live.radioclasic.com/listen/radio_clasic_bach/live.mp3","codec":"MP3","votes":12},"geometry":{"type":"Point","coordinates":[26.10248297452927,44.43550661740843]}},{"type":"Feature","id":"3f1f769c-b986-4fe4-abb9-fdafd1927b70","properties":{"stationUuid":"3f1f769c-b986-4fe4-abb9-fdafd1927b70","name":"Clasic Radio_Beethoven -București","country":"Romania","countryCode":"RO","language":"română","freqLabel":null,"streamUrl":"https://live.radioclasic.com/listen/radio_clasic_beethoven/live.mp3","codec":"MP3","votes":15},"geometry":{"type":"Point","coordinates":[26.10249906778336,44.43549512619696]}},{"type":"Feature","id":"a3e60f75-d2af-4bf6-856b-448e2a3327ea","properties":{"stationUuid":"a3e60f75-d2af-4bf6-856b-448e2a3327ea","name":"Clasic Radio_BlueJazz -București","country":"Romania","countryCode":"RO","language":"română","freqLabel":null,"streamUrl":"https://live.radioclasic.com/listen/radio_clasic_bluejazz/live.mp3","codec":"MP3","votes":5},"geometry":{"type":"Point","coordinates":[26.10247761011124,44.43547214376725]}},{"type":"Feature","id":"25f74e5f-195c-454f-9878-51b344976730","properties":{"stationUuid":"25f74e5f-195c-454f-9878-51b344976730","name":"Clasic Radio_Blues -București","country":"Romania","countryCode":"RO","language":"română","freqLabel":null,"streamUrl":"https://live.radioclasic.com/listen/radio_clasic_blues/live.mp3","codec":"MP3","votes":5},"geometry":{"type":"Point","coordinates":[26.10245615243912,44.43552576942256]}},{"type":"Feature","id":"b5857153-18f6-4df8-8c8b-df0dd1a680b5","properties":{"stationUuid":"b5857153-18f6-4df8-8c8b-df0dd1a680b5","name":"Clasic Radio_Chopin -București","country":"Romania","countryCode":"RO","language":"română","freqLabel":null,"streamUrl":"https://live.radioclasic.com/listen/radio_clasic_chopin/live.mp3","codec":"MP3","votes":28},"geometry":{"type":"Point","coordinates":[26.10246151685715,44.435533430226435]}},{"type":"Feature","id":"dc58a951-af99-454b-a93e-8374a06c1388","properties":{"stationUuid":"dc58a951-af99-454b-a93e-8374a06c1388","name":"Clasic Radio_Christmas -București","country":"Romania","countryCode":"RO","language":"română","freqLabel":null,"streamUrl":"https://live.radioclasic.com/listen/radio_clasic_christmas/live.mp3","codec":"MP3","votes":2},"geometry":{"type":"Point","coordinates":[26.10247224569321,44.43554492143038]}},{"type":"Feature","id":"1dabc359-467b-4b22-bb6d-86c8fc2c17b6","properties":{"stationUuid":"1dabc359-467b-4b22-bb6d-86c8fc2c17b6","name":"Clasic Radio_Country -București","country":"Romania","countryCode":"RO","language":"română","freqLabel":null,"streamUrl":"https://live.radioclasic.com/listen/radio_clasic_country/live.mp3","codec":"MP3","votes":2},"geometry":{"type":"Point","coordinates":[26.10247224569321,44.435537260628]}},{"type":"Feature","id":"fea1aba4-3940-42b1-91f9-f0b4e3431d24","properties":{"stationUuid":"fea1aba4-3940-42b1-91f9-f0b4e3431d24","name":"Clasic Radio_Crossover -București","country":"Romania","countryCode":"RO","language":"română","freqLabel":null,"streamUrl":"https://live.radioclasic.com/listen/radio_clasic_crossover/live.mp3","codec":"MP3","votes":5},"geometry":{"type":"Point","coordinates":[26.10247224569321,44.43554492143038]}},{"type":"Feature","id":"026d7c7a-3a74-48d1-b1df-e700724cc708","properties":{"stationUuid":"026d7c7a-3a74-48d1-b1df-e700724cc708","name":"Clasic Radio_Folk -București","country":"Romania","countryCode":"RO","language":"română","freqLabel":null,"streamUrl":"https://live.radioclasic.com/listen/radio_clasic_folk/live.mp3","codec":"MP3","votes":5},"geometry":{"type":"Point","coordinates":[26.10247761011124,44.43556024303212]}},{"type":"Feature","id":"d32b328c-d8ba-4f85-bbb3-b82507960ac9","properties":{"stationUuid":"d32b328c-d8ba-4f85-bbb3-b82507960ac9","name":"Clasic Radio_George Enescu -București","country":"Romania","countryCode":"RO","language":"română","freqLabel":null,"streamUrl":"https://live.radioclasic.com/listen/radio_clasic_george_enescu/live.mp3","codec":"MP3","votes":7},"geometry":{"type":"Point","coordinates":[26.10247761011124,44.435564073431934]}},{"type":"Feature","id":"70cb3c8a-c441-4665-8bc6-ad965833f319","properties":{"stationUuid":"70cb3c8a-c441-4665-8bc6-ad965833f319","name":"Clasic Radio_Greek Music -București","country":"Romania","countryCode":"RO","language":"română","freqLabel":null,"streamUrl":"https://live.radioclasic.com/listen/radio_clasic_greek/live.mp3","codec":"MP3","votes":16},"geometry":{"type":"Point","coordinates":[26.10248297452927,44.435533430226435]}},{"type":"Feature","id":"306d650d-4f36-46fe-abe5-e25b9f91b5bc","properties":{"stationUuid":"306d650d-4f36-46fe-abe5-e25b9f91b5bc","name":"Clasic Radio_Hits -București","country":"Romania","countryCode":"RO","language":"română","freqLabel":null,"streamUrl":"https://live.radioclasic.com/listen/radio_clasic_hits/live.mp3","codec":"MP3","votes":2},"geometry":{"type":"Point","coordinates":[26.10246688127518,44.43554492143038]}},{"type":"Feature","id":"f1603a1d-35d5-4235-93ed-0e70f7b446a3","properties":{"stationUuid":"f1603a1d-35d5-4235-93ed-0e70f7b446a3","name":"Clasic Radio_Indie -București","country":"Romania","countryCode":"RO","language":"română","freqLabel":null,"streamUrl":"https://live.radioclasic.com/listen/radio_clasic_indie/live.mp3","codec":"MP3","votes":3},"geometry":{"type":"Point","coordinates":[26.10247761011124,44.435533430226435]}},{"type":"Feature","id":"a06987f1-c8a8-4479-b582-d48c2e2c1e7e","properties":{"stationUuid":"a06987f1-c8a8-4479-b582-d48c2e2c1e7e","name":"Clasic Radio_Jazz -București","country":"Romania","countryCode":"RO","language":"română","freqLabel":null,"streamUrl":"https://live.radioclasic.com/listen/radio_clasic_jazz/live.mp3","codec":"MP3","votes":5},"geometry":{"type":"Point","coordinates":[26.10246151685715,44.43554492143038]}},{"type":"Feature","id":"06f73256-9f0f-474d-84f7-00006f8db801","properties":{"stationUuid":"06f73256-9f0f-474d-84f7-00006f8db801","name":"Clasic Radio_Kids -București","country":"Romania","countryCode":"RO","language":"română","freqLabel":null,"streamUrl":"https://live.radioclasic.com/listen/radio_clasic_kids/live.mp3","codec":"MP3","votes":6},"geometry":{"type":"Point","coordinates":[26.10247761011124,44.43554492143038]}},{"type":"Feature","id":"31457d73-ad56-458e-8d22-0df1af3a14b5","properties":{"stationUuid":"31457d73-ad56-458e-8d22-0df1af3a14b5","name":"Clasic Radio_Latino -București","country":"Romania","countryCode":"RO","language":"română","freqLabel":null,"streamUrl":"https://live.radioclasic.com/listen/radio_clasic_latino/live.mp3","codec":"MP3","votes":2},"geometry":{"type":"Point","coordinates":[26.10247761011124,44.435548751831206]}},{"type":"Feature","id":"e610f60b-dbdd-4e60-abac-32d4e9f82613","properties":{"stationUuid":"e610f60b-dbdd-4e60-abac-32d4e9f82613","name":"Clasic Radio_Love -București","country":"Romania","countryCode":"RO","language":"română","freqLabel":null,"streamUrl":"https://live.radioclasic.com/listen/radio_clasic_love/live.mp3","codec":"MP3","votes":5},"geometry":{"type":"Point","coordinates":[26.1024883389473,44.43555258223176]}},{"type":"Feature","id":"237f28d3-cfc3-4fa2-9311-b8590308b3c6","properties":{"stationUuid":"237f28d3-cfc3-4fa2-9311-b8590308b3c6","name":"Clasic Radio_Mozart -București","country":"Romania","countryCode":"RO","language":"română","freqLabel":null,"streamUrl":"https://live.radioclasic.com/listen/radio_clasic_mozart/live.mp3","codec":"MP3","votes":26},"geometry":{"type":"Point","coordinates":[26.10246688127518,44.43555641263208]}},{"type":"Feature","id":"5d682126-0312-4215-b137-d1d333854362","properties":{"stationUuid":"5d682126-0312-4215-b137-d1d333854362","name":"Clasic Radio_Opera -București","country":"Romania","countryCode":"RO","language":"română","freqLabel":null,"streamUrl":"https://live.radioclasic.com/listen/radio_clasic_opera/live.mp3","codec":"MP3","votes":115},"geometry":{"type":"Point","coordinates":[26.10247761011124,44.43555258223176]}},{"type":"Feature","id":"1a758ed7-05dc-481f-a2c7-0bce9880990a","properties":{"stationUuid":"1a758ed7-05dc-481f-a2c7-0bce9880990a","name":"Clasic Radio_Popular -București","country":"Romania","countryCode":"RO","language":"română","freqLabel":null,"streamUrl":"https://live.radioclasic.com/listen/radio_clasic_popular/live.mp3","codec":"MP3","votes":6},"geometry":{"type":"Point","coordinates":[26.10246151685715,44.43555258223176]}},{"type":"Feature","id":"6060a062-f47d-4f83-8abf-2d89f2b0f7f7","properties":{"stationUuid":"6060a062-f47d-4f83-8abf-2d89f2b0f7f7","name":"Clasic Radio_R’n’B/Soul -București","country":"Romania","countryCode":"RO","language":"română","freqLabel":null,"streamUrl":"https://live.radioclasic.com/listen/radio_clasic_rnb/live.mp3","codec":"MP3","votes":4},"geometry":{"type":"Point","coordinates":[26.10248297452927,44.43555258223176]}},{"type":"Feature","id":"df4e340a-4aad-48b0-a418-0df0345d9056","properties":{"stationUuid":"df4e340a-4aad-48b0-a418-0df0345d9056","name":"Clasic Radio_Relax -București","country":"Romania","countryCode":"RO","language":"română","freqLabel":null,"streamUrl":"https://live.radioclasic.com/listen/radio_clasic_relax/live.mp3","codec":"MP3","votes":10},"geometry":{"type":"Point","coordinates":[26.10246688127518,44.43556024303212]}},{"type":"Feature","id":"ef054c05-d715-408e-9d8a-dce0cb4068b6","properties":{"stationUuid":"ef054c05-d715-408e-9d8a-dce0cb4068b6","name":"Clasic Radio_Rock -București","country":"Romania","countryCode":"RO","language":"română","freqLabel":null,"streamUrl":"https://live.radioclasic.com/listen/radio_clasic_rock/live.mp3","codec":"MP3","votes":2},"geometry":{"type":"Point","coordinates":[26.10247761011124,44.43554109102932]}},{"type":"Feature","id":"4f4672fb-d3b0-4570-8377-bff03843f413","properties":{"stationUuid":"4f4672fb-d3b0-4570-8377-bff03843f413","name":"Clasic Radio_Smooth -București","country":"Romania","countryCode":"RO","language":"română","freqLabel":null,"streamUrl":"https://live.radioclasic.com/listen/radio_clasic_smooth/live.mp3","codec":"MP3","votes":5},"geometry":{"type":"Point","coordinates":[26.10247224569321,44.435548751831206]}},{"type":"Feature","id":"8cb525ad-f3dd-4b25-a134-bc9db13c6541","properties":{"stationUuid":"8cb525ad-f3dd-4b25-a134-bc9db13c6541","name":"Clasic Radio_Soundtrack -București","country":"Romania","countryCode":"RO","language":"română","freqLabel":null,"streamUrl":"https://live.radioclasic.com/listen/radio_clasic_soundtrack/live.mp3","codec":"MP3","votes":5},"geometry":{"type":"Point","coordinates":[26.10247761011124,44.43556024303212]}},{"type":"Feature","id":"6564004c-e2bb-4f7c-a3fa-b9c76c9b7d8a","properties":{"stationUuid":"6564004c-e2bb-4f7c-a3fa-b9c76c9b7d8a","name":"Clasic Radio_Strauss -București","country":"Romania","countryCode":"RO","language":"română","freqLabel":null,"streamUrl":"https://live.radioclasic.com/listen/radio_clasic_strauss/live.mp3","codec":"MP3","votes":14},"geometry":{"type":"Point","coordinates":[26.10247224569321,44.43556024303212]}},{"type":"Feature","id":"9e8d5a9f-f7d5-4cb8-96cd-653a1cac9f44","properties":{"stationUuid":"9e8d5a9f-f7d5-4cb8-96cd-653a1cac9f44","name":"Clasic Radio_SummerHits -București","country":"Romania","countryCode":"RO","language":"română","freqLabel":null,"streamUrl":"https://live.radioclasic.com/listen/radio_clasic_summerhits/live.mp3","codec":"MP3","votes":2},"geometry":{"type":"Point","coordinates":[26.10247224569321,44.43556024303212]}},{"type":"Feature","id":"1d108ea4-845f-48ba-a924-95b82503b0c9","properties":{"stationUuid":"1d108ea4-845f-48ba-a924-95b82503b0c9","name":"Clasic Radio_Symphony -București","country":"Romania","countryCode":"RO","language":"română","freqLabel":null,"streamUrl":"https://live.radioclasic.com/listen/radio_clasic_symphony/live.mp3","codec":"MP3","votes":7},"geometry":{"type":"Point","coordinates":[26.1024883389473,44.43554109102932]}},{"type":"Feature","id":"5445e02e-74d0-49b7-9ca4-3c9231de01ca","properties":{"stationUuid":"5445e02e-74d0-49b7-9ca4-3c9231de01ca","name":"Clasic Radio_Tchaikovscky -București","country":"Romania","countryCode":"RO","language":"română","freqLabel":null,"streamUrl":"https://live.radioclasic.com/listen/radio_clasic_tchaikovscky/live.mp3","codec":"MP3","votes":8},"geometry":{"type":"Point","coordinates":[26.10246688127518,44.435548751831206]}},{"type":"Feature","id":"00dd83ef-cb5b-4c7c-8e2c-9b35b2d366b1","properties":{"stationUuid":"00dd83ef-cb5b-4c7c-8e2c-9b35b2d366b1","name":"Clasic Radio_Top40 -București","country":"Romania","countryCode":"RO","language":"română","freqLabel":null,"streamUrl":"https://live.radioclasic.com/listen/radio_clasic_top40/live.mp3","codec":"MP3","votes":2},"geometry":{"type":"Point","coordinates":[26.10247224569321,44.435537260628]}},{"type":"Feature","id":"cb170184-1976-40da-865f-142c7268ee7f","properties":{"stationUuid":"cb170184-1976-40da-865f-142c7268ee7f","name":"Clasic Radio_Vivaldi -București","country":"Romania","countryCode":"RO","language":"română","freqLabel":null,"streamUrl":"https://live.radioclasic.com/listen/radio_clasic_vivaldi/live.mp3","codec":"MP3","votes":21},"geometry":{"type":"Point","coordinates":[26.10246151685715,44.43556024303212]}},{"type":"Feature","id":"28b589fb-dadb-4771-b9d1-519da8f31f28","properties":{"stationUuid":"28b589fb-dadb-4771-b9d1-519da8f31f28","name":"Colț De Suflet","country":"Romania","countryCode":"RO","language":"românä","freqLabel":null,"streamUrl":"https://dattavolt.com/8056/stream","codec":"MP3","votes":0},"geometry":{"type":"Point","coordinates":[23.572883605957035,46.0669900538078]}},{"type":"Feature","id":"3e1b0f44-f41f-485b-8aae-ab43541b0a99","properties":{"stationUuid":"3e1b0f44-f41f-485b-8aae-ab43541b0a99","name":"ControL Radio","country":"Romania","countryCode":"RO","language":"românä","freqLabel":null,"streamUrl":"https://stream.zeno.fm/h9b6u7f4gc9uv","codec":"MP3","votes":1},"geometry":{"type":"Point","coordinates":[24.87090110778809,44.85897024373039]}},{"type":"Feature","id":"da7c8174-3e94-4fa7-966a-cf9907a4b0d1","properties":{"stationUuid":"da7c8174-3e94-4fa7-966a-cf9907a4b0d1","name":"Dance FM","country":"Romania","countryCode":"RO","language":"romanian","freqLabel":null,"streamUrl":"https://edge126.rcs-rds.ro/profm/dancefm.mp3","codec":"MP3","votes":1230},"geometry":{"type":"Point","coordinates":[26.114501953125004,44.40160686488045]}},{"type":"Feature","id":"fe3e36cb-6dab-4393-9356-7cc21f7f6784","properties":{"stationUuid":"fe3e36cb-6dab-4393-9356-7cc21f7f6784","name":"DejaVuMusic -MG Kollyma","country":"Romania","countryCode":"RO","language":"românä","freqLabel":null,"streamUrl":"https://stream.zeno.fm/yrs7fychej9vv","codec":"MP3","votes":2},"geometry":{"type":"Point","coordinates":[23.572196960449222,46.06627543985152]}},{"type":"Feature","id":"6c46d161-677d-4cb2-a8a7-3af8987cf68f","properties":{"stationUuid":"6c46d161-677d-4cb2-a8a7-3af8987cf68f","name":"DejaVuMusic -Radio DejaVu","country":"Romania","countryCode":"RO","language":"românä","freqLabel":null,"streamUrl":"https://radio.sonicpanel.ro/8042/stream","codec":"MP3","votes":2},"geometry":{"type":"Point","coordinates":[23.571081161499023,46.068395436448355]}},{"type":"Feature","id":"5ccb97a4-814f-4916-bb62-c1e656f618d4","properties":{"stationUuid":"5ccb97a4-814f-4916-bb62-c1e656f618d4","name":"Delta Ocna Mureș - 97,4 FM","country":"Romania","countryCode":"RO","language":"românä","freqLabel":"97 FM","streamUrl":"https://deltafm.ro/mp3/Stan-Adrian-Ocna-Mures-Music4Night.mp3","codec":"MP3","votes":1},"geometry":{"type":"Point","coordinates":[23.854064941406257,46.39168895953556]}},{"type":"Feature","id":"6fa1616a-df70-41e9-b5a5-8a96a70cbb08","properties":{"stationUuid":"6fa1616a-df70-41e9-b5a5-8a96a70cbb08","name":"DuxRadio -Brașov","country":"Romania","countryCode":"RO","language":"română","freqLabel":null,"streamUrl":"https://radio.duxradio.ro:8002/stream","codec":"MP3","votes":8},"geometry":{"type":"Point","coordinates":[25.61068654060364,45.65231029461876]}},{"type":"Feature","id":"a8691211-8021-447b-8d1f-873fd1af4e96","properties":{"stationUuid":"a8691211-8021-447b-8d1f-873fd1af4e96","name":"EBS Radio","country":"Romania","countryCode":"RO","language":"romanian","freqLabel":null,"streamUrl":"https://azura.ebsmedia.ro/listen/live/live128.mp3","codec":"MP3","votes":38},"geometry":{"type":"Point","coordinates":[23.595899641513828,46.78045284992309]}},{"type":"Feature","id":"4e1d83f0-bcd2-4b1a-9514-d2a19fa7d011","properties":{"stationUuid":"4e1d83f0-bcd2-4b1a-9514-d2a19fa7d011","name":"EBS Radio Alternative -Cluj Napoca","country":"Romania","countryCode":"RO","language":"română","freqLabel":null,"streamUrl":"https://azura.ebsmedia.ro/listen/alternative/alternative128.mp3?refresh=1779028572464","codec":"MP3","votes":0},"geometry":{"type":"Point","coordinates":[23.589811027050025,46.769530461619155]}},{"type":"Feature","id":"b636d82c-6319-4008-86d4-aadfb04b8e1f","properties":{"stationUuid":"b636d82c-6319-4008-86d4-aadfb04b8e1f","name":"EBS Radio Blues -Cluj Napoca","country":"Romania","countryCode":"RO","language":"română","freqLabel":null,"streamUrl":"https://azura.ebsmedia.ro/listen/blues/blues128.mp3?refresh=1779028682377","codec":"MP3","votes":4},"geometry":{"type":"Point","coordinates":[23.58980029821396,46.76952678734313]}},{"type":"Feature","id":"dd7585d5-9673-4dcb-a960-ea9c953a9bee","properties":{"stationUuid":"dd7585d5-9673-4dcb-a960-ea9c953a9bee","name":"EBS Radio Cântece de petrecere -Cluj Napoca","country":"Romania","countryCode":"RO","language":"română","freqLabel":null,"streamUrl":"https://azura.ebsmedia.ro/listen/petrecere/petrecere128.mp3?refresh=1779029453833","codec":"MP3","votes":3},"geometry":{"type":"Point","coordinates":[23.58981639146805,46.769530461619155]}},{"type":"Feature","id":"238bb423-5987-4789-a9dd-080fa32276ff","properties":{"stationUuid":"238bb423-5987-4789-a9dd-080fa32276ff","name":"EBS Radio Country -Cluj Napoca","country":"Romania","countryCode":"RO","language":"română","freqLabel":null,"streamUrl":"https://azura.ebsmedia.ro/listen/country/country128.mp3?refresh=1779028238559","codec":"MP3","votes":1},"geometry":{"type":"Point","coordinates":[23.58982175588608,46.769523113066874]}},{"type":"Feature","id":"3d8a2e32-99dc-499f-9e94-4d4cbf105580","properties":{"stationUuid":"3d8a2e32-99dc-499f-9e94-4d4cbf105580","name":"EBS Radio Dolce Vitta -Cluj Napoca","country":"Romania","countryCode":"RO","language":"română","freqLabel":null,"streamUrl":"https://azura.ebsmedia.ro/listen/dolcevita/dolcevita128.mp3?refresh=1779028860218","codec":"MP3","votes":1},"geometry":{"type":"Point","coordinates":[23.58982175588608,46.76952678734313]}},{"type":"Feature","id":"042a0fd6-e9f5-45af-abf1-628c0ff27c39","properties":{"stationUuid":"042a0fd6-e9f5-45af-abf1-628c0ff27c39","name":"EBS Radio Electro -Cluj Napoca","country":"Romania","countryCode":"RO","language":"română","freqLabel":null,"streamUrl":"https://azura.ebsmedia.ro/listen/electro/electro128.mp3?refresh=1779028296999","codec":"MP3","votes":2},"geometry":{"type":"Point","coordinates":[23.58981639146805,46.769530461619155]}},{"type":"Feature","id":"d36601c5-630f-41fd-a315-2d928fe1f201","properties":{"stationUuid":"d36601c5-630f-41fd-a315-2d928fe1f201","name":"EBS Radio Fresco -Cluj Napoca","country":"Romania","countryCode":"RO","language":"română","freqLabel":null,"streamUrl":"https://azura.ebsmedia.ro/listen/fresco/fresco128.mp3?refresh=1779028960370","codec":"MP3","votes":1},"geometry":{"type":"Point","coordinates":[23.58982175588608,46.76953413589493]}},{"type":"Feature","id":"3486ec0b-c679-4da3-bb29-b8e794c88f70","properties":{"stationUuid":"3486ec0b-c679-4da3-bb29-b8e794c88f70","name":"EBS Radio Jazz -Cluj Napoca","country":"Romania","countryCode":"RO","language":"română","freqLabel":null,"streamUrl":"https://azura.ebsmedia.ro/listen/jazz/jazz128.mp3?refresh=1779028391978","codec":"MP3","votes":0},"geometry":{"type":"Point","coordinates":[23.589805662631992,46.76953781017045]}},{"type":"Feature","id":"8176fb6d-85a6-4717-9ca3-58f84ac9d685","properties":{"stationUuid":"8176fb6d-85a6-4717-9ca3-58f84ac9d685","name":"EBS Radio Live -Cluj Napoca 90,4 FM","country":"Romania","countryCode":"RO","language":"română","freqLabel":"90 FM","streamUrl":"https://azura.ebsmedia.ro/listen/live/live128.mp3?refresh=1779027831553","codec":"MP3","votes":2},"geometry":{"type":"Point","coordinates":[23.589805662631992,46.76953781017045]}},{"type":"Feature","id":"adcd9e09-b022-4049-90d7-ee0b9d14e546","properties":{"stationUuid":"adcd9e09-b022-4049-90d7-ee0b9d14e546","name":"EBS Radio Local -Cluj Napoca","country":"Romania","countryCode":"RO","language":"română","freqLabel":null,"streamUrl":"https://azura.ebsmedia.ro/listen/local/local128.mp3?refresh=1779027957839","codec":"MP3","votes":1},"geometry":{"type":"Point","coordinates":[23.589811027050025,46.76953781017045]}},{"type":"Feature","id":"acb77ef0-7f24-4d96-86ac-bc1681c55ccc","properties":{"stationUuid":"acb77ef0-7f24-4d96-86ac-bc1681c55ccc","name":"EBS Radio Lounge -Cluj Napoca","country":"Romania","countryCode":"RO","language":"română","freqLabel":null,"streamUrl":"https://azura.ebsmedia.ro/listen/lounge/lounge128.mp3?refresh=1779028484659","codec":"MP3","votes":0},"geometry":{"type":"Point","coordinates":[23.589805662631992,46.769523113066874]}},{"type":"Feature","id":"96ec39bb-5fc6-4e2a-80c1-e76f45747d34","properties":{"stationUuid":"96ec39bb-5fc6-4e2a-80c1-e76f45747d34","name":"EBS Radio Magyar Zene-Cluj Napoca","country":"Romania","countryCode":"RO","language":"hungarian,română","freqLabel":null,"streamUrl":"https://azura.ebsmedia.ro/listen/hungarian/hungarian128.mp3?refresh=1779029332085","codec":"MP3","votes":2},"geometry":{"type":"Point","coordinates":[23.58981639146805,46.76952678734313]}},{"type":"Feature","id":"9c89c403-b0d1-4d4c-8922-ff0dd1180341","properties":{"stationUuid":"9c89c403-b0d1-4d4c-8922-ff0dd1180341","name":"EBS Radio Movie Soundtracks -Cluj Napoca","country":"Romania","countryCode":"RO","language":"română","freqLabel":null,"streamUrl":"https://azura.ebsmedia.ro/listen/movies/movies128.mp3?refresh=1779029656196","codec":"MP3","votes":2},"geometry":{"type":"Point","coordinates":[23.589811027050025,46.76953781017045]}},{"type":"Feature","id":"75b7d5d0-d973-4bfe-b03a-dae9fbe6b3c1","properties":{"stationUuid":"75b7d5d0-d973-4bfe-b03a-dae9fbe6b3c1","name":"EBS Radio Nostalgie -Cluj Napoca","country":"Romania","countryCode":"RO","language":"română","freqLabel":null,"streamUrl":"https://azura.ebsmedia.ro/listen/nostalgie/nostalgie128.mp3?refresh=1779028768364","codec":"MP3","votes":3},"geometry":{"type":"Point","coordinates":[23.58982175588608,46.76953413589493]}},{"type":"Feature","id":"f57edd32-f6b9-4489-b84f-29d30d4dcb52","properties":{"stationUuid":"f57edd32-f6b9-4489-b84f-29d30d4dcb52","name":"EBS Radio Nouvelle Vague -Cluj Napoca","country":"Romania","countryCode":"RO","language":"română","freqLabel":null,"streamUrl":"https://azura.ebsmedia.ro/listen/nouvelle/nouvelle128.mp3?refresh=1779029033496","codec":"MP3","votes":0},"geometry":{"type":"Point","coordinates":[23.589811027050025,46.76953781017045]}},{"type":"Feature","id":"d185daea-6bf2-4835-8396-9bf833ee0303","properties":{"stationUuid":"d185daea-6bf2-4835-8396-9bf833ee0303","name":"EBS Radio Romanian Folk -Cluj Napoca","country":"Romania","countryCode":"RO","language":"română","freqLabel":null,"streamUrl":"https://azura.ebsmedia.ro/listen/romanianfolk/romanianfolk128.mp3?refresh=1779029257664","codec":"MP3","votes":0},"geometry":{"type":"Point","coordinates":[23.589794933795933,46.769530461619155]}},{"type":"Feature","id":"e63abb8e-05a8-4739-a96d-8131793ba09c","properties":{"stationUuid":"e63abb8e-05a8-4739-a96d-8131793ba09c","name":"EBS Radio Romanian Gold -Cluj Napoca","country":"Romania","countryCode":"RO","language":"română","freqLabel":null,"streamUrl":"https://azura.ebsmedia.ro/listen/romaniangold/romaniangold128.mp3?refresh=1779029137110","codec":"MP3","votes":4},"geometry":{"type":"Point","coordinates":[23.589805662631992,46.769530461619155]}},{"type":"Feature","id":"71d39a29-7c81-45f9-9105-3d37218cc1b5","properties":{"stationUuid":"71d39a29-7c81-45f9-9105-3d37218cc1b5","name":"ElekTrik Brasov","country":"Romania","countryCode":"RO","language":"română","freqLabel":null,"streamUrl":"https://stream.zeno.fm/n1s4zgbz8p8uv","codec":"MP3","votes":1},"geometry":{"type":"Point","coordinates":[25.610163509845737,45.6525600299364]}},{"type":"Feature","id":"1a22c996-672b-4e6e-bd00-e0c79b57bee2","properties":{"stationUuid":"1a22c996-672b-4e6e-bd00-e0c79b57bee2","name":"ERCIS FM","country":"Romania","countryCode":"RO","language":"romanian","freqLabel":null,"streamUrl":"https://stream.zeno.fm/ehbuv5erws8uv","codec":"MP3","votes":6},"geometry":{"type":"Point","coordinates":[27.58297587570269,47.16038191102851]}},{"type":"Feature","id":"953b5c16-a0a4-4074-9580-d6efd26c00fa","properties":{"stationUuid":"953b5c16-a0a4-4074-9580-d6efd26c00fa","name":"ERCIS FM -Iasi 94,4 FM","country":"Romania","countryCode":"RO","language":"românä","freqLabel":"94 FM","streamUrl":"https://stream.zeno.fm/ehbuv5erws8uv","codec":"MP3","votes":0},"geometry":{"type":"Point","coordinates":[27.58804321289063,47.15141200875085]}},{"type":"Feature","id":"d9ded3ed-4750-4e2d-acf3-8b539bd9550c","properties":{"stationUuid":"d9ded3ed-4750-4e2d-acf3-8b539bd9550c","name":"Eron FM -Oradea","country":"Romania","countryCode":"RO","language":"english uk,hungarian,română","freqLabel":null,"streamUrl":"https://stream.zeno.fm/u9kyi9j8dhluv","codec":"MP3","votes":0},"geometry":{"type":"Point","coordinates":[21.907532215118408,47.074532411952774]}},{"type":"Feature","id":"e31ca86d-b188-4267-9aa3-bcb6ce995ca4","properties":{"stationUuid":"e31ca86d-b188-4267-9aa3-bcb6ce995ca4","name":"Eurodisco80 Radio","country":"Romania","countryCode":"RO","language":"hungarian,română end english","freqLabel":null,"streamUrl":"https://stream.zeno.fm/rc1aaftwtuavv","codec":"MP3","votes":3},"geometry":{"type":"Point","coordinates":[24.580863118171695,46.53132709239958]}},{"type":"Feature","id":"1746e2b4-6382-4f8f-aa62-e027813d2516","properties":{"stationUuid":"1746e2b4-6382-4f8f-aa62-e027813d2516","name":"Europa FM","country":"Romania","countryCode":"RO","language":null,"freqLabel":null,"streamUrl":"https://astreaming.edi.ro:8443/EuropaFM_aac","codec":"AAC","votes":83},"geometry":{"type":"Point","coordinates":[26.15563250162952,44.43476092890601]}},{"type":"Feature","id":"97ab31d6-bf46-4774-bb40-3852f32389de","properties":{"stationUuid":"97ab31d6-bf46-4774-bb40-3852f32389de","name":"Folclor Muntenia -Buzău","country":"Romania","countryCode":"RO","language":"românä","freqLabel":null,"streamUrl":"https://live.radiofolclormuntenia.ro:8008/stream","codec":"MP3","votes":0},"geometry":{"type":"Point","coordinates":[26.816969811916355,45.15601963781724]}},{"type":"Feature","id":"a2dc0185-0570-4cf4-8c9e-2bf5f64c42a8","properties":{"stationUuid":"a2dc0185-0570-4cf4-8c9e-2bf5f64c42a8","name":"Frăsinești Radio","country":"Romania","countryCode":"RO","language":"romania","freqLabel":null,"streamUrl":"https://stream.zeno.fm/mpmilx1n4yuuv","codec":"MP3","votes":22},"geometry":{"type":"Point","coordinates":[25.96256434672434,43.88641237412542]}},{"type":"Feature","id":"b880d5ad-16b9-44f3-9757-87ee54d489bb","properties":{"stationUuid":"b880d5ad-16b9-44f3-9757-87ee54d489bb","name":"Free FM Bucarest","country":"Romania","countryCode":"RO","language":"greek,italian,romani,romanian","freqLabel":null,"streamUrl":"https://rocafmadrid.radioca.st/","codec":"MP3","votes":293},"geometry":{"type":"Point","coordinates":[26.10626220703125,44.40539648950864]}},{"type":"Feature","id":"1878e923-1d74-47dc-8eb6-2ea284fd2604","properties":{"stationUuid":"1878e923-1d74-47dc-8eb6-2ea284fd2604","name":"G Radio","country":"Romania","countryCode":"RO","language":"english","freqLabel":null,"streamUrl":"https://stream.zeno.fm/0qbqaobm4b9vv","codec":"MP3","votes":1},"geometry":{"type":"Point","coordinates":[21.909813076277793,47.0424282266659]}},{"type":"Feature","id":"242d0bcb-96ff-4f23-89bc-735fc1030963","properties":{"stationUuid":"242d0bcb-96ff-4f23-89bc-735fc1030963","name":"GFM ROMANIA -Bacău 90,1 FM","country":"Romania","countryCode":"RO","language":"românä","freqLabel":"90 FM","streamUrl":"https://stream.zeno.fm/hlxwppx3fj4vv","codec":"AAC","votes":5},"geometry":{"type":"Point","coordinates":[26.91307067871094,46.570001748501795]}},{"type":"Feature","id":"d4a01be4-5f65-4be7-94de-88bfd3a64ca3","properties":{"stationUuid":"d4a01be4-5f65-4be7-94de-88bfd3a64ca3","name":"GHERLA","country":"Romania","countryCode":"RO","language":"romanian","freqLabel":null,"streamUrl":"https://listen.streamaudio.co/proxy/gherlafm/stream","codec":"MP3","votes":1},"geometry":{"type":"Point","coordinates":[23.8979536,47.0269047]}},{"type":"Feature","id":"280ab4e6-9f92-4562-b8a9-44e6ecb9bf8e","properties":{"stationUuid":"280ab4e6-9f92-4562-b8a9-44e6ecb9bf8e","name":"Glasul Nordului -Darabani BT","country":"Romania","countryCode":"RO","language":"română","freqLabel":null,"streamUrl":"https://ssl.asculta.live/8096/stream","codec":"MP3","votes":3},"geometry":{"type":"Point","coordinates":[26.591184139251713,48.18734247519345]}},{"type":"Feature","id":"6065fe61-f900-4939-a3b7-180d415cfecb","properties":{"stationUuid":"6065fe61-f900-4939-a3b7-180d415cfecb","name":"Glasul Nordului 2 (Jurnal FM) -Hudești","country":"Romania","countryCode":"RO","language":"română","freqLabel":null,"streamUrl":"https://ssl.radios.show/8008/;","codec":"MP3","votes":6},"geometry":{"type":"Point","coordinates":[26.509752273559577,48.14144047448879]}},{"type":"Feature","id":"c6801101-a1ca-4a22-9fbd-a35553fcd200","properties":{"stationUuid":"c6801101-a1ca-4a22-9fbd-a35553fcd200","name":"Groove Calarasi Int. -Călărași","country":"Romania","countryCode":"RO","language":"română","freqLabel":null,"streamUrl":"https://stream.zeno.fm/s6rdspx0tchvv","codec":"MP3","votes":0},"geometry":{"type":"Point","coordinates":[27.328188121318817,44.19421605038434]}},{"type":"Feature","id":"60b98a51-d522-4356-a3e2-148223203f83","properties":{"stationUuid":"60b98a51-d522-4356-a3e2-148223203f83","name":"Hangos Rádió","country":"Romania","countryCode":"RO","language":"hungarian","freqLabel":null,"streamUrl":"https://stream.zeno.fm/mv62tmd8wp8uv","codec":"MP3","votes":3},"geometry":{"type":"Point","coordinates":[21.32480621337891,46.18358618473344]}},{"type":"Feature","id":"f0c3833e-f294-484c-9b46-569ce5fff57a","properties":{"stationUuid":"f0c3833e-f294-484c-9b46-569ce5fff57a","name":"HIT FM -Brașov  94,2 FM Zărnești 94,2 FM","country":"Romania","countryCode":"RO","language":"română","freqLabel":"94 FM","streamUrl":"https://radio.sonicpanel.ro/8082/stream","codec":"MP3","votes":1},"geometry":{"type":"Point","coordinates":[25.61057925224305,45.65222029968625]}},{"type":"Feature","id":"eb0159a6-f806-4ad4-89c4-f84143084998","properties":{"stationUuid":"eb0159a6-f806-4ad4-89c4-f84143084998","name":"HIT FM Alba -Alba Iulia 88,6 FM","country":"Romania","countryCode":"RO","language":"românä","freqLabel":"88 FM","streamUrl":"https://radio.sonicpanel.ro/8082/stream","codec":"MP3","votes":1},"geometry":{"type":"Point","coordinates":[23.570995330810547,46.06808577869357]}},{"type":"Feature","id":"d0ec5977-79b2-4423-b348-3bbdc11b9533","properties":{"stationUuid":"d0ec5977-79b2-4423-b348-3bbdc11b9533","name":"https://live.reintregirea.ro","country":"Romania","countryCode":"RO","language":"romanian","freqLabel":null,"streamUrl":"https://live.reintregirea.ro/","codec":"MP3","votes":27},"geometry":{"type":"Point","coordinates":[23.569611310958862,46.06841330185995]}},{"type":"Feature","id":"ebcc5f69-7408-421a-9084-cb0f1d02511d","properties":{"stationUuid":"ebcc5f69-7408-421a-9084-cb0f1d02511d","name":"HY Brăila","country":"Romania","countryCode":"RO","language":"română","freqLabel":null,"streamUrl":"https://asculta.ascultatare.ro/8034/stream","codec":"MP3","votes":1},"geometry":{"type":"Point","coordinates":[27.974302768707275,45.27150093905183]}},{"type":"Feature","id":"698dd56d-0bfc-40a2-b0aa-b050f78183e7","properties":{"stationUuid":"698dd56d-0bfc-40a2-b0aa-b050f78183e7","name":"Iehova-Ire -Beclean BN","country":"Romania","countryCode":"RO","language":"română","freqLabel":null,"streamUrl":"https://stream.zeno.fm/oirflygdheauv","codec":"MP3","votes":1},"geometry":{"type":"Point","coordinates":[24.18228149414063,47.18196591125133]}},{"type":"Feature","id":"a0f4d2c1-b39a-4062-8c71-26482548900c","properties":{"stationUuid":"a0f4d2c1-b39a-4062-8c71-26482548900c","name":"Jurnal FM","country":"Romania","countryCode":"RO","language":"romanian","freqLabel":null,"streamUrl":"https://ssl.radios.show:7009/stream","codec":"MP3","votes":446},"geometry":{"type":"Point","coordinates":[26.361608505249027,46.93289309273663]}},{"type":"Feature","id":"44e2627c-4f03-4158-8bed-a5ddfa134807","properties":{"stationUuid":"44e2627c-4f03-4158-8bed-a5ddfa134807","name":"Knight Life Radio","country":"Romania","countryCode":"RO","language":"românä","freqLabel":null,"streamUrl":"https://stream.zeno.fm/4pt9ykw7py8uv","codec":"MP3","votes":0},"geometry":{"type":"Point","coordinates":[21.32480621337891,46.18362184181982]}},{"type":"Feature","id":"77beebc7-79f4-4054-a670-cf8d97302765","properties":{"stationUuid":"77beebc7-79f4-4054-a670-cf8d97302765","name":"Korona Rádió Brassó -Brașov","country":"Romania","countryCode":"RO","language":"hungarian","freqLabel":null,"streamUrl":"https://s7.citrus3.com:8022/stream","codec":"AAC","votes":2},"geometry":{"type":"Point","coordinates":[25.610142052173615,45.65255628016716]}},{"type":"Feature","id":"3fe579b3-91ab-4434-be49-d57a14a30d75","properties":{"stationUuid":"3fe579b3-91ab-4434-be49-d57a14a30d75","name":"L.T.J.G.T. Radio","country":"Romania","countryCode":"RO","language":"românä","freqLabel":null,"streamUrl":"https://stream.zeno.fm/h7doige9reetv","codec":"MP3","votes":1},"geometry":{"type":"Point","coordinates":[20.75325965881348,46.16921537601266]}},{"type":"Feature","id":"ad903065-140c-4215-adaf-6a04d08601ee","properties":{"stationUuid":"ad903065-140c-4215-adaf-6a04d08601ee","name":"Lazy Hour Radio","country":"Romania","countryCode":"RO","language":"română","freqLabel":null,"streamUrl":"https://stream.zeno.fm/8fmv9p3z2tzuv","codec":"MP3","votes":0},"geometry":{"type":"Point","coordinates":[21.907467842102054,47.074532411952774]}},{"type":"Feature","id":"de6e7276-8292-457a-bc93-e272456a0a65","properties":{"stationUuid":"de6e7276-8292-457a-bc93-e272456a0a65","name":"Leordeni Fm -Leordeni Arges 106,8 FM","country":"Romania","countryCode":"RO","language":"românä","freqLabel":"106 FM","streamUrl":"https://ssl.radios.show/8002/;","codec":"MP3","votes":2},"geometry":{"type":"Point","coordinates":[25.127406120300293,44.79171576477875]}},{"type":"Feature","id":"66cd5760-0907-4f1a-9431-dbb5d4c9d160","properties":{"stationUuid":"66cd5760-0907-4f1a-9431-dbb5d4c9d160","name":"Love Marilena Galați","country":"Romania","countryCode":"RO","language":"romania","freqLabel":null,"streamUrl":"https://radio.sonicpanel.ro/8068/stream","codec":"MP3","votes":46},"geometry":{"type":"Point","coordinates":[28.037530951420653,45.4328163496546]}},{"type":"Feature","id":"c74ab78c-a541-44d9-b8ba-2c87f67557ac","properties":{"stationUuid":"c74ab78c-a541-44d9-b8ba-2c87f67557ac","name":"Luduș Manele","country":"Romania","countryCode":"RO","language":"românä","freqLabel":null,"streamUrl":"https://radio.gazduirejocuri.ro/8002/stream","codec":"MP3","votes":7},"geometry":{"type":"Point","coordinates":[24.09233093261719,46.47399703668295]}},{"type":"Feature","id":"a978503d-dc53-4a7d-97c7-f0b39c098e3f","properties":{"stationUuid":"a978503d-dc53-4a7d-97c7-f0b39c098e3f","name":"Magic tv","country":"Romania","countryCode":"RO","language":"romanian","freqLabel":null,"streamUrl":"https://tv.broadcasting.ro/magictv/925f90db-5c88-4190-a53d-5163cdffe6f4.m3u8","codec":"AAC","votes":0},"geometry":{"type":"Point","coordinates":[25.98632812499999,44.423319045894566]}},{"type":"Feature","id":"d4653ded-ca4c-45f8-8345-e55e29c5ba99","properties":{"stationUuid":"d4653ded-ca4c-45f8-8345-e55e29c5ba99","name":"MFM Dance (Muntenia FM) - Albeștii de Argeș 105,7 FM","country":"Romania","countryCode":"RO","language":"românä","freqLabel":"105 FM","streamUrl":"https://ssl.radios.show/8012/stream","codec":"MP3","votes":6},"geometry":{"type":"Point","coordinates":[24.666302204132084,45.21449854365212]}},{"type":"Feature","id":"90924e6b-d6a5-413a-9e20-3258c25ad739","properties":{"stationUuid":"90924e6b-d6a5-413a-9e20-3258c25ad739","name":"Moinești FM","country":"Romania","countryCode":"RO","language":"românä","freqLabel":null,"streamUrl":"https://listen.moinestifm.ro/radio.mp3","codec":"MP3","votes":5},"geometry":{"type":"Point","coordinates":[26.498787403106693,46.48088294161335]}},{"type":"Feature","id":"5c2baa18-f4a2-4510-a961-d924aedccdb1","properties":{"stationUuid":"5c2baa18-f4a2-4510-a961-d924aedccdb1","name":"Moinesti FM","country":"Romania","countryCode":"RO","language":"english,romanian,româna","freqLabel":null,"streamUrl":"https://listen.moinestifm.ro/radio.mp3","codec":"MP3","votes":42},"geometry":{"type":"Point","coordinates":[26.493990961496724,46.477573827888214]}},{"type":"Feature","id":"d4ed26a1-5714-4916-90b2-e233b2f7daa4","properties":{"stationUuid":"d4ed26a1-5714-4916-90b2-e233b2f7daa4","name":"Moonrise Radio","country":"Romania","countryCode":"RO","language":"english","freqLabel":null,"streamUrl":"https://radio.sunrise85fm.ro/listen/moonrise_radio/radio.mp3","codec":"MP3","votes":4},"geometry":{"type":"Point","coordinates":[25.63457497996639,45.65491854408339]}},{"type":"Feature","id":"7fa133f0-3a32-4607-8b50-cfa52b4f98c0","properties":{"stationUuid":"7fa133f0-3a32-4607-8b50-cfa52b4f98c0","name":"MuzicaDeVest","country":"Romania","countryCode":"RO","language":"română","freqLabel":null,"streamUrl":"https://stream.zeno.fm/s4mhpucr5tzuv","codec":"MP3","votes":1},"geometry":{"type":"Point","coordinates":[21.90751612186432,47.074545564388465]}},{"type":"Feature","id":"2d1c0692-c71f-403c-8f65-078f6fb8934d","properties":{"stationUuid":"2d1c0692-c71f-403c-8f65-078f6fb8934d","name":"OK MUSIC RADIO -Botoșani","country":"Romania","countryCode":"RO","language":"english,română","freqLabel":null,"streamUrl":"https://stream.zeno.fm/pffcykd3dkhvv","codec":"MP3","votes":2},"geometry":{"type":"Point","coordinates":[26.646620035171512,47.750849077481675]}},{"type":"Feature","id":"7c6c391a-88f9-4e73-a1df-f8f86adfc2ae","properties":{"stationUuid":"7c6c391a-88f9-4e73-a1df-f8f86adfc2ae","name":"OK Music Radio -Botoșani","country":"Romania","countryCode":"RO","language":"română","freqLabel":null,"streamUrl":"https://stream.zeno.fm/pffcykd3dkhvv","codec":"MP3","votes":1},"geometry":{"type":"Point","coordinates":[26.646582484245304,47.75082887949825]}},{"type":"Feature","id":"b85eb43c-94ea-4fc2-800a-0c81302362b9","properties":{"stationUuid":"b85eb43c-94ea-4fc2-800a-0c81302362b9","name":"OneRadio -Oradea","country":"Romania","countryCode":"RO","language":"english uk,română","freqLabel":null,"streamUrl":"https://stream.zeno.fm/a0yocewsxm0uv","codec":"MP3","votes":1},"geometry":{"type":"Point","coordinates":[21.907510757446293,47.07454848707721]}},{"type":"Feature","id":"524a7cca-a8c3-433b-93f6-97d3ce9ebe5b","properties":{"stationUuid":"524a7cca-a8c3-433b-93f6-97d3ce9ebe5b","name":"Ördöngösfüzes Rádió FM -Fizeșu Gherlii","country":"Romania","countryCode":"RO","language":"hungarian","freqLabel":null,"streamUrl":"https://stream-175.surfernetwork.com/skwcpsuh60mvv?zt=eyJhbGciOiJIUzI1NiJ9.eyJzdHJlYW0iOiJza3djcHN1aDYwbXZ2IiwiaG9zdCI6InN0cmVhbS0xNzUuc3VyZmVybmV0d29yay5jb20iLCJ0bSI6ZmFsc2UsInJ0dGwiOjUsImp0aSI6ImNka3B4NG1hUXpTLUVPRE9lNnpkdFEiLCJpYXQiOjE3ODk5Nzc4NzUsImV4cCI6MTc4OTk3NzkzNX0.fUh4jufWzQIum6LIrBKxC9GlxzXoJ8ezWKrWM3f-usk","codec":"MP3","votes":1},"geometry":{"type":"Point","coordinates":[23.986963033676147,47.02286267382905]}},{"type":"Feature","id":"c0a9b799-275f-48cd-9edb-d4c39b318d9c","properties":{"stationUuid":"c0a9b799-275f-48cd-9edb-d4c39b318d9c","name":"Orion FM -Fetești 91,7 FM","country":"Romania","countryCode":"RO","language":"românä","freqLabel":"91 FM","streamUrl":"https://sonic2-rbx.cloud-center.ro/8070/stream","codec":"MP3","votes":4},"geometry":{"type":"Point","coordinates":[27.835536003112797,44.36963102166416]}},{"type":"Feature","id":"5e063320-07d6-4d99-a434-f34e7e2a7431","properties":{"stationUuid":"5e063320-07d6-4d99-a434-f34e7e2a7431","name":"Pescobar Radio","country":"Romania","countryCode":"RO","language":"english,romanian","freqLabel":null,"streamUrl":"https://listen.radioking.com/radio/701141/stream/766385","codec":"MP3","votes":104},"geometry":{"type":"Point","coordinates":[23.628080526503624,46.773496848889735]}},{"type":"Feature","id":"522401d5-199b-410b-8965-bccfeb157e51","properties":{"stationUuid":"522401d5-199b-410b-8965-bccfeb157e51","name":"PlayRadio Urban","country":"Romania","countryCode":"RO","language":null,"freqLabel":null,"streamUrl":"https://live.playradio.org:8443/UrbanHD","codec":"AAC","votes":12},"geometry":{"type":"Point","coordinates":[24.565429687500004,45.66626966360181]}},{"type":"Feature","id":"bfd3fab0-133f-4660-a7a9-c6dd39df4c4c","properties":{"stationUuid":"bfd3fab0-133f-4660-a7a9-c6dd39df4c4c","name":"Plusz FM Margitta - Marghita BH 105,5 FM","country":"Romania","countryCode":"RO","language":"hungarian,românä","freqLabel":"105 FM","streamUrl":"https://stream2.radiotransilvania.ro/Margitta","codec":"MP3","votes":0},"geometry":{"type":"Point","coordinates":[22.33103156089783,47.34329242100732]}},{"type":"Feature","id":"a2577013-22df-4f9b-9e93-ab478b7fefe5","properties":{"stationUuid":"a2577013-22df-4f9b-9e93-ab478b7fefe5","name":"Plusz FM Nagyvárad - Oradea BH 89,6 FM","country":"Romania","countryCode":"RO","language":"hungarian,românä","freqLabel":"89 FM","streamUrl":"https://stream2.radiotransilvania.ro/Nagyvarad","codec":"MP3","votes":0},"geometry":{"type":"Point","coordinates":[21.90733909606934,47.07450026168935]}},{"type":"Feature","id":"651e880f-e7a1-40fc-8f53-33e9360a00df","properties":{"stationUuid":"651e880f-e7a1-40fc-8f53-33e9360a00df","name":"Pro Balkan România -Brăila","country":"Romania","countryCode":"RO","language":"romania","freqLabel":null,"streamUrl":"https://radio.sonicpanel.ro/8102/stream","codec":"MP3","votes":1},"geometry":{"type":"Point","coordinates":[27.97427594661713,45.271556057074065]}},{"type":"Feature","id":"775eeca3-f820-4e76-904a-26d8f8797e8a","properties":{"stationUuid":"775eeca3-f820-4e76-904a-26d8f8797e8a","name":"Pro FM -stația Cluj Napoca 99,8 FM","country":"Romania","countryCode":"RO","language":"română","freqLabel":"99 FM","streamUrl":"https://radioendirect.net/stream/125928","codec":"MP3","votes":2},"geometry":{"type":"Point","coordinates":[23.58981639146805,46.76952678734313]}},{"type":"Feature","id":"4684538e-2f1d-4ee7-ac55-f5b88c73f495","properties":{"stationUuid":"4684538e-2f1d-4ee7-ac55-f5b88c73f495","name":"Radio 1 Manele România -Brașov","country":"Romania","countryCode":"RO","language":"română","freqLabel":null,"streamUrl":"https://ssl.omegahost.ro/8000/stream","codec":"MP3","votes":2},"geometry":{"type":"Point","coordinates":[25.61149120330811,45.663294589302645]}},{"type":"Feature","id":"295fbc02-ec87-4f79-b5c7-0f464ee16206","properties":{"stationUuid":"295fbc02-ec87-4f79-b5c7-0f464ee16206","name":"Radio 2 Turda","country":"Romania","countryCode":"RO","language":"română","freqLabel":null,"streamUrl":"https://stream.zeno.fm/m4mtgf5t5s8uv","codec":"MP3","votes":0},"geometry":{"type":"Point","coordinates":[23.77982944250107,46.56495282727672]}},{"type":"Feature","id":"6541e43d-1318-49a2-98d9-7b509e98be1e","properties":{"stationUuid":"6541e43d-1318-49a2-98d9-7b509e98be1e","name":"Radio Alpin Romania","country":"Romania","countryCode":"RO","language":"românä","freqLabel":null,"streamUrl":"https://asculta.ascultatare.ro/8042/stream","codec":"MP3","votes":3},"geometry":{"type":"Point","coordinates":[23.37100982666016,45.83755733059473]}},{"type":"Feature","id":"10cea11f-6383-40c7-b571-de18cd2021de","properties":{"stationUuid":"10cea11f-6383-40c7-b571-de18cd2021de","name":"Radio APM Romania","country":"Romania","countryCode":"RO","language":"românä","freqLabel":null,"streamUrl":"https://radio.sonicpanel.ro/9002/stream","codec":"MP3","votes":2},"geometry":{"type":"Point","coordinates":[24.882574081420906,44.839791593209554]}},{"type":"Feature","id":"fabd3908-7230-4f4a-bb30-e666ee986db6","properties":{"stationUuid":"fabd3908-7230-4f4a-bb30-e666ee986db6","name":"Radio Argeș Expres FM - Curtea de Argeș 94,6 FM","country":"Romania","countryCode":"RO","language":"românä","freqLabel":"94 FM","streamUrl":"https://stream.expres.sk/128.mp3","codec":"MP3","votes":1},"geometry":{"type":"Point","coordinates":[24.674305915832523,45.14460026914964]}},{"type":"Feature","id":"39b99143-1c67-45d0-b5f4-c9f08021d5fe","properties":{"stationUuid":"39b99143-1c67-45d0-b5f4-c9f08021d5fe","name":"Radio AS fm petrecere -Buzău","country":"Romania","countryCode":"RO","language":"română","freqLabel":null,"streamUrl":"https://stream.zeno.fm/ze76t581tm0uv","codec":"MP3","votes":1},"geometry":{"type":"Point","coordinates":[26.816969811916355,45.1560234206903]}},{"type":"Feature","id":"2f1fc325-c42c-4184-8d96-bfb5df2e9c95","properties":{"stationUuid":"2f1fc325-c42c-4184-8d96-bfb5df2e9c95","name":"Radio ASCOR (Asociația Studenților Creștin-Ortodocși Români din Cluj-Napoca) -Cluj Napoca","country":"Romania","countryCode":"RO","language":"română","freqLabel":null,"streamUrl":"https://radioascorcluj.go.ro:4433/lisen","codec":"MP3","votes":3},"geometry":{"type":"Point","coordinates":[23.58981639146805,46.769530461619155]}},{"type":"Feature","id":"d80487bf-1363-45a9-a392-3fee93978e52","properties":{"stationUuid":"d80487bf-1363-45a9-a392-3fee93978e52","name":"Radio ASP (Asociatia Paraschiva Arges) - Retevoiești","country":"Romania","countryCode":"RO","language":"românä","freqLabel":null,"streamUrl":"https://ssl.omegahost.ro/8096/stream","codec":"MP3","votes":2},"geometry":{"type":"Point","coordinates":[24.840838909149173,45.13897448904983]}},{"type":"Feature","id":"659732d6-c1ac-49a9-815f-2ae01ad931d1","properties":{"stationUuid":"659732d6-c1ac-49a9-815f-2ae01ad931d1","name":"Radio Aspirații -Brăila","country":"Romania","countryCode":"RO","language":"română","freqLabel":null,"streamUrl":"https://c32.radioboss.fm/stream/440","codec":"MP3","votes":1},"geometry":{"type":"Point","coordinates":[27.97428131103516,45.271226103688115]}},{"type":"Feature","id":"457fb7da-3a44-411f-a1b7-50e063fa531c","properties":{"stationUuid":"457fb7da-3a44-411f-a1b7-50e063fa531c","name":"Radio Balkan Romania","country":"Romania","countryCode":"RO","language":"română","freqLabel":null,"streamUrl":"https://live.radiobalkan.ro:8102/stream","codec":"MP3","votes":7},"geometry":{"type":"Point","coordinates":[26.102491021156315,44.43551810861767]}},{"type":"Feature","id":"884b4607-adc3-4cf7-abcf-0ad650deffb6","properties":{"stationUuid":"884b4607-adc3-4cf7-abcf-0ad650deffb6","name":"Radio BOOM Energy -Buzău","country":"Romania","countryCode":"RO","language":"română","freqLabel":null,"streamUrl":"https://stream.radioboom.ro/listen/boom_energy/radio.mp3","codec":"MP3","votes":0},"geometry":{"type":"Point","coordinates":[26.816975176334385,45.15603098643562]}},{"type":"Feature","id":"7f6ea09c-9176-4bf7-aa37-e38858393883","properties":{"stationUuid":"7f6ea09c-9176-4bf7-aa37-e38858393883","name":"Radio BOOM Gold -Buzău, Rm. Sarat 96,7 FM","country":"Romania","countryCode":"RO","language":"română","freqLabel":"96 FM","streamUrl":"https://stream.radioboom.ro:8500/radio.mp3","codec":"MP3","votes":2},"geometry":{"type":"Point","coordinates":[26.816964447498325,45.156046117923296]}},{"type":"Feature","id":"969b823d-27f4-467b-8b8e-f1825d07d0f1","properties":{"stationUuid":"969b823d-27f4-467b-8b8e-f1825d07d0f1","name":"Radio BOOM House Music -Buzău, Rm. Sarat 102,3 FM","country":"Romania","countryCode":"RO","language":"română","freqLabel":"102 FM","streamUrl":"https://stream.radioboom.ro:8530/radio.mp3","codec":"MP3","votes":4},"geometry":{"type":"Point","coordinates":[26.816985905170444,45.156015854943945]}},{"type":"Feature","id":"b550e70e-1372-4c47-b919-b64cfd048d16","properties":{"stationUuid":"b550e70e-1372-4c47-b919-b64cfd048d16","name":"Radio BOOM Rock -Buzău, Rm. Sarat 95,3 FM","country":"Romania","countryCode":"RO","language":"română","freqLabel":"95 FM","streamUrl":"https://stream.radioboom.ro:8520/radio.mp3","codec":"MP3","votes":1},"geometry":{"type":"Point","coordinates":[26.816964447498325,45.156015854943945]}},{"type":"Feature","id":"ec15ab9a-486c-47a8-ad5b-6ff725106ea3","properties":{"stationUuid":"ec15ab9a-486c-47a8-ad5b-6ff725106ea3","name":"Radio Brașov","country":"Romania","countryCode":"RO","language":"romanian","freqLabel":null,"streamUrl":"https://live.radiobrasov.ro/stream.mp3","codec":"MP3","votes":31},"geometry":{"type":"Point","coordinates":[25.615310668945316,45.66780526567164]}},{"type":"Feature","id":"96523f02-cbd3-48bd-aabb-76fc651d840a","properties":{"stationUuid":"96523f02-cbd3-48bd-aabb-76fc651d840a","name":"Radio Brașov","country":"Romania","countryCode":"RO","language":"romanian","freqLabel":null,"streamUrl":"https://live.radiobrasov.ro/stream.mp3?nocache=${Math.random()}","codec":"MP3","votes":50},"geometry":{"type":"Point","coordinates":[25.62423706054688,45.671259982024274]}},{"type":"Feature","id":"07f91cc6-244e-4598-bb0c-26731149982b","properties":{"stationUuid":"07f91cc6-244e-4598-bb0c-26731149982b","name":"Radio Brașov -87,8 FM","country":"Romania","countryCode":"RO","language":"română","freqLabel":"87 FM","streamUrl":"https://live.radiobrasov.ro/stream.mp3","codec":"MP3","votes":2},"geometry":{"type":"Point","coordinates":[25.611281991004947,45.6637624694702]}},{"type":"Feature","id":"1e4b5a48-b95c-418b-abf3-b0c4a24d22d5","properties":{"stationUuid":"1e4b5a48-b95c-418b-abf3-b0c4a24d22d5","name":"Radio Calarasi","country":"Romania","countryCode":"RO","language":"română","freqLabel":null,"streamUrl":"https://stream.zeno.fm/rhavl7oblunvv","codec":"MP3","votes":1},"geometry":{"type":"Point","coordinates":[27.328206896781925,44.194226819656386]}},{"type":"Feature","id":"946a016e-6a11-479c-a3d1-6a80d6b97d96","properties":{"stationUuid":"946a016e-6a11-479c-a3d1-6a80d6b97d96","name":"Radio Campus Transilvania","country":"Romania","countryCode":"RO","language":null,"freqLabel":null,"streamUrl":"https://rct.unitbv.ro/shoutcast/;?sid=1","codec":"MP3","votes":36},"geometry":{"type":"Point","coordinates":[25.581651492652025,45.65522455262474]}},{"type":"Feature","id":"32d10e2d-63f1-488b-8d63-63d6ada4a65c","properties":{"stationUuid":"32d10e2d-63f1-488b-8d63-63d6ada4a65c","name":"Radio ConectFm - Onești 97,5 FM","country":"Romania","countryCode":"RO","language":"românä","freqLabel":"97 FM","streamUrl":"https://stream.zeno.fm/v9wqm1gztk8uv","codec":"MP3","votes":2},"geometry":{"type":"Point","coordinates":[26.77162170410157,46.252564846787806]}},{"type":"Feature","id":"88a8d0ab-ffab-40a9-9a1a-f1f6fd70e69c","properties":{"stationUuid":"88a8d0ab-ffab-40a9-9a1a-f1f6fd70e69c","name":"Radio Coresi 80s -Brașov","country":"Romania","countryCode":"RO","language":"română","freqLabel":null,"streamUrl":"https://s5.radio.co/sfb029759c/listen","codec":"MP3","votes":3},"geometry":{"type":"Point","coordinates":[25.610147416591648,45.65254128108766]}},{"type":"Feature","id":"efbac6eb-feeb-4895-8e6f-c8e9c3799ce7","properties":{"stationUuid":"efbac6eb-feeb-4895-8e6f-c8e9c3799ce7","name":"Radio Coresi Oldies -Brașov","country":"Romania","countryCode":"RO","language":"română","freqLabel":null,"streamUrl":"https://stream.radio.co/s9e0f1e936/listen","codec":"MP3","votes":1},"geometry":{"type":"Point","coordinates":[25.610168874263767,45.65255253039767]}},{"type":"Feature","id":"617f0aa0-519d-4f72-9792-d725b3654597","properties":{"stationUuid":"617f0aa0-519d-4f72-9792-d725b3654597","name":"Radio Crasna","country":"Romania","countryCode":"RO","language":"româna","freqLabel":null,"streamUrl":"https://radio.ascultatare.ro/8028/stream","codec":"MP3","votes":0},"geometry":{"type":"Point","coordinates":[23.51953237468026,45.179577029086374]}},{"type":"Feature","id":"da5e3b42-6ab2-42cb-bf77-8040a62ca9ac","properties":{"stationUuid":"da5e3b42-6ab2-42cb-bf77-8040a62ca9ac","name":"Radio Dacia Calm -Cluj Napoca","country":"Romania","countryCode":"RO","language":"română","freqLabel":null,"streamUrl":"https://radiodacia04.live.nt.ro/","codec":"MP3","votes":4},"geometry":{"type":"Point","coordinates":[23.589829802513123,46.76950400678137]}},{"type":"Feature","id":"b0257aeb-70f7-4dab-baf2-4699ba9c9dda","properties":{"stationUuid":"b0257aeb-70f7-4dab-baf2-4699ba9c9dda","name":"Radio Dacia Clasic -Cluj Napoca","country":"Romania","countryCode":"RO","language":"română","freqLabel":null,"streamUrl":"https://radiodacia05.live.nt.ro/","codec":"MP3","votes":1},"geometry":{"type":"Point","coordinates":[23.58980029821396,46.76953413589493]}},{"type":"Feature","id":"5b221048-faec-455c-83d0-274cb47f3ce0","properties":{"stationUuid":"5b221048-faec-455c-83d0-274cb47f3ce0","name":"Radio Dacia Energie -Cluj Napoca","country":"Romania","countryCode":"RO","language":"română","freqLabel":null,"streamUrl":"https://radiodacia01.live.nt.ro/","codec":"MP3","votes":3},"geometry":{"type":"Point","coordinates":[23.589805662631992,46.769530461619155]}},{"type":"Feature","id":"174f0866-b7d3-4e9c-97cc-b13d2502f843","properties":{"stationUuid":"174f0866-b7d3-4e9c-97cc-b13d2502f843","name":"Radio Dacia Paradis -Cluj Napoca","country":"Romania","countryCode":"RO","language":"română","freqLabel":null,"streamUrl":"https://radiodacia02.live.nt.ro/","codec":"MP3","votes":4},"geometry":{"type":"Point","coordinates":[23.58980029821396,46.769530461619155]}},{"type":"Feature","id":"87ebe6d8-65a5-427f-9792-12f673edae1c","properties":{"stationUuid":"87ebe6d8-65a5-427f-9792-12f673edae1c","name":"Radio Dacia Relax -Cluj Napoca","country":"Romania","countryCode":"RO","language":"română","freqLabel":null,"streamUrl":"https://radiodacia03.live.nt.ro/","codec":"MP3","votes":3},"geometry":{"type":"Point","coordinates":[23.589794933795933,46.76954515872072]}},{"type":"Feature","id":"9b59dbc1-799e-4a00-975c-db68454b1794","properties":{"stationUuid":"9b59dbc1-799e-4a00-975c-db68454b1794","name":"Radio Dacia Traditional -Cluj Napoca","country":"Romania","countryCode":"RO","language":"română","freqLabel":null,"streamUrl":"https://radiodacia06.live.nt.ro/","codec":"MP3","votes":3},"geometry":{"type":"Point","coordinates":[23.58981639146805,46.76953413589493]}},{"type":"Feature","id":"0f0f7cb7-e7be-4425-9f26-76d54710f47a","properties":{"stationUuid":"0f0f7cb7-e7be-4425-9f26-76d54710f47a","name":"Radio DEEA -Onești","country":"Romania","countryCode":"RO","language":"românä","freqLabel":null,"streamUrl":"https://radiocdn.nxthost.com/radio-deea","codec":"MP3","votes":3},"geometry":{"type":"Point","coordinates":[26.771471500396732,46.252564846787806]}},{"type":"Feature","id":"761a5736-3e30-477a-ba5e-674dc5bf0ad9","properties":{"stationUuid":"761a5736-3e30-477a-ba5e-674dc5bf0ad9","name":"Radio Domeldo Live -Cluj Napoca","country":"Romania","countryCode":"RO","language":"română","freqLabel":null,"streamUrl":"https://www.radiodomeldo.ro/live","codec":"MP3","votes":0},"geometry":{"type":"Point","coordinates":[23.589805662631992,46.769523113066874]}},{"type":"Feature","id":"e28d5ffc-8620-4dba-bdab-71bcbaec7025","properties":{"stationUuid":"e28d5ffc-8620-4dba-bdab-71bcbaec7025","name":"Radio Domeldo Movie -Cluj Napoca","country":"Romania","countryCode":"RO","language":"română","freqLabel":null,"streamUrl":"https://www.radiodomeldo.ro/movie","codec":"MP3","votes":1},"geometry":{"type":"Point","coordinates":[23.589805662631992,46.76953781017045]}},{"type":"Feature","id":"b8889749-a69b-42fb-bf45-74dfdf9be268","properties":{"stationUuid":"b8889749-a69b-42fb-bf45-74dfdf9be268","name":"Radio EASY -Bacău","country":"Romania","countryCode":"RO","language":"românä","freqLabel":null,"streamUrl":"https://ssl.asculta.live/8108/stream","codec":"MP3","votes":4},"geometry":{"type":"Point","coordinates":[26.91135406494141,46.56778308149412]}},{"type":"Feature","id":"66cf07ad-056c-43b5-a685-4e28a5dc5f9c","properties":{"stationUuid":"66cf07ad-056c-43b5-a685-4e28a5dc5f9c","name":"Radio Emanuel Crestin","country":"Romania","countryCode":"RO","language":"românä","freqLabel":null,"streamUrl":"https://cast6.my-control-panel.com/proxy/radio_emanuel_crestin/stream","codec":"MP3","votes":0},"geometry":{"type":"Point","coordinates":[21.323947906494144,46.18313455532024]}},{"type":"Feature","id":"223e9062-c8a2-45ee-b6b9-c10f4be1fff0","properties":{"stationUuid":"223e9062-c8a2-45ee-b6b9-c10f4be1fff0","name":"Radio Energy Cugir - 87,9 FM","country":"Romania","countryCode":"RO","language":"românä","freqLabel":"87 FM","streamUrl":"https://sonicssl.namehost.ro/8790/stream","codec":"MP3","votes":42},"geometry":{"type":"Point","coordinates":[23.371138572692875,45.837434744760294]}},{"type":"Feature","id":"69681626-efe8-4990-abc6-61dc431eb44a","properties":{"stationUuid":"69681626-efe8-4990-abc6-61dc431eb44a","name":"Radio Extrem -Brăila","country":"Romania","countryCode":"RO","language":"română","freqLabel":null,"streamUrl":"https://radiolive.radio-extrem.com:8004/stream","codec":"MP3","votes":2},"geometry":{"type":"Point","coordinates":[27.9742705821991,45.27153265080982]}},{"type":"Feature","id":"23b2209c-ea10-4703-9660-c3eb595e8122","properties":{"stationUuid":"23b2209c-ea10-4703-9660-c3eb595e8122","name":"Radio Filadelfia Romania","country":"Romania","countryCode":"RO","language":"english,german,romanian","freqLabel":null,"streamUrl":"https://live.radiofiladelfia.ro/filadelfia_128.aac","codec":"AAC","votes":25},"geometry":{"type":"Point","coordinates":[26.015625,44.490235432903816]}},{"type":"Feature","id":"ee7abbd2-4195-4e48-8424-743533cbf74f","properties":{"stationUuid":"ee7abbd2-4195-4e48-8424-743533cbf74f","name":"Radio Flacăra Rusaliilor","country":"Romania","countryCode":"RO","language":"românä","freqLabel":null,"streamUrl":"https://stream.radio-flacararusaliilor.ro/stream","codec":"MP3","votes":4},"geometry":{"type":"Point","coordinates":[22.13084220886231,46.37239242115252]}},{"type":"Feature","id":"a887395d-559c-4955-8abb-997ee8631783","properties":{"stationUuid":"a887395d-559c-4955-8abb-997ee8631783","name":"RADIO FOLCLOR AUTENTIC ROMÂNIA","country":"Romania","countryCode":"RO","language":"românä","freqLabel":null,"streamUrl":"https://stream-178.surfernetwork.com/9gmprxrd6nhvv?zt=eyJhbGciOiJIUzI1NiJ9.eyJzdHJlYW0iOiI5Z21wcnhyZDZuaHZ2IiwiaG9zdCI6InN0cmVhbS0xNzguc3VyZmVybmV0d29yay5jb20iLCJ0bSI6ZmFsc2UsInJ0dGwiOjUsImp0aSI6InJJZk5VOGE3U0xpVTdsVmVsWWpsX3ciLCJpYXQiOjE3ODk5Nzk1MDksImV4cCI6MTc4OTk3OTU2OX0.-BCRUR4CcmxqQq9AXDXqkZJGszMFxFhk2rmxqDKDaNw","codec":"MP3","votes":2},"geometry":{"type":"Point","coordinates":[22.34903991222382,46.66771207098536]}},{"type":"Feature","id":"29e9a882-98c2-4c5d-884d-ad9cb0129bcb","properties":{"stationUuid":"29e9a882-98c2-4c5d-884d-ad9cb0129bcb","name":"Radio Folclor Buzău FM -Buzău","country":"Romania","countryCode":"RO","language":"română","freqLabel":null,"streamUrl":"https://live.radiofolclorbuzaufm.ro:8910/stream","codec":"MP3","votes":0},"geometry":{"type":"Point","coordinates":[26.816975176334385,45.156027203563085]}},{"type":"Feature","id":"135c2f61-022d-4bfd-8300-14ac06e8a063","properties":{"stationUuid":"135c2f61-022d-4bfd-8300-14ac06e8a063","name":"Rádió GaGa Marosszék","country":"Romania","countryCode":"RO","language":"hungarian","freqLabel":null,"streamUrl":"https://a3.my-control-panel.com:6660/radio.mp3?1709995925","codec":"MP3","votes":15},"geometry":{"type":"Point","coordinates":[24.562793076038364,46.546545420220134]}},{"type":"Feature","id":"aff54a6e-1d1c-43f7-a3cb-d29129ec84b7","properties":{"stationUuid":"aff54a6e-1d1c-43f7-a3cb-d29129ec84b7","name":"Radio Giurgiu AI","country":"Romania","countryCode":"RO","language":"romanian,spanish","freqLabel":null,"streamUrl":"https://a6.asurahosting.com:7030/radio.mp3?rnd=1786626073077","codec":"MP3","votes":0},"geometry":{"type":"Point","coordinates":[25.9699,43.9037]}},{"type":"Feature","id":"349eb141-0bed-4fc9-a923-0076f0c8c0c0","properties":{"stationUuid":"349eb141-0bed-4fc9-a923-0076f0c8c0c0","name":"Radio Giurgiu AI","country":"Romania","countryCode":"RO","language":"italian,romanian,spanish","freqLabel":null,"streamUrl":"https://a6.asurahosting.com:7030/radio.mp3?rnd=1786626073077","codec":"MP3","votes":0},"geometry":{"type":"Point","coordinates":[25.9699,43.9037]}},{"type":"Feature","id":"cd2ff65c-4efc-4074-a75a-fabdba74fbdb","properties":{"stationUuid":"cd2ff65c-4efc-4074-a75a-fabdba74fbdb","name":"Radio Giurgiu AI","country":"Romania","countryCode":"RO","language":"english,german,italian,romanian,spanish","freqLabel":null,"streamUrl":"https://a6.asurahosting.com:7030/radio.mp3?rnd=1786626073077","codec":"MP3","votes":0},"geometry":{"type":"Point","coordinates":[25.9699,43.9037]}},{"type":"Feature","id":"4c66b607-d6a7-4d79-9a30-32792194e6b1","properties":{"stationUuid":"4c66b607-d6a7-4d79-9a30-32792194e6b1","name":"Radio GMusic Dance","country":"Romania","countryCode":"RO","language":null,"freqLabel":null,"streamUrl":"https://s10.webradio-hosting.com/proxy/rgmdance/stream","codec":"MP3","votes":12},"geometry":{"type":"Point","coordinates":[26.113603565605544,44.439663223436106]}},{"type":"Feature","id":"e5cf6171-d3aa-4212-9417-1d69cf218b3a","properties":{"stationUuid":"e5cf6171-d3aa-4212-9417-1d69cf218b3a","name":"Radio GMusic Funky","country":"Romania","countryCode":"RO","language":null,"freqLabel":null,"streamUrl":"https://play.webradio-hosting.com:8036/stream","codec":"MP3","votes":14},"geometry":{"type":"Point","coordinates":[26.11406959607564,44.44016420243205]}},{"type":"Feature","id":"b42ed869-184a-405f-8d66-15547ceaae69","properties":{"stationUuid":"b42ed869-184a-405f-8d66-15547ceaae69","name":"Radio GMusic Relax","country":"Romania","countryCode":"RO","language":null,"freqLabel":null,"streamUrl":"https://play.webradio-hosting.com:8002/stream","codec":"MP3","votes":16},"geometry":{"type":"Point","coordinates":[26.113737902563905,44.43981413037843]}},{"type":"Feature","id":"f062a978-cb09-46b6-b76f-33a7a3425f13","properties":{"stationUuid":"f062a978-cb09-46b6-b76f-33a7a3425f13","name":"Radio Gmusic Retro","country":"Romania","countryCode":"RO","language":null,"freqLabel":null,"streamUrl":"https://s9.webradio-hosting.com/proxy/rgmretro/stream","codec":"MP3","votes":14},"geometry":{"type":"Point","coordinates":[26.09894087382325,44.43485161480621]}},{"type":"Feature","id":"4f32db1d-806d-44f1-8c8b-30195ddb66db","properties":{"stationUuid":"4f32db1d-806d-44f1-8c8b-30195ddb66db","name":"Radio GMusic Rock","country":"Romania","countryCode":"RO","language":null,"freqLabel":null,"streamUrl":"https://s9.webradio-hosting.com/proxy/rgmrock/stream","codec":"MP3","votes":8},"geometry":{"type":"Point","coordinates":[26.113683420796526,44.43976510485469]}},{"type":"Feature","id":"6d65bdbd-fa4f-4e36-af56-f6bb6f4f5992","properties":{"stationUuid":"6d65bdbd-fa4f-4e36-af56-f6bb6f4f5992","name":"Radio GMusic Soft","country":"Romania","countryCode":"RO","language":null,"freqLabel":null,"streamUrl":"https://s9.webradio-hosting.com/proxy/rgmsoft/stream","codec":"MP3","votes":16},"geometry":{"type":"Point","coordinates":[26.113716264810556,44.43980647013576]}},{"type":"Feature","id":"d7aabb31-6928-4ef3-82e6-885635dd2209","properties":{"stationUuid":"d7aabb31-6928-4ef3-82e6-885635dd2209","name":"Radio GMusic Trap","country":"Romania","countryCode":"RO","language":null,"freqLabel":null,"streamUrl":"https://s9.webradio-hosting.com/proxy/rgmtrap/stream","codec":"MP3","votes":22},"geometry":{"type":"Point","coordinates":[26.113715125692156,44.43978578749888]}},{"type":"Feature","id":"bf68ba8b-528f-4c86-a13c-05b2947e47c9","properties":{"stationUuid":"bf68ba8b-528f-4c86-a13c-05b2947e47c9","name":"Radio Gosen Romania - Sângeorz-Bai BN","country":"Romania","countryCode":"RO","language":"română","freqLabel":null,"streamUrl":"https://sp.totalstreaming.net/8125/stream","codec":"MP3","votes":0},"geometry":{"type":"Point","coordinates":[24.670572280883793,47.36817143783912]}},{"type":"Feature","id":"68074f02-d320-4e1e-9b94-5d1a5f2ae6e2","properties":{"stationUuid":"68074f02-d320-4e1e-9b94-5d1a5f2ae6e2","name":"Radio Ideal","country":"Romania","countryCode":"RO","language":"românä","freqLabel":null,"streamUrl":"https://radio.gazduirejocuri.ro/8014/stream","codec":"MP3","votes":5},"geometry":{"type":"Point","coordinates":[21.324720382690433,46.18362184181982]}},{"type":"Feature","id":"76b0da5b-e0ad-442e-8d6c-2296dbbcd777","properties":{"stationUuid":"76b0da5b-e0ad-442e-8d6c-2296dbbcd777","name":"Radio Impuls -Cluj Napoca 101,5 FM","country":"Romania","countryCode":"RO","language":"română","freqLabel":"101 FM","streamUrl":"https://live.radio-impuls.ro/stream","codec":"MP3","votes":12},"geometry":{"type":"Point","coordinates":[23.589819073677067,46.76951135533627]}},{"type":"Feature","id":"00d1815f-8752-472b-8e1f-805431e96952","properties":{"stationUuid":"00d1815f-8752-472b-8e1f-805431e96952","name":"Radio Impuls Romania","country":"Romania","countryCode":"RO","language":"romanian","freqLabel":null,"streamUrl":"https://live.radio-impuls.ro/stream","codec":"MP3","votes":758},"geometry":{"type":"Point","coordinates":[26.07328176498413,44.47111000609648]}},{"type":"Feature","id":"133fdf37-9d5a-45fc-900d-743f1a5b11a3","properties":{"stationUuid":"133fdf37-9d5a-45fc-900d-743f1a5b11a3","name":"Radio Killer Turda","country":"Romania","countryCode":"RO","language":"română","freqLabel":null,"streamUrl":"https://s47.myradiostream.com/16234/listen.mp3","codec":"MP3","votes":0},"geometry":{"type":"Point","coordinates":[23.779896497726444,46.56493586138179]}},{"type":"Feature","id":"c0f6499f-1a00-40a9-b728-c01392173724","properties":{"stationUuid":"c0f6499f-1a00-40a9-b728-c01392173724","name":"Rádio Koko","country":"Romania","countryCode":"RO","language":null,"freqLabel":null,"streamUrl":"https://az10.yesstreaming.net:8210/radiokoko","codec":"MP3","votes":149},"geometry":{"type":"Point","coordinates":[24.573151767253876,46.54774079189473]}},{"type":"Feature","id":"e454f75a-3ca2-4def-88b9-0dcaf2961bda","properties":{"stationUuid":"e454f75a-3ca2-4def-88b9-0dcaf2961bda","name":"Rádió Koko","country":"Romania","countryCode":"RO","language":null,"freqLabel":null,"streamUrl":"https://az10.yesstreaming.net:8210/radiokoko","codec":"MP3","votes":12},"geometry":{"type":"Point","coordinates":[24.57316786050797,46.54770020872018]}},{"type":"Feature","id":"7f445664-5c1c-4ac9-a63c-bc210dd0bbeb","properties":{"stationUuid":"7f445664-5c1c-4ac9-a63c-bc210dd0bbeb","name":"Radio Liberty Dance -București","country":"Romania","countryCode":"RO","language":"română","freqLabel":null,"streamUrl":"https://sonicssl.namehost.ro/1989/stream","codec":"MP3","votes":7},"geometry":{"type":"Point","coordinates":[26.10246151685715,44.43554492143038]}},{"type":"Feature","id":"7ee5c879-79b2-4dd6-9f2b-a0d3f8ee0203","properties":{"stationUuid":"7ee5c879-79b2-4dd6-9f2b-a0d3f8ee0203","name":"Radio Liberty Manele -București","country":"Romania","countryCode":"RO","language":"română","freqLabel":null,"streamUrl":"https://sonicssl.namehost.ro/7770/stream","codec":"MP3","votes":7},"geometry":{"type":"Point","coordinates":[26.10248297452927,44.435548751831206]}},{"type":"Feature","id":"cde5191b-7c92-4646-9d28-08a1728fef04","properties":{"stationUuid":"cde5191b-7c92-4646-9d28-08a1728fef04","name":"Radio Liberty Mixt -București","country":"Romania","countryCode":"RO","language":"română","freqLabel":null,"streamUrl":"https://sonicpanel.namehost.ro:1989/stream","codec":"MP3","votes":1},"geometry":{"type":"Point","coordinates":[26.102469563484195,44.43552500329536]}},{"type":"Feature","id":"77a33269-000b-4704-afc6-d4e138c0691b","properties":{"stationUuid":"77a33269-000b-4704-afc6-d4e138c0691b","name":"Radio Liberty Muzică Românească -București","country":"Romania","countryCode":"RO","language":"română","freqLabel":null,"streamUrl":"https://sonicssl.namehost.ro/7060/stream","codec":"MP3","votes":7},"geometry":{"type":"Point","coordinates":[26.10247761011124,44.43555258223176]}},{"type":"Feature","id":"0bffc2f6-118d-464c-9a8b-773b491f5a4e","properties":{"stationUuid":"0bffc2f6-118d-464c-9a8b-773b491f5a4e","name":"Radio Liberty Oldies -București","country":"Romania","countryCode":"RO","language":"română","freqLabel":null,"streamUrl":"https://sonicssl.namehost.ro/7790/stream","codec":"MP3","votes":2},"geometry":{"type":"Point","coordinates":[26.10246688127518,44.43554109102932]}},{"type":"Feature","id":"91489528-5351-4616-a3b5-fc724f5cef1b","properties":{"stationUuid":"91489528-5351-4616-a3b5-fc724f5cef1b","name":"Radio Liberty Popular -București","country":"Romania","countryCode":"RO","language":"română","freqLabel":null,"streamUrl":"https://sonicssl.namehost.ro/7780/stream","codec":"MP3","votes":2},"geometry":{"type":"Point","coordinates":[26.10246688127518,44.435564073431934]}},{"type":"Feature","id":"9986a330-22ef-46ff-9b81-4c47720c549e","properties":{"stationUuid":"9986a330-22ef-46ff-9b81-4c47720c549e","name":"Radio Liberty Slagare -București","country":"Romania","countryCode":"RO","language":"română","freqLabel":null,"streamUrl":"https://sonicssl.namehost.ro/7050/stream","codec":"MP3","votes":3},"geometry":{"type":"Point","coordinates":[26.10244542360306,44.43555641263208]}},{"type":"Feature","id":"1bb0a883-cea4-4fa5-811a-960920e7727c","properties":{"stationUuid":"1bb0a883-cea4-4fa5-811a-960920e7727c","name":"Radio LTU","country":"Romania","countryCode":"RO","language":null,"freqLabel":null,"streamUrl":"https://panel.radiocast.net/listen/radio_ltu/radio.mp3","codec":"MP3","votes":1},"geometry":{"type":"Point","coordinates":[26.109008789062504,44.416248773204174]}},{"type":"Feature","id":"9b8cc7dc-e274-4cb2-b25d-4e06f6b2eb34","properties":{"stationUuid":"9b8cc7dc-e274-4cb2-b25d-4e06f6b2eb34","name":"Radio M Plus - Targu Neamt","country":"Romania","countryCode":"RO","language":"romanian","freqLabel":null,"streamUrl":"https://s4.ssl-stream.com:7880/live","codec":"AAC","votes":2},"geometry":{"type":"Point","coordinates":[26.35980606079102,47.20520217778545]}},{"type":"Feature","id":"8ee0a50f-7043-477a-b859-7c10fbb2da7d","properties":{"stationUuid":"8ee0a50f-7043-477a-b859-7c10fbb2da7d","name":"Radio Manele Vechi","country":"Romania","countryCode":"RO","language":"romanian","freqLabel":null,"streamUrl":"https://mars.streamerr.co/radiomanelevechi","codec":"MP3","votes":4},"geometry":{"type":"Point","coordinates":[26.5969827586207,43.962673383661915]}},{"type":"Feature","id":"b46346b0-aab6-4501-8d04-ded11df0413b","properties":{"stationUuid":"b46346b0-aab6-4501-8d04-ded11df0413b","name":"Radio Maria Romania -Oradea 102,2 FM","country":"Romania","countryCode":"RO","language":"românä","freqLabel":"102 FM","streamUrl":"https://dreamsiteradiocp2.com/proxy/rmromania2?mp=/stream","codec":"MP3","votes":2},"geometry":{"type":"Point","coordinates":[21.907510757446293,47.07440088875498]}},{"type":"Feature","id":"a62982e4-be6f-4725-84ba-e34b70de6aed","properties":{"stationUuid":"a62982e4-be6f-4725-84ba-e34b70de6aed","name":"Radio Maryo 2018 -Botoșani","country":"Romania","countryCode":"RO","language":"română","freqLabel":null,"streamUrl":"https://asculta.muzicaok.de:10986/stream","codec":"MP3","votes":1},"geometry":{"type":"Point","coordinates":[26.6469419002533,47.750877931855925]}},{"type":"Feature","id":"02627386-70a4-43bd-962f-e27678050295","properties":{"stationUuid":"02627386-70a4-43bd-962f-e27678050295","name":"Radio Mellomania -Cluj Napoca 96,3 FM","country":"Romania","countryCode":"RO","language":"română","freqLabel":"96 FM","streamUrl":"https://radio.sonicpanel.ro/8036/stream","codec":"MP3","votes":2},"geometry":{"type":"Point","coordinates":[23.589832484722137,46.76953413589493]}},{"type":"Feature","id":"e50fd633-f0ce-4961-83f8-42faad534683","properties":{"stationUuid":"e50fd633-f0ce-4961-83f8-42faad534683","name":"RADIO NEWS ROMÂNIA FM -Botoșani","country":"Romania","countryCode":"RO","language":"română","freqLabel":null,"streamUrl":"https://stream-177.surfernetwork.com/7aawq7feqrhvv?zt=eyJhbGciOiJIUzI1NiJ9.eyJzdHJlYW0iOiI3YWF3cTdmZXFyaHZ2IiwiaG9zdCI6InN0cmVhbS0xNzcuc3VyZmVybmV0d29yay5jb20iLCJ0bSI6ZmFsc2UsInJ0dGwiOjUsImp0aSI6IkFhU2xZT0tqUm91eGFYM1g2UC1BaWciLCJpYXQiOjE3ODk5NjQ3NTYsImV4cCI6MTc4OTk2NDgxNn0.IzsSnhrKB5_-BsrwXm9OdaXdRbm11HXNyPos0Qx1FsQ","codec":"MP3","votes":3},"geometry":{"type":"Point","coordinates":[26.64686679840088,47.750854847829466]}},{"type":"Feature","id":"352c141e-4547-4141-8ff7-9b6ed3668150","properties":{"stationUuid":"352c141e-4547-4141-8ff7-9b6ed3668150","name":"RADIO OK -Cluj Napoca","country":"Romania","countryCode":"RO","language":"română","freqLabel":null,"streamUrl":"https://radio.sonicpanel.ro/8058/stream","codec":"MP3","votes":1},"geometry":{"type":"Point","coordinates":[23.589811027050025,46.76954148444571]}},{"type":"Feature","id":"71b26ff0-d4ae-48a9-857f-d3290459ba02","properties":{"stationUuid":"71b26ff0-d4ae-48a9-857f-d3290459ba02","name":"Radio Oradea","country":"Romania","countryCode":"RO","language":"română","freqLabel":null,"streamUrl":"https://live.radiooradea.ro/9000/stream","codec":"MP3","votes":2},"geometry":{"type":"Point","coordinates":[21.90757513046265,47.074503184603536]}},{"type":"Feature","id":"1980e42d-4ac0-4c0b-bfd2-9b9155300f0d","properties":{"stationUuid":"1980e42d-4ac0-4c0b-bfd2-9b9155300f0d","name":"Radio Orion FM -Câmpulung Muscel 96,6 FM","country":"Romania","countryCode":"RO","language":"românä","freqLabel":"96 FM","streamUrl":"https://cast.orionfm.ro/listen/orion/public.mp3","codec":"MP3","votes":5},"geometry":{"type":"Point","coordinates":[25.05844116210938,45.2904432361871]}},{"type":"Feature","id":"41a85a5c-a990-4659-bee9-be8cfecfb134","properties":{"stationUuid":"41a85a5c-a990-4659-bee9-be8cfecfb134","name":"Radio Palimaru -Botoșani","country":"Romania","countryCode":"RO","language":"română","freqLabel":null,"streamUrl":"https://stream.zeno.fm/ucv7qkghkf9uv","codec":"MP3","votes":2},"geometry":{"type":"Point","coordinates":[26.646850705146793,47.75079281149396]}},{"type":"Feature","id":"0898dec2-aa64-44c8-8d2e-215f9ad47236","properties":{"stationUuid":"0898dec2-aa64-44c8-8d2e-215f9ad47236","name":"Radio Pitesteanu Romania","country":"Romania","countryCode":"RO","language":"românä","freqLabel":null,"streamUrl":"https://radio.sonicpanel.ro/8220/stream","codec":"MP3","votes":1},"geometry":{"type":"Point","coordinates":[24.868712425231937,44.861368836741065]}},{"type":"Feature","id":"87a9a869-a228-4cd7-9537-d4732651c9f5","properties":{"stationUuid":"87a9a869-a228-4cd7-9537-d4732651c9f5","name":"Radio Pitești Rociu","country":"Romania","countryCode":"RO","language":"românä","freqLabel":null,"streamUrl":"https://stream.zeno.fm/7zb4u1eewf9uv","codec":"MP3","votes":1},"geometry":{"type":"Point","coordinates":[25.0473153591156,44.676509897620576]}},{"type":"Feature","id":"33c37981-94cb-4e84-b51f-a44acfaee1ab","properties":{"stationUuid":"33c37981-94cb-4e84-b51f-a44acfaee1ab","name":"Radio Poetic -Buzău","country":"Romania","countryCode":"RO","language":"românä","freqLabel":null,"streamUrl":"https://asculta.muzicaok.de:8054/stream","codec":"MP3","votes":1},"geometry":{"type":"Point","coordinates":[26.816980540752414,45.156015854943945]}},{"type":"Feature","id":"502083b9-6a7a-4fc8-be35-52079c0104c5","properties":{"stationUuid":"502083b9-6a7a-4fc8-be35-52079c0104c5","name":"Radio Reîntregirea","country":"Romania","countryCode":"RO","language":"romanian","freqLabel":null,"streamUrl":"https://live.reintregirea.ro/","codec":"MP3","votes":9},"geometry":{"type":"Point","coordinates":[23.570139280637484,46.068085780170136]}},{"type":"Feature","id":"2750ae68-3600-451d-a370-633097cd9613","properties":{"stationUuid":"2750ae68-3600-451d-a370-633097cd9613","name":"Radio Renașterea -Bistrița 102 FM","country":"Romania","countryCode":"RO","language":"română","freqLabel":"102 FM","streamUrl":"https://cast1.asurahosting.com/proxy/arhiepis/stream","codec":"MP3","votes":0},"geometry":{"type":"Point","coordinates":[24.496110677719116,47.132268942435225]}},{"type":"Feature","id":"78d3d996-d00a-4476-90fb-add4b66cfcb9","properties":{"stationUuid":"78d3d996-d00a-4476-90fb-add4b66cfcb9","name":"Radio Renașterea -Cluj Napoca 91,0 FM","country":"Romania","countryCode":"RO","language":"română","freqLabel":"91 FM","streamUrl":"https://cast1.asurahosting.com/proxy/arhiepis/stream","codec":"MP3","votes":1},"geometry":{"type":"Point","coordinates":[23.589805662631992,46.76953413589493]}},{"type":"Feature","id":"701fcd20-6e49-4cc4-8623-a3d7be03b5d8","properties":{"stationUuid":"701fcd20-6e49-4cc4-8623-a3d7be03b5d8","name":"Radio Romantic","country":"Romania","countryCode":"RO","language":null,"freqLabel":null,"streamUrl":"https://radio-romantic.ro/stream","codec":"MP3","votes":71},"geometry":{"type":"Point","coordinates":[26.10247224569321,44.42676102037237]}},{"type":"Feature","id":"e20bf96a-cee9-42a2-aa07-89034f2933eb","properties":{"stationUuid":"e20bf96a-cee9-42a2-aa07-89034f2933eb","name":"Radio Romantic","country":"Romania","countryCode":"RO","language":"romanian","freqLabel":null,"streamUrl":"https://radio-romantic.ro/stream","codec":"MP3","votes":143},"geometry":{"type":"Point","coordinates":[26.10263586044312,44.42635631220195]}},{"type":"Feature","id":"09f76ef5-12a7-433f-a1c6-8b3351b9f96a","properties":{"stationUuid":"09f76ef5-12a7-433f-a1c6-8b3351b9f96a","name":"Radio Stres Romania -Călărași","country":"Romania","countryCode":"RO","language":"română","freqLabel":null,"streamUrl":"https://sonicpanel.namehost.ro:8402/stream","codec":"MP3","votes":1},"geometry":{"type":"Point","coordinates":[27.328193485736847,44.194219896569905]}},{"type":"Feature","id":"f2a31704-d682-44f9-94ea-701f3f60cf3d","properties":{"stationUuid":"f2a31704-d682-44f9-94ea-701f3f60cf3d","name":"Radio Suflet Iubit 2022 -Mioveni AG","country":"Romania","countryCode":"RO","language":"română","freqLabel":null,"streamUrl":"https://sonicpanel.namehost.ro:7824/stream","codec":"MP3","votes":0},"geometry":{"type":"Point","coordinates":[24.925189018249515,44.946989500075695]}},{"type":"Feature","id":"1c0da841-1ca8-4210-a229-e62a31da14e8","properties":{"stationUuid":"1c0da841-1ca8-4210-a229-e62a31da14e8","name":"Radio Supersonic -Buzău","country":"Romania","countryCode":"RO","language":"română","freqLabel":null,"streamUrl":"https://s5.radio.co/s08e5c5875/listen","codec":"MP3","votes":2},"geometry":{"type":"Point","coordinates":[26.816985905170444,45.156038552179965]}},{"type":"Feature","id":"7f8b3cdd-a719-4082-964d-faa03550f098","properties":{"stationUuid":"7f8b3cdd-a719-4082-964d-faa03550f098","name":"radio teatru romînia -Brăila","country":"Romania","countryCode":"RO","language":"română","freqLabel":null,"streamUrl":"https://stream-179.surfernetwork.com/cb4dyqnat4itv?zt=eyJhbGciOiJIUzI1NiJ9.eyJzdHJlYW0iOiJjYjRkeXFuYXQ0aXR2IiwiaG9zdCI6InN0cmVhbS0xNzkuc3VyZmVybmV0d29yay5jb20iLCJ0bSI6ZmFsc2UsInJ0dGwiOjUsImp0aSI6ImxYMnkzX0FJU3NLbmxQWUhLeThYM2ciLCJpYXQiOjE3OTAwMDA5ODUsImV4cCI6MTc5MDAwMTA0NX0.beCQiUhI1YTx6rdQmetCH5m0bypSRHIp3q_7CRZ5vQU","codec":"MP3","votes":8},"geometry":{"type":"Point","coordinates":[27.97423839569092,45.27153114063874]}},{"type":"Feature","id":"c4ef6795-c1bf-47bb-a772-f4c48649fb31","properties":{"stationUuid":"c4ef6795-c1bf-47bb-a772-f4c48649fb31","name":"Radio Top Suceava","country":"Romania","countryCode":"RO","language":null,"freqLabel":null,"streamUrl":"https://live.radiotop.ro/radio/8000/radio.mp3","codec":"MP3","votes":103},"geometry":{"type":"Point","coordinates":[26.241531372070316,47.64226084847303]}},{"type":"Feature","id":"c340798a-76c1-4c50-aab6-e0b832ff8113","properties":{"stationUuid":"c340798a-76c1-4c50-aab6-e0b832ff8113","name":"Radio Trandafirul Rosu -Oradea","country":"Romania","countryCode":"RO","language":"română","freqLabel":null,"streamUrl":"https://stream.zeno.fm/46mdd8ebdchvv","codec":"MP3","votes":0},"geometry":{"type":"Point","coordinates":[21.9075483083725,47.074563831469106]}},{"type":"Feature","id":"d57004f1-3258-4908-a979-853ba61aa450","properties":{"stationUuid":"d57004f1-3258-4908-a979-853ba61aa450","name":"Radio Transilvania - Turda 89,9 FM","country":"Romania","countryCode":"RO","language":"română","freqLabel":"89 FM","streamUrl":"https://stream2.radiotransilvania.ro/Cluj","codec":"MP3","votes":0},"geometry":{"type":"Point","coordinates":[23.77982944250107,46.56497495652073]}},{"type":"Feature","id":"da60a4ac-02a1-4718-887e-606f65e8120d","properties":{"stationUuid":"da60a4ac-02a1-4718-887e-606f65e8120d","name":"Radio Transilvania -Cluj Napoca 94,5 FM","country":"Romania","countryCode":"RO","language":"română","freqLabel":"94 FM","streamUrl":"https://stream2.radiotransilvania.ro/Cluj","codec":"MP3","votes":2},"geometry":{"type":"Point","coordinates":[23.58982175588608,46.76953413589493]}},{"type":"Feature","id":"ad43b48e-4ba6-455d-8146-282823fc0142","properties":{"stationUuid":"ad43b48e-4ba6-455d-8146-282823fc0142","name":"Radio Turda 107.7 FM","country":"Romania","countryCode":"RO","language":"romania","freqLabel":"107.7 FM","streamUrl":"https://live.aftech.ro/radio/8010/radio.mp3","codec":"MP3","votes":2},"geometry":{"type":"Point","coordinates":[23.77994384417976,46.56488275150286]}},{"type":"Feature","id":"71578eb8-ac25-44d6-bdfd-cf1a66aedba5","properties":{"stationUuid":"71578eb8-ac25-44d6-bdfd-cf1a66aedba5","name":"Radio Valori Românești -Cluj Napoca","country":"Romania","countryCode":"RO","language":"română","freqLabel":null,"streamUrl":"https://securestreams6.autopo.st:2250/stream","codec":"MP3","votes":6},"geometry":{"type":"Point","coordinates":[23.589811027050025,46.76953413589493]}},{"type":"Feature","id":"14e96c67-e13d-4279-a6e5-aab2c3e204f5","properties":{"stationUuid":"14e96c67-e13d-4279-a6e5-aab2c3e204f5","name":"Radio Vocea Creștinilor","country":"Romania","countryCode":"RO","language":"românä","freqLabel":null,"streamUrl":"https://listen.radioking.com/radio/494884/stream/551902","codec":"MP3","votes":2},"geometry":{"type":"Point","coordinates":[21.325149536132816,46.18384765498867]}},{"type":"Feature","id":"879a826f-a2a8-49d7-ba7b-51cf7c39a4cf","properties":{"stationUuid":"879a826f-a2a8-49d7-ba7b-51cf7c39a4cf","name":"Radio Voces Campi -Călărași 101,1 FM","country":"Romania","countryCode":"RO","language":"română","freqLabel":"101 FM","streamUrl":"https://vocescampi.ro:8443/;","codec":"MP3","votes":0},"geometry":{"type":"Point","coordinates":[27.328188121318817,44.19421605038434]}},{"type":"Feature","id":"ce4cdb7e-ee90-47e7-9524-6404ece30262","properties":{"stationUuid":"ce4cdb7e-ee90-47e7-9524-6404ece30262","name":"Radio Xtream Romania","country":"Romania","countryCode":"RO","language":"românä","freqLabel":null,"streamUrl":"https://asculta.radioxtream.com:8022/stream","codec":"MP3","votes":2},"geometry":{"type":"Point","coordinates":[26.9124698638916,46.57035578236827]}},{"type":"Feature","id":"6d5d259d-db1c-4128-bc30-455fb358ce1b","properties":{"stationUuid":"6d5d259d-db1c-4128-bc30-455fb358ce1b","name":"Radio Xtream Romania - Brăila","country":"Romania","countryCode":"RO","language":"română","freqLabel":null,"streamUrl":"https://asculta.radioxtream.com/8022/stream","codec":"MP3","votes":1},"geometry":{"type":"Point","coordinates":[27.974452972412113,45.271467717103334]}},{"type":"Feature","id":"e514a95f-c6d6-455d-8439-2cb83f7b6d02","properties":{"stationUuid":"e514a95f-c6d6-455d-8439-2cb83f7b6d02","name":"Radio-NNL","country":"Romania","countryCode":"RO","language":"românä","freqLabel":null,"streamUrl":"https://s54.radiolize.com/radio/8030/radio.mp3","codec":"AAC","votes":1},"geometry":{"type":"Point","coordinates":[24.673962593078617,45.14457302718352]}},{"type":"Feature","id":"d4475853-c179-4678-acc0-961438402ce3","properties":{"stationUuid":"d4475853-c179-4678-acc0-961438402ce3","name":"RadioDoamna -Bacău","country":"Romania","countryCode":"RO","language":"românä","freqLabel":null,"streamUrl":"https://stream.zeno.fm/qu8nargeashvv","codec":"MP3","votes":1},"geometry":{"type":"Point","coordinates":[26.91264152526856,46.57023777133621]}},{"type":"Feature","id":"a9e4278a-1822-412e-9806-f9be04402dd7","properties":{"stationUuid":"a9e4278a-1822-412e-9806-f9be04402dd7","name":"radiohit24","country":"Romania","countryCode":"RO","language":"english uk,română","freqLabel":null,"streamUrl":"https://stream.zeno.fm/udoudast0y8vv","codec":"MP3","votes":1},"geometry":{"type":"Point","coordinates":[21.90755367279053,47.07451779828016]}},{"type":"Feature","id":"13f2e28a-d77f-4315-b417-de792acaba5e","properties":{"stationUuid":"13f2e28a-d77f-4315-b417-de792acaba5e","name":"RadioPlay Dance Romania -Cluj Napoca","country":"Romania","countryCode":"RO","language":"română","freqLabel":null,"streamUrl":"https://mscp1.gazduireradio.ro:1130/stream","codec":"MP3","votes":21},"geometry":{"type":"Point","coordinates":[23.58980029821396,46.76953781017045]}},{"type":"Feature","id":"53429530-605b-4f2f-a79c-a52a06f2dfe5","properties":{"stationUuid":"53429530-605b-4f2f-a79c-a52a06f2dfe5","name":"RadioPlay Retro Romania -Cluj Napoca","country":"Romania","countryCode":"RO","language":"română","freqLabel":null,"streamUrl":"https://mscp1.gazduireradio.ro:1360/stream","codec":"MP3","votes":3},"geometry":{"type":"Point","coordinates":[23.589805662631992,46.76953781017045]}},{"type":"Feature","id":"00f47d7b-876c-463d-b457-b5bca2e1edba","properties":{"stationUuid":"00f47d7b-876c-463d-b457-b5bca2e1edba","name":"RadioPlay Trance Romania -Cluj Napoca","country":"Romania","countryCode":"RO","language":"română","freqLabel":null,"streamUrl":"https://mscp1.gazduireradio.ro:1220/stream","codec":"MP3","votes":5},"geometry":{"type":"Point","coordinates":[23.58981639146805,46.76953413589493]}},{"type":"Feature","id":"4e335b7e-4ceb-4786-a9e1-07969ab42f54","properties":{"stationUuid":"4e335b7e-4ceb-4786-a9e1-07969ab42f54","name":"Reintregirea","country":"Romania","countryCode":"RO","language":"romanian","freqLabel":null,"streamUrl":"https://live.reintregirea.ro/","codec":"MP3","votes":42},"geometry":{"type":"Point","coordinates":[23.56949329376221,46.06837459474812]}},{"type":"Feature","id":"ab00c555-d705-49d9-bd77-4ba970092112","properties":{"stationUuid":"ab00c555-d705-49d9-bd77-4ba970092112","name":"RelaxRO","country":"Romania","countryCode":"RO","language":"românä","freqLabel":null,"streamUrl":"https://stream.zeno.fm/ubbhw7w46mhuv","codec":"MP3","votes":4},"geometry":{"type":"Point","coordinates":[21.324656009674072,46.183645612291166]}},{"type":"Feature","id":"2b49a8fc-6c56-4e3c-b50e-aaa2f6854c6f","properties":{"stationUuid":"2b49a8fc-6c56-4e3c-b50e-aaa2f6854c6f","name":"Reménység Hangja Rádió -Cluj Napoca","country":"Romania","countryCode":"RO","language":"hungarian","freqLabel":null,"streamUrl":"https://live.rvs.ro/mg","codec":"AAC","votes":1},"geometry":{"type":"Point","coordinates":[23.58980029821396,46.76952678734313]}},{"type":"Feature","id":"a764ec3b-e258-4b51-9bea-20ab95b09370","properties":{"stationUuid":"a764ec3b-e258-4b51-9bea-20ab95b09370","name":"Replica Radio","country":"Romania","countryCode":"RO","language":"english","freqLabel":null,"streamUrl":"https://securestreams.autopo.st:2490/","codec":"MP3","votes":5},"geometry":{"type":"Point","coordinates":[23.546447753906257,46.73897828062092]}},{"type":"Feature","id":"12bd31f3-2ccd-4d70-8e2d-85e5d8f61fdc","properties":{"stationUuid":"12bd31f3-2ccd-4d70-8e2d-85e5d8f61fdc","name":"RoHolyDoctor","country":"Romania","countryCode":"RO","language":"românä","freqLabel":null,"streamUrl":"https://streaming.radioholydoctor.com/radio/8000/radio.mp3","codec":"MP3","votes":1},"geometry":{"type":"Point","coordinates":[21.32429122924805,46.18301570447624]}},{"type":"Feature","id":"d5133da1-0a20-4730-8d59-e325caa13515","properties":{"stationUuid":"d5133da1-0a20-4730-8d59-e325caa13515","name":"RoHolyDoctor -Holy Doctor Hungary Arad","country":"Romania","countryCode":"RO","language":"hungarian","freqLabel":null,"streamUrl":"https://streaming.radioholydoctor.com/radio/8010/radio.mp3","codec":"MP3","votes":0},"geometry":{"type":"Point","coordinates":[21.325149536132816,46.183740691353464]}},{"type":"Feature","id":"849f0b1c-3f34-4005-9114-ecabb8c46503","properties":{"stationUuid":"849f0b1c-3f34-4005-9114-ecabb8c46503","name":"Romantic Radio","country":"Romania","countryCode":"RO","language":"english,romanian,spanish","freqLabel":null,"streamUrl":"https://radio-romantic.ro/stream","codec":"MP3","votes":67},"geometry":{"type":"Point","coordinates":[26.102426648139954,44.42676778444015]}},{"type":"Feature","id":"cf05b462-0195-497b-88cf-8f2542417f64","properties":{"stationUuid":"cf05b462-0195-497b-88cf-8f2542417f64","name":"RVE Brașov -94,6 FM (Radio Vocea Evangheliei)","country":"Romania","countryCode":"RO","language":"română","freqLabel":"94 FM","streamUrl":"https://stream.rve-brasov.ro/rvebv.mp3","codec":"MP3","votes":2},"geometry":{"type":"Point","coordinates":[25.61127662658692,45.66358251489585]}},{"type":"Feature","id":"677cf3c7-9ce7-445b-916a-38c660d303dd","properties":{"stationUuid":"677cf3c7-9ce7-445b-916a-38c660d303dd","name":"RVE Cluj (Radio Vocea Evangheliei) -Cluj Napoca 88,3 FM","country":"Romania","countryCode":"RO","language":"română","freqLabel":"88 FM","streamUrl":"https://cj.rve.ro/rvecj.mp3","codec":"MP3","votes":0},"geometry":{"type":"Point","coordinates":[23.589805662631992,46.769530461619155]}},{"type":"Feature","id":"8bf51886-555a-4ac7-9ae6-b16ef3757f12","properties":{"stationUuid":"8bf51886-555a-4ac7-9ae6-b16ef3757f12","name":"Sighet FM -Sighetu Marmației 89.3 FM","country":"Romania","countryCode":"RO","language":"romania","freqLabel":"89.3 FM","streamUrl":"https://radio.zifer.ro/SighetFM","codec":"MP3","votes":4},"geometry":{"type":"Point","coordinates":[23.89345582017019,47.9284251958409]}},{"type":"Feature","id":"78b9c2cf-b2e2-430b-9f42-7fdd77872904","properties":{"stationUuid":"78b9c2cf-b2e2-430b-9f42-7fdd77872904","name":"Sinaia Radio Forever","country":"Romania","countryCode":"RO","language":"romania","freqLabel":null,"streamUrl":"https://ssl.asculta.live/8006/stream","codec":"MP3","votes":4},"geometry":{"type":"Point","coordinates":[25.56265271860388,45.33104760031715]}},{"type":"Feature","id":"7f55dd5d-fcf2-4341-a7cc-2fee9365f533","properties":{"stationUuid":"7f55dd5d-fcf2-4341-a7cc-2fee9365f533","name":"Sky FM - Radio Sky Constanța 101.1 FM","country":"Romania","countryCode":"RO","language":"romania","freqLabel":"101.1 FM","streamUrl":"https://live.radiosky.ro/radiosky.mp3","codec":"MP3","votes":5},"geometry":{"type":"Point","coordinates":[28.634817968231047,44.10833670254666]}},{"type":"Feature","id":"db7f2595-5f9b-4a2f-bc7a-360a44cf19e4","properties":{"stationUuid":"db7f2595-5f9b-4a2f-bc7a-360a44cf19e4","name":"Sky Radio Bucuresti","country":"Romania","countryCode":"RO","language":"romania","freqLabel":null,"streamUrl":"https://20593.live.streamtheworld.com/KNEIFM_SC","codec":"MP3","votes":4},"geometry":{"type":"Point","coordinates":[26.102485008327363,44.43553496242217]}},{"type":"Feature","id":"32a9e842-fe79-46c4-ad11-6b33578673c7","properties":{"stationUuid":"32a9e842-fe79-46c4-ad11-6b33578673c7","name":"Sky Sound Radio","country":"Romania","countryCode":"RO","language":"romania","freqLabel":null,"streamUrl":"https://puma.streemlion.com:1705/stream","codec":"MP3","votes":2},"geometry":{"type":"Point","coordinates":[26.10247455734664,44.43555028402653]}},{"type":"Feature","id":"8faf4620-09d5-43c9-8af6-8e3d7741b0c0","properties":{"stationUuid":"8faf4620-09d5-43c9-8af6-8e3d7741b0c0","name":"Sláger Rádió -Slager FM Sepsiszentgyörgy/Sfântu Gheorghe 105.9 FM","country":"Romania","countryCode":"RO","language":"hungarian","freqLabel":"105.9 FM","streamUrl":"https://slagerfm.netregator.hu:7813/slagerfm320.mp3","codec":"MP3","votes":9},"geometry":{"type":"Point","coordinates":[25.78694960471873,45.86492005901294]}},{"type":"Feature","id":"b3c02c44-6118-4808-9973-5b06b1fec1e7","properties":{"stationUuid":"b3c02c44-6118-4808-9973-5b06b1fec1e7","name":"Smart Radio - București 107.3 FM","country":"Romania","countryCode":"RO","language":"romania","freqLabel":"107.3 FM","streamUrl":"https://live.smartradio.ro:8443/live","codec":"AAC","votes":4},"geometry":{"type":"Point","coordinates":[26.10247470339881,44.43552730161849]}},{"type":"Feature","id":"125ad775-4045-420c-bfa3-c20057db6512","properties":{"stationUuid":"125ad775-4045-420c-bfa3-c20057db6512","name":"Smile FM Romania -Călărași-Oltenița","country":"Romania","countryCode":"RO","language":"romania","freqLabel":null,"streamUrl":"https://stream.zeno.fm/eexnxpddu0hvv","codec":"MP3","votes":1},"geometry":{"type":"Point","coordinates":[27.328828348974792,44.19490682096015]}},{"type":"Feature","id":"5eeb1b61-9472-4305-90ce-c6afe9d429d8","properties":{"stationUuid":"5eeb1b61-9472-4305-90ce-c6afe9d429d8","name":"Soft Rock Radio","country":"Romania","countryCode":"RO","language":"romania","freqLabel":null,"streamUrl":"https://gold.streamguys1.com/softrock.mp3","codec":"MP3","votes":24},"geometry":{"type":"Point","coordinates":[26.1025168777955,44.43550968180127]}},{"type":"Feature","id":"37fa8ad7-739a-46cb-973d-4aa4267ee90d","properties":{"stationUuid":"37fa8ad7-739a-46cb-973d-4aa4267ee90d","name":"Sona FM","country":"Romania","countryCode":"RO","language":null,"freqLabel":null,"streamUrl":"https://ssl.omegahost.ro/8026/stream","codec":"MP3","votes":1},"geometry":{"type":"Point","coordinates":[26.208042716480108,44.861466178040175]}},{"type":"Feature","id":"bfc28e28-7e7d-4756-96ae-b3f97a039835","properties":{"stationUuid":"bfc28e28-7e7d-4756-96ae-b3f97a039835","name":"Sona FM Dance","country":"Romania","countryCode":"RO","language":"romanian","freqLabel":null,"streamUrl":"https://ssl.omegahost.ro/8026/stream","codec":"MP3","votes":1},"geometry":{"type":"Point","coordinates":[26.040273189345477,44.97002309192545]}},{"type":"Feature","id":"dd1c37a0-9e58-46c4-9c9c-bdbd118c4e3a","properties":{"stationUuid":"dd1c37a0-9e58-46c4-9c9c-bdbd118c4e3a","name":"Sonic România","country":"Romania","countryCode":"RO","language":"romania","freqLabel":null,"streamUrl":"https://ssl.omegahost.ro:10958/;","codec":"MP3","votes":5},"geometry":{"type":"Point","coordinates":[26.018115528786726,44.94309241085417]}},{"type":"Feature","id":"674e42a0-fbfc-4a55-a8cb-901b0266b8bb","properties":{"stationUuid":"674e42a0-fbfc-4a55-a8cb-901b0266b8bb","name":"Sound Four You -Craiova 128.0 DAB","country":"Romania","countryCode":"RO","language":"romania","freqLabel":null,"streamUrl":"https://ssl.asculta.live/8222/stream","codec":"MP3","votes":3},"geometry":{"type":"Point","coordinates":[23.794423640816316,44.32125832515129]}},{"type":"Feature","id":"6a2b8486-b356-4d4b-9fe2-c8e8ac9da47f","properties":{"stationUuid":"6a2b8486-b356-4d4b-9fe2-c8e8ac9da47f","name":"SoundVibe Radio","country":"Romania","countryCode":"RO","language":"english","freqLabel":null,"streamUrl":"https://s4.radio.co/s599dc3645/listen","codec":"MP3","votes":2},"geometry":{"type":"Point","coordinates":[24.13634598255158,44.96298944268534]}},{"type":"Feature","id":"c9824c98-ccf4-4f45-8604-fdf4fa4a1271","properties":{"stationUuid":"c9824c98-ccf4-4f45-8604-fdf4fa4a1271","name":"SpaceFM Romania -SpaceFM Dance","country":"Romania","countryCode":"RO","language":"romania","freqLabel":null,"streamUrl":"https://spacefm.live/listen/spacefm_romania/spacefm192","codec":"MP3","votes":9},"geometry":{"type":"Point","coordinates":[26.102501924460736,44.43550968180127]}},{"type":"Feature","id":"6548c984-6d02-4090-b41a-319989ef6458","properties":{"stationUuid":"6548c984-6d02-4090-b41a-319989ef6458","name":"SpaceFM Romania -SpaceFM Deluxe","country":"Romania","countryCode":"RO","language":"romania","freqLabel":null,"streamUrl":"https://spacefm.live/listen/spacefm_deluxe/space-deluxe192","codec":"MP3","votes":2},"geometry":{"type":"Point","coordinates":[26.10247959047563,44.435538792823635]}},{"type":"Feature","id":"79e59ecf-ede3-431d-8083-b980dc06ef7a","properties":{"stationUuid":"79e59ecf-ede3-431d-8083-b980dc06ef7a","name":"SpaceFM Romania -SpaceFM Retro","country":"Romania","countryCode":"RO","language":"romania","freqLabel":null,"streamUrl":"https://retro.spacefm.live/listen/spacefm_retro/retro128","codec":"MP3","votes":5},"geometry":{"type":"Point","coordinates":[26.10249625012713,44.43549282798947]}},{"type":"Feature","id":"e6a3f442-3329-41a2-92db-a9959de4f882","properties":{"stationUuid":"e6a3f442-3329-41a2-92db-a9959de4f882","name":"SPRING Radio","country":"Romania","countryCode":"RO","language":"romania","freqLabel":null,"streamUrl":"https://eu3.fastcast4u.com/proxy/ioflorin","codec":"MP3","votes":0},"geometry":{"type":"Point","coordinates":[26.10249636411907,44.43550814960488]}},{"type":"Feature","id":"fc1c8e06-ede9-4ef5-b007-3bd6b1d025db","properties":{"stationUuid":"fc1c8e06-ede9-4ef5-b007-3bd6b1d025db","name":"Squad Radio Cluj-Napoca ","country":"Romania","countryCode":"RO","language":"english,romanian","freqLabel":null,"streamUrl":"https://a7.asurahosting.com/listen/squad_radio_floresti_/radio.mp3","codec":"MP3","votes":2},"geometry":{"type":"Point","coordinates":[23.49528996041045,46.74523882452312]}},{"type":"Feature","id":"543491d0-6200-4cba-b481-3dc25d3de29f","properties":{"stationUuid":"543491d0-6200-4cba-b481-3dc25d3de29f","name":"Stabil Pitești","country":"Romania","countryCode":"RO","language":"romania","freqLabel":null,"streamUrl":"https://live.radiostabilpitesti.eu/9986/stream","codec":"MP3","votes":2},"geometry":{"type":"Point","coordinates":[24.87188937154264,44.85598441082561]}},{"type":"Feature","id":"2df7a203-e2e8-4ccf-a7cd-300487883740","properties":{"stationUuid":"2df7a203-e2e8-4ccf-a7cd-300487883740","name":"Star Fm -Făgăraș 90.2 FM","country":"Romania","countryCode":"RO","language":"romania","freqLabel":"90.2 FM","streamUrl":"https://ssl.asculta.live:8310/;","codec":"MP3","votes":3},"geometry":{"type":"Point","coordinates":[24.97379053128025,45.84523185073962]}},{"type":"Feature","id":"80f5b127-5c16-4bc9-85ac-27d655f665ea","properties":{"stationUuid":"80f5b127-5c16-4bc9-85ac-27d655f665ea","name":"STAR FM România","country":"Romania","countryCode":"RO","language":"romania","freqLabel":null,"streamUrl":"https://asculta.muzicaok.de:8060/stream","codec":"MP3","votes":5},"geometry":{"type":"Point","coordinates":[26.10251227569852,44.43551351220439]}},{"type":"Feature","id":"e8487975-8066-4183-889d-f1815b7d5f46","properties":{"stationUuid":"e8487975-8066-4183-889d-f1815b7d5f46","name":"Star rádió","country":"Romania","countryCode":"RO","language":"hungarian","freqLabel":null,"streamUrl":"https://online.webcastradio.ro/star","codec":"AAC","votes":12},"geometry":{"type":"Point","coordinates":[25.29057562351227,46.300500124449826]}},{"type":"Feature","id":"171b2d6a-1c3c-41fb-83d4-f2f747b55bbe","properties":{"stationUuid":"171b2d6a-1c3c-41fb-83d4-f2f747b55bbe","name":"Star Rádió -Székelyudvarhely/Odorheiu Secuiesc 100.8 FM","country":"Romania","countryCode":"RO","language":"hungarian","freqLabel":"100.8 FM","streamUrl":"https://online.webcastradio.ro/star","codec":"AAC","votes":3},"geometry":{"type":"Point","coordinates":[25.296341824144523,46.305691705481536]}},{"type":"Feature","id":"222c4afd-c8c9-4d30-a401-8e9ad0d47be6","properties":{"stationUuid":"222c4afd-c8c9-4d30-a401-8e9ad0d47be6","name":"Stil FM Radio - Oltenița 88.2 FM","country":"Romania","countryCode":"RO","language":"romania","freqLabel":"88.2 FM","streamUrl":"https://sonic1-rbx.cloud-center.ro:7020/live","codec":"MP3","votes":2},"geometry":{"type":"Point","coordinates":[26.639480589587468,44.09118066776953]}},{"type":"Feature","id":"53e23b39-bcb5-48e8-afdb-5b0ab86cb845","properties":{"stationUuid":"53e23b39-bcb5-48e8-afdb-5b0ab86cb845","name":"Stil Mix -Radio Dance","country":"Romania","countryCode":"RO","language":"romania","freqLabel":null,"streamUrl":"https://stream.zeno.fm/fc2tinsbwjftv","codec":"AAC","votes":4},"geometry":{"type":"Point","coordinates":[27.4289296513461,45.84910832164006]}},{"type":"Feature","id":"39ad3c71-df68-4b64-a7de-23370c5bbcec","properties":{"stationUuid":"39ad3c71-df68-4b64-a7de-23370c5bbcec","name":"Stil Mix -Radio Manele","country":"Romania","countryCode":"RO","language":"romanian","freqLabel":null,"streamUrl":"https://stream.zeno.fm/87sktrysmuqtv","codec":"MP3","votes":171},"geometry":{"type":"Point","coordinates":[27.42894031962396,45.849112058227355]}},{"type":"Feature","id":"b09e7ff4-fa15-4d81-821b-ec7751c3b9ad","properties":{"stationUuid":"b09e7ff4-fa15-4d81-821b-ec7751c3b9ad","name":"Stil Mix Manele 107.9 MHz FM","country":"Romania","countryCode":"RO","language":"romania","freqLabel":"107.9 FM","streamUrl":"https://stream.zeno.fm/zt84vax7ptzuv","codec":"MP3","votes":227},"geometry":{"type":"Point","coordinates":[27.428944693737073,45.849112058227355]}},{"type":"Feature","id":"8891601d-4f22-45c5-8a81-4763748b1dcf","properties":{"stationUuid":"8891601d-4f22-45c5-8a81-4763748b1dcf","name":"Stil România -Radio Stil Dance","country":"Romania","countryCode":"RO","language":"romania","freqLabel":null,"streamUrl":"https://dance.radiostill.ro/8166/stream","codec":"MP3","votes":4},"geometry":{"type":"Point","coordinates":[25.45530674224878,44.933093327097296]}},{"type":"Feature","id":"7886e4be-9857-4a79-bd08-03d853ddbace","properties":{"stationUuid":"7886e4be-9857-4a79-bd08-03d853ddbace","name":"Stil România -Radio Stil Manele","country":"Romania","countryCode":"RO","language":"romania","freqLabel":null,"streamUrl":"https://mp3.radiostill.ro:8888/stream","codec":"MP3","votes":194},"geometry":{"type":"Point","coordinates":[25.455349166002808,44.93312370823544]}},{"type":"Feature","id":"d34701c3-de63-41cb-8a7b-e12a819a0958","properties":{"stationUuid":"d34701c3-de63-41cb-8a7b-e12a819a0958","name":"Stil România -Radio Stil Popular","country":"Romania","countryCode":"RO","language":"romania","freqLabel":null,"streamUrl":"https://popular.radiostill.ro/8176/stream","codec":"MP3","votes":4},"geometry":{"type":"Point","coordinates":[25.455412455850414,44.93297332136325]}},{"type":"Feature","id":"e561e946-673d-4363-ad6a-e51a7e804f69","properties":{"stationUuid":"e561e946-673d-4363-ad6a-e51a7e804f69","name":"Super FM -Brașov 93,8 FM","country":"Romania","countryCode":"RO","language":"română","freqLabel":"93 FM","streamUrl":"https://live.superfm.ro/stream.mp3","codec":"MP3","votes":2},"geometry":{"type":"Point","coordinates":[25.610890388488773,45.65279626420626]}},{"type":"Feature","id":"72cbb426-5481-4a9a-b07c-ca6c37dc6977","properties":{"stationUuid":"72cbb426-5481-4a9a-b07c-ca6c37dc6977","name":"Super FM -Brașov 93.8 FM","country":"Romania","countryCode":"RO","language":"romania","freqLabel":"93.8 FM","streamUrl":"https://live.superfm.ro/stream.mp3","codec":"MP3","votes":1},"geometry":{"type":"Point","coordinates":[25.611703756018137,45.65177632293549]}},{"type":"Feature","id":"1ea43fc4-22fe-4d13-b83c-62d8e831bdbc","properties":{"stationUuid":"1ea43fc4-22fe-4d13-b83c-62d8e831bdbc","name":"Super FM -Făgăraș 88.2 FM","country":"Romania","countryCode":"RO","language":"romania","freqLabel":"88.2 FM","streamUrl":"https://ssl.asculta.live:8308/;","codec":"MP3","votes":3},"geometry":{"type":"Point","coordinates":[24.973723336636404,45.84489104912805]}},{"type":"Feature","id":"b0e1799a-be39-4fde-8765-84d80f7a8224","properties":{"stationUuid":"b0e1799a-be39-4fde-8765-84d80f7a8224","name":"Super Fm Manele Prahova","country":"Romania","countryCode":"RO","language":"romania","freqLabel":null,"streamUrl":"https://asculta.superfmradio.ro/9720/stream","codec":"MP3","votes":214},"geometry":{"type":"Point","coordinates":[26.02378014786121,44.940342570524066]}},{"type":"Feature","id":"57edf0e2-6f3b-4103-981a-2e9d1e4294a2","properties":{"stationUuid":"57edf0e2-6f3b-4103-981a-2e9d1e4294a2","name":"Super Manele","country":"Romania","countryCode":"RO","language":"romania","freqLabel":null,"streamUrl":"https://stream.zeno.fm/w8461rwck5zuv","codec":"MP3","votes":269},"geometry":{"type":"Point","coordinates":[27.3851251016944,44.568189432692904]}},{"type":"Feature","id":"2d38b2e8-e66d-412e-87c4-0b49693296cf","properties":{"stationUuid":"2d38b2e8-e66d-412e-87c4-0b49693296cf","name":"Super Popular","country":"Romania","countryCode":"RO","language":"romania","freqLabel":null,"streamUrl":"https://stream.zeno.fm/8epw07pzm7zuv","codec":"MP3","votes":6},"geometry":{"type":"Point","coordinates":[27.38521076966467,44.56825669464368]}},{"type":"Feature","id":"a923100c-8c7a-4323-83ed-52e0c93cb6c8","properties":{"stationUuid":"a923100c-8c7a-4323-83ed-52e0c93cb6c8","name":"Supersonic Radio","country":"Romania","countryCode":"RO","language":"romania","freqLabel":null,"streamUrl":"https://s5.radio.co/s08e5c5875/listen","codec":"MP3","votes":2},"geometry":{"type":"Point","coordinates":[26.81676724918469,45.156022664069525]}},{"type":"Feature","id":"57f906f8-1c0e-46f4-a4f2-b69fc825d835","properties":{"stationUuid":"57f906f8-1c0e-46f4-a4f2-b69fc825d835","name":"Superstar_Vip","country":"Romania","countryCode":"RO","language":"romania","freqLabel":null,"streamUrl":"https://asculta.muzicaok.de:8020/stream","codec":"MP3","votes":1},"geometry":{"type":"Point","coordinates":[26.084451117238665,44.398533066953384]}},{"type":"Feature","id":"ce83f5dd-f12e-4224-af80-51ae2aa1e25f","properties":{"stationUuid":"ce83f5dd-f12e-4224-af80-51ae2aa1e25f","name":"Sweet FM","country":"Romania","countryCode":"RO","language":"romania","freqLabel":null,"streamUrl":"https://live.gofm.ro:2000/stream/SWEET/stream.mp3","codec":"MP3","votes":10},"geometry":{"type":"Point","coordinates":[26.10250645887502,44.435523471216264]}},{"type":"Feature","id":"b9066490-22a6-459d-957a-eadc1e97ed35","properties":{"stationUuid":"b9066490-22a6-459d-957a-eadc1e97ed35","name":"Sweet Vibes Radio","country":"Romania","countryCode":"RO","language":"romania","freqLabel":null,"streamUrl":"https://a8.asurahosting.com:7640/stream","codec":"MP3","votes":9},"geometry":{"type":"Point","coordinates":[26.102469965936383,44.435500488856114]}},{"type":"Feature","id":"85160a6a-7bd3-4a7b-b1c8-1f6fa57841db","properties":{"stationUuid":"85160a6a-7bd3-4a7b-b1c8-1f6fa57841db","name":"Szépvíz FM","country":"Romania","countryCode":"RO","language":"hungarian","freqLabel":null,"streamUrl":"https://szepvizfm.ro:8000/stream","codec":"MP3","votes":35},"geometry":{"type":"Point","coordinates":[25.848102271556854,46.45412708821853]}},{"type":"Feature","id":"0bc778ae-1f96-45f2-98c4-bffba88325bb","properties":{"stationUuid":"0bc778ae-1f96-45f2-98c4-bffba88325bb","name":"Szépvíz FM Rádió -Frumoasa 101.7 FM","country":"Romania","countryCode":"RO","language":"hungarian","freqLabel":"101.7 FM","streamUrl":"https://szepvizfm.ro:8000/stream","codec":"MP3","votes":2},"geometry":{"type":"Point","coordinates":[25.84864699501344,46.45207012977529]}},{"type":"Feature","id":"950afdf1-5349-4310-91da-acd6d80177ae","properties":{"stationUuid":"950afdf1-5349-4310-91da-acd6d80177ae","name":"T Radio -Constanța 104.4 FM","country":"Romania","countryCode":"RO","language":"romania","freqLabel":"104.4 FM","streamUrl":"https://radiot.stream.laut.fm/radio_t","codec":"MP3","votes":2},"geometry":{"type":"Point","coordinates":[28.636721115753428,44.17251341441723]}},{"type":"Feature","id":"349b8721-da20-4be1-b22f-df87f8aa09e1","properties":{"stationUuid":"349b8721-da20-4be1-b22f-df87f8aa09e1","name":"Târgoviște Radio","country":"Romania","countryCode":"RO","language":"romania","freqLabel":null,"streamUrl":"https://radio.sonicpanel.ro/8212/stream","codec":"MP3","votes":3},"geometry":{"type":"Point","coordinates":[25.455301576743995,44.93316776105428]}},{"type":"Feature","id":"d03fe6ff-6d0c-45b8-bbe6-152c42fc70f6","properties":{"stationUuid":"d03fe6ff-6d0c-45b8-bbe6-152c42fc70f6","name":"Tequila România -Radio Dance","country":"Romania","countryCode":"RO","language":"romania","freqLabel":null,"streamUrl":"https://dance.radiotequila.ro/7000/stream","codec":"MP3","votes":10},"geometry":{"type":"Point","coordinates":[26.102499287568193,44.43549665839368]}},{"type":"Feature","id":"808b4770-e822-42c9-bbb4-95c00dfbbdf1","properties":{"stationUuid":"808b4770-e822-42c9-bbb4-95c00dfbbdf1","name":"Tequila România -Radio Manele Romania","country":"Romania","countryCode":"RO","language":"romania","freqLabel":null,"streamUrl":"https://colinde.radiotequila.ro/8989/stream","codec":"MP3","votes":5},"geometry":{"type":"Point","coordinates":[26.10248785515897,44.4355043192014]}},{"type":"Feature","id":"0b6185f7-c8f0-4aff-a9db-6b8099326b4d","properties":{"stationUuid":"0b6185f7-c8f0-4aff-a9db-6b8099326b4d","name":"Tequila România -Radio Petrecere","country":"Romania","countryCode":"RO","language":"romania","freqLabel":null,"streamUrl":"https://petrecere.radiotequila.ro/7000/stream","codec":"MP3","votes":10},"geometry":{"type":"Point","coordinates":[26.102495066456488,44.4355043192014]}},{"type":"Feature","id":"3d00b074-cf9f-4739-89d4-9f688ea563c5","properties":{"stationUuid":"3d00b074-cf9f-4739-89d4-9f688ea563c5","name":"Terra FM","country":"Romania","countryCode":"RO","language":"romania","freqLabel":null,"streamUrl":"https://stream.terrafm.ro/stream","codec":"AAC","votes":2},"geometry":{"type":"Point","coordinates":[26.369403393960724,46.932258638542514]}},{"type":"Feature","id":"584294a7-a98f-4eaf-b8f1-cc7fa986563f","properties":{"stationUuid":"584294a7-a98f-4eaf-b8f1-cc7fa986563f","name":"Terranova Radio","country":"Romania","countryCode":"RO","language":"romania","freqLabel":null,"streamUrl":"https://e20.yesstreaming.net:7410/stream","codec":"MP3","votes":1},"geometry":{"type":"Point","coordinates":[27.593227083268584,47.15685184650021]}},{"type":"Feature","id":"e81b2a46-e756-4aec-9795-ff3d2c109d1d","properties":{"stationUuid":"e81b2a46-e756-4aec-9795-ff3d2c109d1d","name":"TimiBanat -Eurodisco","country":"Romania","countryCode":"RO","language":"romania","freqLabel":null,"streamUrl":"https://streaming12.elitecomunicacion.es:8102/stream3","codec":"MP3","votes":8},"geometry":{"type":"Point","coordinates":[21.22905999068537,45.75793721499485]}},{"type":"Feature","id":"e6784de4-a19a-4883-9f1e-3d3259fc726b","properties":{"stationUuid":"e6784de4-a19a-4883-9f1e-3d3259fc726b","name":"TimiBanat -Populară","country":"Romania","countryCode":"RO","language":"romania","freqLabel":null,"streamUrl":"https://streaming12.elitecomunicacion.es:8096/stream3","codec":"MP3","votes":16},"geometry":{"type":"Point","coordinates":[21.22902913134373,45.757945448881955]}},{"type":"Feature","id":"fcbb102a-d426-4838-8078-6e5c5d170df7","properties":{"stationUuid":"fcbb102a-d426-4838-8078-6e5c5d170df7","name":"Titu Radio","country":"Romania","countryCode":"RO","language":"romania","freqLabel":null,"streamUrl":"https://asculta.radiohitfm.net/8340/stream","codec":"MP3","votes":2},"geometry":{"type":"Point","coordinates":[25.573070294578223,44.66138238216007]}},{"type":"Feature","id":"106e184c-f867-46fc-8bb5-7f4f78952850","properties":{"stationUuid":"106e184c-f867-46fc-8bb5-7f4f78952850","name":"TLIG Radio Romania","country":"Romania","countryCode":"RO","language":"romania","freqLabel":null,"streamUrl":"https://stream.tligradio.org/listen/romanian/radio.mp3","codec":"MP3","votes":0},"geometry":{"type":"Point","coordinates":[26.1024695174987,44.4355119800081]}},{"type":"Feature","id":"19743e4c-21f0-4100-841f-5ac141dbf11f","properties":{"stationUuid":"19743e4c-21f0-4100-841f-5ac141dbf11f","name":"Tradițional Radio - Manele","country":"Romania","countryCode":"RO","language":"romania","freqLabel":null,"streamUrl":"https://radio.ascultatare.ro/7000/stream","codec":"MP3","votes":55},"geometry":{"type":"Point","coordinates":[26.102494191178003,44.4355043192014]}},{"type":"Feature","id":"87dc3921-6858-4d43-abd0-7417667324c5","properties":{"stationUuid":"87dc3921-6858-4d43-abd0-7417667324c5","name":"Tranquila Manele România","country":"Romania","countryCode":"RO","language":"romania","freqLabel":null,"streamUrl":"https://live.radiotranquila.net:8032/stream","codec":"MP3","votes":178},"geometry":{"type":"Point","coordinates":[28.636655844241385,44.17253265236483]}},{"type":"Feature","id":"5c908787-110b-48c3-9cfb-0207099e45a2","properties":{"stationUuid":"5c908787-110b-48c3-9cfb-0207099e45a2","name":"Transilvania -statia Aleșd 95.8 FM","country":"Romania","countryCode":"RO","language":"romania","freqLabel":"95.8 FM","streamUrl":"https://stream2.radiotransilvania.ro/Oradea","codec":"MP3","votes":4},"geometry":{"type":"Point","coordinates":[22.397336536864305,47.05950451772219]}},{"type":"Feature","id":"ec37d05e-f6e5-4c1b-b203-d13416348259","properties":{"stationUuid":"ec37d05e-f6e5-4c1b-b203-d13416348259","name":"Transilvania -statia Baia Mare 106.1 FM","country":"Romania","countryCode":"RO","language":"romania","freqLabel":"106.1 FM","streamUrl":"https://stream2.radiotransilvania.ro/BaiaMare","codec":"MP3","votes":11},"geometry":{"type":"Point","coordinates":[23.566261762510575,47.65907483622708]}},{"type":"Feature","id":"31fc1997-1afb-4a01-bb54-2e43dd232903","properties":{"stationUuid":"31fc1997-1afb-4a01-bb54-2e43dd232903","name":"Transilvania -statia Beiuș 88.0 FM","country":"Romania","countryCode":"RO","language":"romania","freqLabel":"88.0 FM","streamUrl":"https://stream2.radiotransilvania.ro/Oradea","codec":"MP3","votes":2},"geometry":{"type":"Point","coordinates":[22.34907036043685,46.66770618107344]}},{"type":"Feature","id":"356795ef-57b2-4949-bdde-e6e8f9f5389a","properties":{"stationUuid":"356795ef-57b2-4949-bdde-e6e8f9f5389a","name":"Transilvania -statia Carei 95.2 FM","country":"Romania","countryCode":"RO","language":"romania","freqLabel":"95.2 FM","streamUrl":"https://stream2.radiotransilvania.ro/SatuMare","codec":"MP3","votes":2},"geometry":{"type":"Point","coordinates":[22.469501958426264,47.682915481535304]}},{"type":"Feature","id":"5229e29b-8003-4274-be91-4a8e4cb19d5f","properties":{"stationUuid":"5229e29b-8003-4274-be91-4a8e4cb19d5f","name":"Transilvania -statia Cluj Napoca 94.5 FM","country":"Romania","countryCode":"RO","language":"romania","freqLabel":"94.5 FM","streamUrl":"https://stream2.radiotransilvania.ro/Cluj","codec":"MP3","votes":2},"geometry":{"type":"Point","coordinates":[23.590894543147744,46.76912188054527]}},{"type":"Feature","id":"0ba284c5-7755-4e48-943f-4e2ceb6d01bf","properties":{"stationUuid":"0ba284c5-7755-4e48-943f-4e2ceb6d01bf","name":"Transilvania -statia Luduș 100.4 FM","country":"Romania","countryCode":"RO","language":"romania","freqLabel":"100.4 FM","streamUrl":"https://stream2.radiotransilvania.ro/Ludus","codec":"MP3","votes":0},"geometry":{"type":"Point","coordinates":[24.093944646061058,46.48202952233269]}},{"type":"Feature","id":"41b2174d-c79d-40aa-9db8-eb17066f7e82","properties":{"stationUuid":"41b2174d-c79d-40aa-9db8-eb17066f7e82","name":"Transilvania -statia Mediaș 97.2 FM","country":"Romania","countryCode":"RO","language":"romania","freqLabel":"97.2 FM","streamUrl":"https://stream2.radiotransilvania.ro/Medias","codec":"MP3","votes":2},"geometry":{"type":"Point","coordinates":[24.35528356205324,46.16101198942314]}},{"type":"Feature","id":"558c5171-165b-464b-af5c-bb378fd1972d","properties":{"stationUuid":"558c5171-165b-464b-af5c-bb378fd1972d","name":"Transilvania -statia Oradea 97.2 FM","country":"Romania","countryCode":"RO","language":"romania","freqLabel":"97.2 FM","streamUrl":"https://stream2.radiotransilvania.ro/Oradea","codec":"MP3","votes":11},"geometry":{"type":"Point","coordinates":[21.90735512520296,47.074172914577005]}},{"type":"Feature","id":"7dffd02b-cd02-4cea-bbd1-f952316e6b03","properties":{"stationUuid":"7dffd02b-cd02-4cea-bbd1-f952316e6b03","name":"Transilvania -statia Satu Mare 99.0 FM","country":"Romania","countryCode":"RO","language":"romania","freqLabel":"99.0 FM","streamUrl":"https://stream2.radiotransilvania.ro/SatuMare","codec":"MP3","votes":6},"geometry":{"type":"Point","coordinates":[22.874248217424512,47.80065097433774]}},{"type":"Feature","id":"a572e90c-79eb-482a-9820-bb64b8875131","properties":{"stationUuid":"a572e90c-79eb-482a-9820-bb64b8875131","name":"Transilvania -statia Turda 89.9 FM","country":"Romania","countryCode":"RO","language":"romania","freqLabel":"89.9 FM","streamUrl":"https://stream2.radiotransilvania.ro/Cluj","codec":"MP3","votes":0},"geometry":{"type":"Point","coordinates":[23.78208250867854,46.57228965228377]}},{"type":"Feature","id":"db54091f-44f3-42dd-b492-8cc83451c996","properties":{"stationUuid":"db54091f-44f3-42dd-b492-8cc83451c996","name":"Transilvania -statia Zalău 94.6 FM","country":"Romania","countryCode":"RO","language":"romania","freqLabel":"94.6 FM","streamUrl":"https://stream2.radiotransilvania.ro/Zalau","codec":"MP3","votes":0},"geometry":{"type":"Point","coordinates":[23.05553360288312,47.18262802941128]}},{"type":"Feature","id":"b8b72afa-739e-40c9-a51b-fafd87eb045f","properties":{"stationUuid":"b8b72afa-739e-40c9-a51b-fafd87eb045f","name":"Transylvania -Hits","country":"Romania","countryCode":"RO","language":"romania","freqLabel":null,"streamUrl":"https://asculta.ascultatare.ro/8036/stream","codec":"MP3","votes":8},"geometry":{"type":"Point","coordinates":[23.78210888896813,46.57253894104727]}},{"type":"Feature","id":"6ce4d4df-3774-427d-999f-587197836158","properties":{"stationUuid":"6ce4d4df-3774-427d-999f-587197836158","name":"Transylvania Hits -Turda","country":"Romania","countryCode":"RO","language":"română","freqLabel":null,"streamUrl":"https://asculta.ascultatare.ro/8036/stream","codec":"MP3","votes":0},"geometry":{"type":"Point","coordinates":[23.77982407808304,46.56496389189986]}},{"type":"Feature","id":"8d58373f-c5b9-4c9f-a429-37ada489e613","properties":{"stationUuid":"8d58373f-c5b9-4c9f-a429-37ada489e613","name":"Trecător România","country":"Romania","countryCode":"RO","language":"romania","freqLabel":null,"streamUrl":"https://stream.trecator.ro/mp3128kbps","codec":"MP3","votes":3},"geometry":{"type":"Point","coordinates":[26.102509714605905,44.43548516723872]}},{"type":"Feature","id":"7754b5a9-90bd-41f6-8898-3388d58a4565","properties":{"stationUuid":"7754b5a9-90bd-41f6-8898-3388d58a4565","name":"Trib Radio","country":"Romania","countryCode":"RO","language":"romania","freqLabel":null,"streamUrl":"https://streams.radio.co/s78f983952/listen","codec":"MP3","votes":1},"geometry":{"type":"Point","coordinates":[26.1024890014436,44.43551351220439]}},{"type":"Feature","id":"14acc389-e4cb-4854-85c5-0af8555c855d","properties":{"stationUuid":"14acc389-e4cb-4854-85c5-0af8555c855d","name":"UMF Craiova - Universitatea de Medicină și Farmacie","country":"Romania","countryCode":"RO","language":"romania","freqLabel":null,"streamUrl":"https://sonic2-rbx.cloud-center.ro/8072/stream","codec":"MP3","votes":1},"geometry":{"type":"Point","coordinates":[23.801950995110953,44.31960033555563]}},{"type":"Feature","id":"18101c21-fc3f-4740-bd80-7e80eca85915","properties":{"stationUuid":"18101c21-fc3f-4740-bd80-7e80eca85915","name":"Urban Sunsets","country":"Romania","countryCode":"RO","language":"romania","freqLabel":null,"streamUrl":"https://stream.radio.co/sedf8bacc9/listen","codec":"MP3","votes":6},"geometry":{"type":"Point","coordinates":[26.108848141174235,44.72630527049336]}},{"type":"Feature","id":"ab8aff03-bd3a-4fa4-afef-577aa1a0a12e","properties":{"stationUuid":"ab8aff03-bd3a-4fa4-afef-577aa1a0a12e","name":"UrbanUP TV","country":"Romania","countryCode":"RO","language":"romanian","freqLabel":null,"streamUrl":"https://s7.everestcast.com:6805/stream","codec":"MP3","votes":4},"geometry":{"type":"Point","coordinates":[26.102460473118533,44.435502020994264]}},{"type":"Feature","id":"bbfa7a05-bc27-411b-9e37-375184fec3be","properties":{"stationUuid":"bbfa7a05-bc27-411b-9e37-375184fec3be","name":"Valoare Radio -Manele Vechi","country":"Romania","countryCode":"RO","language":"romania","freqLabel":null,"streamUrl":"https://ssl.omegahost.ro/8000/stream","codec":"MP3","votes":178},"geometry":{"type":"Point","coordinates":[26.10247536929375,44.435566371811966]}},{"type":"Feature","id":"e458e630-022f-4664-9049-5392587786d8","properties":{"stationUuid":"e458e630-022f-4664-9049-5392587786d8","name":"Valori Românești Radio","country":"Romania","countryCode":"RO","language":"romania","freqLabel":null,"streamUrl":"https://securestreams6.autopo.st:2250/stream?ver=184457","codec":"MP3","votes":3},"geometry":{"type":"Point","coordinates":[23.596404178389825,46.77166150239375]}},{"type":"Feature","id":"f9ea9b59-e227-4f30-9d7a-cde9a8ae9f13","properties":{"stationUuid":"f9ea9b59-e227-4f30-9d7a-cde9a8ae9f13","name":"Vibe FM România","country":"Romania","countryCode":"RO","language":"romania","freqLabel":null,"streamUrl":"https://live.radiovibefm.eu/8052/stream","codec":"MP3","votes":13},"geometry":{"type":"Point","coordinates":[28.051847973791183,45.43351502655654]}},{"type":"Feature","id":"04d96438-0fe4-4fb5-8221-f80ba21260ed","properties":{"stationUuid":"04d96438-0fe4-4fb5-8221-f80ba21260ed","name":"Vibes On Wax Radio","country":"Romania","countryCode":"RO","language":"română","freqLabel":null,"streamUrl":"https://stream.zeno.fm/0mcewk7n5a0uv","codec":"MP3","votes":2},"geometry":{"type":"Point","coordinates":[21.90752685070038,47.074516337046475]}},{"type":"Feature","id":"9bbde2af-9697-49e6-9db1-eb0ec535e1af","properties":{"stationUuid":"9bbde2af-9697-49e6-9db1-eb0ec535e1af","name":"VIP România","country":"Romania","countryCode":"RO","language":"romania","freqLabel":null,"streamUrl":"https://live1.radiovip.ro:8969/stream","codec":"MP3","votes":6},"geometry":{"type":"Point","coordinates":[28.06221570501009,46.67259829676371]}},{"type":"Feature","id":"61f894c9-8044-4dda-818f-6f4a0ed786c1","properties":{"stationUuid":"61f894c9-8044-4dda-818f-6f4a0ed786c1","name":"VIVA FM - Viva Deep Music","country":"Romania","countryCode":"RO","language":"romania","freqLabel":null,"streamUrl":"https://cloud.radiosonicpanel.ro/8024/stream","codec":"MP3","votes":13},"geometry":{"type":"Point","coordinates":[27.58708633737357,47.15724871993171]}},{"type":"Feature","id":"713a63f6-e433-4c3f-a581-7c985bdc4715","properties":{"stationUuid":"713a63f6-e433-4c3f-a581-7c985bdc4715","name":"Viva FM -statia Botoșani 106.3 FM","country":"Romania","countryCode":"RO","language":"romania","freqLabel":"106.3 FM","streamUrl":"https://cloud.radiosonicpanel.ro:8006/stream","codec":"MP3","votes":1},"geometry":{"type":"Point","coordinates":[26.64589087296402,47.75079425430267]}},{"type":"Feature","id":"f9710db0-0568-44c4-8e58-bd6b2496eb71","properties":{"stationUuid":"f9710db0-0568-44c4-8e58-bd6b2496eb71","name":"Viva FM -statia Fălticeni 97.8 FM","country":"Romania","countryCode":"RO","language":"romania","freqLabel":"97.8 FM","streamUrl":"https://cloud.radiosonicpanel.ro:8012/stream","codec":"MP3","votes":2},"geometry":{"type":"Point","coordinates":[26.302507821252934,47.46049248645089]}},{"type":"Feature","id":"92da2c5c-5c5a-4b31-9b64-9173cc6594d0","properties":{"stationUuid":"92da2c5c-5c5a-4b31-9b64-9173cc6594d0","name":"Viva FM -statia Hârlău 107.4 FM","country":"Romania","countryCode":"RO","language":"romania","freqLabel":"107.4 FM","streamUrl":"https://cloud.radiosonicpanel.ro:8002/stream","codec":"MP3","votes":2},"geometry":{"type":"Point","coordinates":[26.899928153439596,47.427535634181055]}},{"type":"Feature","id":"43113f4e-5987-4ef8-9d84-7ca0c24ce77b","properties":{"stationUuid":"43113f4e-5987-4ef8-9d84-7ca0c24ce77b","name":"VIVA FM -statia Iasi 105 FM","country":"Romania","countryCode":"RO","language":"romania","freqLabel":"105 FM","streamUrl":"https://cloud.radiosonicpanel.ro/8002/stream","codec":"MP3","votes":8},"geometry":{"type":"Point","coordinates":[27.586768688684373,47.1572312105841]}},{"type":"Feature","id":"859a3a67-8a00-4e1e-a75f-54ee26ac704f","properties":{"stationUuid":"859a3a67-8a00-4e1e-a75f-54ee26ac704f","name":"Viva FM -statia Pașcani 103.9 FM","country":"Romania","countryCode":"RO","language":"romania","freqLabel":"103.9 FM","streamUrl":"https://cloud.radiosonicpanel.ro:8010/stream","codec":"MP3","votes":3},"geometry":{"type":"Point","coordinates":[26.72009414642169,47.24431601964248]}},{"type":"Feature","id":"d3634140-f324-4fec-9e06-6f014be672bf","properties":{"stationUuid":"d3634140-f324-4fec-9e06-6f014be672bf","name":"Viva FM -statia Piatra Neamț 94.7 FM","country":"Romania","countryCode":"RO","language":"romania","freqLabel":"94.7 FM","streamUrl":"https://cloud.radiosonicpanel.ro:8008/stream","codec":"MP3","votes":2},"geometry":{"type":"Point","coordinates":[26.37088619642202,46.928110315214155]}},{"type":"Feature","id":"756fb6fb-801a-4fe8-8b53-d6f399d6403f","properties":{"stationUuid":"756fb6fb-801a-4fe8-8b53-d6f399d6403f","name":"Viva FM -statia Rădăuți 90.1 FM","country":"Romania","countryCode":"RO","language":"romania","freqLabel":"90.1 FM","streamUrl":"https://cloud.radiosonicpanel.ro:8014/stream","codec":"MP3","votes":1},"geometry":{"type":"Point","coordinates":[25.916610267309007,47.844221631617906]}},{"type":"Feature","id":"f4c4480a-f6a7-4fec-a1ae-fd0ebe2fbbaa","properties":{"stationUuid":"f4c4480a-f6a7-4fec-a1ae-fd0ebe2fbbaa","name":"VIVA FM -statia Suceava 93.7 FM","country":"Romania","countryCode":"RO","language":"romania","freqLabel":"93.7 FM","streamUrl":"https://cloud.radiosonicpanel.ro:8004/stream","codec":"MP3","votes":2},"geometry":{"type":"Point","coordinates":[26.22550377275214,47.65298125838495]}},{"type":"Feature","id":"bcfed4fe-0493-412a-a835-134af924f60e","properties":{"stationUuid":"bcfed4fe-0493-412a-a835-134af924f60e","name":"Vivi FM","country":"Romania","countryCode":"RO","language":"romania","freqLabel":null,"streamUrl":"https://free.rcast.net/200690","codec":"MP3","votes":1},"geometry":{"type":"Point","coordinates":[28.63661740987774,44.17254573424073]}},{"type":"Feature","id":"bf5aba0b-2da6-48cb-b438-765a573ca286","properties":{"stationUuid":"bf5aba0b-2da6-48cb-b438-765a573ca286","name":"Vocea Credinței","country":"Romania","countryCode":"RO","language":"romania","freqLabel":null,"streamUrl":"https://c26.radioboss.fm:18191/stream","codec":"MP3","votes":3},"geometry":{"type":"Point","coordinates":[24.351015836385105,46.16398437242296]}},{"type":"Feature","id":"c32d6855-4772-4de4-887d-7bcbd7e6a325","properties":{"stationUuid":"c32d6855-4772-4de4-887d-7bcbd7e6a325","name":"Vocea Creștinilor","country":"Romania","countryCode":"RO","language":"romania","freqLabel":null,"streamUrl":"https://listen.radioking.com/radio/494884/stream/551902","codec":"MP3","votes":3},"geometry":{"type":"Point","coordinates":[21.324800058469048,46.18362184272658]}},{"type":"Feature","id":"8bf3fb10-2972-4bf3-8d86-7dc0d5ab50fe","properties":{"stationUuid":"8bf3fb10-2972-4bf3-8d86-7dc0d5ab50fe","name":"Vocea Speranței -lb. maghiara","country":"Romania","countryCode":"RO","language":"hungarian","freqLabel":null,"streamUrl":"https://live.rvs.ro/mg","codec":"AAC","votes":3},"geometry":{"type":"Point","coordinates":[26.187067361834725,44.490004675591614]}},{"type":"Feature","id":"f6ec66f4-3ffc-45b6-91a6-478b7ded744f","properties":{"stationUuid":"f6ec66f4-3ffc-45b6-91a6-478b7ded744f","name":"Voces Campi -Călărași","country":"Romania","countryCode":"RO","language":"romania","freqLabel":null,"streamUrl":"https://vocescampi.ro:8443/;","codec":"MP3","votes":3},"geometry":{"type":"Point","coordinates":[27.328115088641596,44.19423297369291]}},{"type":"Feature","id":"ea3e27fd-ac44-470b-a5c7-4f8d70c1594f","properties":{"stationUuid":"ea3e27fd-ac44-470b-a5c7-4f8d70c1594f","name":"VRTW Radio (Vinyl Rum Tapas and Wine)","country":"Romania","countryCode":"RO","language":"romania","freqLabel":null,"streamUrl":"https://streamer.radio.co/s17198c529/listen","codec":"MP3","votes":3},"geometry":{"type":"Point","coordinates":[26.10248403964139,44.435532664216225]}},{"type":"Feature","id":"c09e793e-a258-4084-8fab-0737a0c6881f","properties":{"stationUuid":"c09e793e-a258-4084-8fab-0737a0c6881f","name":"Wasteland Oradea","country":"Romania","countryCode":"RO","language":"română","freqLabel":null,"streamUrl":"https://stream.zeno.fm/f7gkz3hrp0hvv","codec":"MP3","votes":1},"geometry":{"type":"Point","coordinates":[21.907500028610233,47.07447249600338]}},{"type":"Feature","id":"bc1156ed-8dc1-4e2d-b457-a1b6b28e219e","properties":{"stationUuid":"bc1156ed-8dc1-4e2d-b457-a1b6b28e219e","name":"X Radio","country":"Romania","countryCode":"RO","language":"english,română","freqLabel":null,"streamUrl":"https://stream.zeno.fm/rd0bc4zkbm0uv","codec":"MP3","votes":1},"geometry":{"type":"Point","coordinates":[21.907500028610233,47.074468111852504]}},{"type":"Feature","id":"d20e85da-c3ea-4979-8239-e6c5c448acb0","properties":{"stationUuid":"d20e85da-c3ea-4979-8239-e6c5c448acb0","name":"X Radio -Oradea","country":"Romania","countryCode":"RO","language":"română","freqLabel":null,"streamUrl":"https://stream.zeno.fm/rd0bc4zkbm0uv","codec":"MP3","votes":1},"geometry":{"type":"Point","coordinates":[21.907483935356144,47.07454191097161]}},{"type":"Feature","id":"458ad51f-0f8f-4981-a05b-6535aacb5a1d","properties":{"stationUuid":"458ad51f-0f8f-4981-a05b-6535aacb5a1d","name":"Xtend Radio","country":"Romania","countryCode":"RO","language":"romania","freqLabel":null,"streamUrl":"https://live.xtendradio.ro/mp3","codec":"MP3","votes":0},"geometry":{"type":"Point","coordinates":[21.227695230566173,45.75586446531254]}},{"type":"Feature","id":"d1818640-fc07-42e2-8b65-698e3b048d16","properties":{"stationUuid":"d1818640-fc07-42e2-8b65-698e3b048d16","name":"Xtream Romania","country":"Romania","countryCode":"RO","language":"romania","freqLabel":null,"streamUrl":"https://asculta.radioxtream.com/8022/stream","codec":"MP3","votes":9},"geometry":{"type":"Point","coordinates":[27.97474699496486,45.271371072413686]}},{"type":"Feature","id":"93e769c6-f0a4-4ca7-99fd-ab06eccf3dd7","properties":{"stationUuid":"93e769c6-f0a4-4ca7-99fd-ab06eccf3dd7","name":"YOU FM România","country":"Romania","countryCode":"RO","language":"romania","freqLabel":null,"streamUrl":"https://sonic2-rbx.cloud-center.ro/8034/stream","codec":"MP3","votes":7},"geometry":{"type":"Point","coordinates":[26.103186426775043,44.42779779916759]}},{"type":"Feature","id":"f4027b66-1682-4656-b4b4-49ca80021735","properties":{"stationUuid":"f4027b66-1682-4656-b4b4-49ca80021735","name":"ZC Radio (Ziua de Cluj)","country":"Romania","countryCode":"RO","language":"romania","freqLabel":null,"streamUrl":"https://sonicssl.namehost.ro:8020/stream","codec":"MP3","votes":0},"geometry":{"type":"Point","coordinates":[23.592199039378897,46.76931000752978]}},{"type":"Feature","id":"da471ce9-8773-4aec-932c-859b83eca958","properties":{"stationUuid":"da471ce9-8773-4aec-932c-859b83eca958","name":"ZC Radio (Ziua de Cluj)","country":"Romania","countryCode":"RO","language":"romania","freqLabel":null,"streamUrl":"https://sonicssl.namehost.ro:8020/stream","codec":"MP3","votes":6},"geometry":{"type":"Point","coordinates":[23.59083121997592,46.767428737719584]}},{"type":"Feature","id":"3ea85ab0-de98-4c4c-a6ca-a23145ff4a3c","properties":{"stationUuid":"3ea85ab0-de98-4c4c-a6ca-a23145ff4a3c","name":"ZC Radio (Ziua de Cluj) -Cluj Napoca","country":"Romania","countryCode":"RO","language":"română","freqLabel":null,"streamUrl":"https://sonicssl.namehost.ro:8020/stream","codec":"MP3","votes":0},"geometry":{"type":"Point","coordinates":[23.589811027050025,46.76953781017045]}},{"type":"Feature","id":"266acf45-a1ad-4a67-9a81-3cdf54dc8ceb","properties":{"stationUuid":"266acf45-a1ad-4a67-9a81-3cdf54dc8ceb","name":"Duo Gold (Estonia)","country":"Estonia","countryCode":"EE","language":"eesti,estonia,estonian","freqLabel":null,"streamUrl":"https://le301.euddn.net/edfdb3638e67dfd07add5461f7e2c50c741947192f070989f0044d846e2845f419d95d41d10acbdb9c2ec000913a22bab07bd8350eaceccc1fc72bf26f6e80058ab3ed7ad8f3cab3e624f11aae2675d611df69be3f1e09f16efb9fe23371a24dcaa294a00126cd100e95bbedee3edd6c4d3eba59ee4ee1c6aed4e8cbb56ebad57ba723e9a98b939165ad8d2b3959661ed1c401ffdb4fb15ece6a776e5095cb50478646dd4bd2ea164669823565ee4b0e/kuld.aac","codec":"AAC","votes":18},"geometry":{"type":"Point","coordinates":[24.744987487792972,59.43606799799344]}},{"type":"Feature","id":"7cde649e-2976-4311-8e6a-62cdcd6edb44","properties":{"stationUuid":"7cde649e-2976-4311-8e6a-62cdcd6edb44","name":"Duo Party","country":"Estonia","countryCode":"EE","language":"estonia","freqLabel":null,"streamUrl":"https://le301.euddn.net/1268f24e563992831f398fe3b43540d6cdb4cfa85e5c15b22cc06f07166a47013a1024390d616af8f4c2d79019a9e51541af99a505fc671b2382b19218a99e8a560829bc95a0342692e02644eaaf1b4a057624ee1eb209abb18044414cc9692224e1c7e02395923f30e8190efdd215b81124eaffc49b88146e8eaaba15f1ab42516ac40c26dbb78c9d76e12ee9415992c7f7cf9dc538b6ec7315d7b56741d3fdb5cf97632f99f3f72f7b94fc41806ef4/duodance.aac","codec":"AAC","votes":178},"geometry":{"type":"Point","coordinates":[24.77945923805237,59.42610459322465]}},{"type":"Feature","id":"4b889ec9-03bd-4926-9daf-492883756e55","properties":{"stationUuid":"4b889ec9-03bd-4926-9daf-492883756e55","name":"Global Export FM","country":"Estonia","countryCode":"EE","language":"estonian","freqLabel":null,"streamUrl":"https://radio.globalexport.ee/stream.mp3","codec":"MP3","votes":0},"geometry":{"type":"Point","coordinates":[24.754,59.437]}},{"type":"Feature","id":"1842c0ab-efa4-4e7d-bf50-6bd3f9ded92a","properties":{"stationUuid":"1842c0ab-efa4-4e7d-bf50-6bd3f9ded92a","name":"Hitmix Estonia","country":"Estonia","countryCode":"EE","language":null,"freqLabel":null,"streamUrl":"https://stream.hitmix.ee:8443/HIT_320","codec":"MP3","votes":124},"geometry":{"type":"Point","coordinates":[24.380056858062748,59.46323835185547]}},{"type":"Feature","id":"899374d2-d08d-4ea0-aefb-37cff8ef3960","properties":{"stationUuid":"899374d2-d08d-4ea0-aefb-37cff8ef3960","name":"HITS RADIO ESTONIA","country":"Estonia","countryCode":"EE","language":null,"freqLabel":null,"streamUrl":"https://artemis.streamerr.co/listen/hitsradioestonia/radio.mp3","codec":"AAC","votes":7},"geometry":{"type":"Point","coordinates":[24.78515625,59.41378429445572]}},{"type":"Feature","id":"b759ab6c-2a20-4b05-bf27-d29100716029","properties":{"stationUuid":"b759ab6c-2a20-4b05-bf27-d29100716029","name":"Hits Show Radio","country":"Estonia","countryCode":"EE","language":"english,estonia","freqLabel":null,"streamUrl":"https://stream.zeno.fm/7sreyeyustkuv","codec":"MP3","votes":8},"geometry":{"type":"Point","coordinates":[26.147460937500004,58.39249965939757]}},{"type":"Feature","id":"27a69f19-4001-4bf4-b602-92511bc1e682","properties":{"stationUuid":"27a69f19-4001-4bf4-b602-92511bc1e682","name":"HPS Bassline","country":"Estonia","countryCode":"EE","language":null,"freqLabel":null,"streamUrl":"https://azura.hpsbassline.club/listen/haapsaly_bassline/radio.mp3","codec":"MP3","votes":3},"geometry":{"type":"Point","coordinates":[23.541222810745243,58.93927950373523]}},{"type":"Feature","id":"73aee9c7-474d-4038-9b4a-ab259658eaf6","properties":{"stationUuid":"73aee9c7-474d-4038-9b4a-ab259658eaf6","name":"IDA","country":"Estonia","countryCode":"EE","language":"english,estonian,finnish","freqLabel":null,"streamUrl":"https://broadcast.idaidaida.net:8000/stream","codec":"AAC","votes":35},"geometry":{"type":"Point","coordinates":[24.7286470725398,59.43970087491635]}},{"type":"Feature","id":"af59d217-e29d-4274-b817-6be6dd78d54c","properties":{"stationUuid":"af59d217-e29d-4274-b817-6be6dd78d54c","name":"Kiss FM","country":"Estonia","countryCode":"EE","language":"estonian","freqLabel":null,"streamUrl":"https://stream.skymedia.ee/live/KISS","codec":"MP3","votes":16},"geometry":{"type":"Point","coordinates":[24.731377959251407,59.403739548948366]}},{"type":"Feature","id":"af1616c5-56b9-49b0-b7c2-38dfb3c07a49","properties":{"stationUuid":"af1616c5-56b9-49b0-b7c2-38dfb3c07a49","name":"Kiss FM","country":"Estonia","countryCode":"EE","language":"estonian","freqLabel":null,"streamUrl":"https://edge02.cdn.bitflip.ee:8888/KISS","codec":"MP3","votes":79},"geometry":{"type":"Point","coordinates":[24.731442332267765,59.40371497525328]}},{"type":"Feature","id":"f257abd4-9397-4110-b810-c7ca9fb8fbf7","properties":{"stationUuid":"f257abd4-9397-4110-b810-c7ca9fb8fbf7","name":"KlaRa Jazz","country":"Estonia","countryCode":"EE","language":null,"freqLabel":null,"streamUrl":"https://icecast.err.ee/klarajazz.mp3","codec":"MP3","votes":86},"geometry":{"type":"Point","coordinates":[24.76766515823216,59.43462950646448]}},{"type":"Feature","id":"1227cb0c-1047-422e-b54e-b4822ce9f281","properties":{"stationUuid":"1227cb0c-1047-422e-b54e-b4822ce9f281","name":"KlaRa Klassika","country":"Estonia","countryCode":"EE","language":null,"freqLabel":null,"streamUrl":"https://icecast.err.ee/klaraklassika.mp3","codec":"MP3","votes":92},"geometry":{"type":"Point","coordinates":[24.767696131361586,59.43460813797533]}},{"type":"Feature","id":"1b6fd0fd-a475-4f6d-ab49-645b744447e1","properties":{"stationUuid":"1b6fd0fd-a475-4f6d-ab49-645b744447e1","name":"KlaRa Nostalgia","country":"Estonia","countryCode":"EE","language":null,"freqLabel":null,"streamUrl":"https://icecast.err.ee/klaranostalgia.mp3","codec":"MP3","votes":122},"geometry":{"type":"Point","coordinates":[24.76771964867655,59.43463755402645]}},{"type":"Feature","id":"05781c28-9d5a-40c5-af53-a36d2b8e2ae9","properties":{"stationUuid":"05781c28-9d5a-40c5-af53-a36d2b8e2ae9","name":"Legendaarne Raadio","country":"Estonia","countryCode":"EE","language":"english,estonian","freqLabel":null,"streamUrl":"https://edge01.cdn.bitflip.ee:8888/Legendaarne?_i=52831a92","codec":"MP3","votes":13},"geometry":{"type":"Point","coordinates":[24.746360778808597,59.435916332831006]}},{"type":"Feature","id":"278b3d8e-8f30-43cd-853d-a0cd7aba4894","properties":{"stationUuid":"278b3d8e-8f30-43cd-853d-a0cd7aba4894","name":"Legendaarne Raadio","country":"Estonia","countryCode":"EE","language":"english,estonian","freqLabel":null,"streamUrl":"https://stream.skymedia.ee/live/Legendaarne","codec":"MP3","votes":11},"geometry":{"type":"Point","coordinates":[24.73159790039063,59.42798837101631]}},{"type":"Feature","id":"a2cbad2f-eaef-4c44-9a9a-c162d7dd301d","properties":{"stationUuid":"a2cbad2f-eaef-4c44-9a9a-c162d7dd301d","name":"NRJ","country":"Estonia","countryCode":"EE","language":"estonian","freqLabel":null,"streamUrl":"https://edge01.cdn.bitflip.ee:8888/NRJ?_i=5b8169cb","codec":"MP3","votes":191},"geometry":{"type":"Point","coordinates":[24.73659753799439,59.41065224070644]}},{"type":"Feature","id":"f3fe9e03-7cb6-42b3-a71a-f5a94885d0da","properties":{"stationUuid":"f3fe9e03-7cb6-42b3-a71a-f5a94885d0da","name":"NRJ Tallinn","country":"Estonia","countryCode":"EE","language":"estonian","freqLabel":null,"streamUrl":"https://edge03.cdn.bitflip.ee:8888/NRJ","codec":"MP3","votes":287},"geometry":{"type":"Point","coordinates":[24.73983764648438,59.431668313298346]}},{"type":"Feature","id":"fce644c0-558c-4c4b-9835-7c67f1ea6dca","properties":{"stationUuid":"fce644c0-558c-4c4b-9835-7c67f1ea6dca","name":"PCR.FM (Parnu Club Radio)","country":"Estonia","countryCode":"EE","language":"english","freqLabel":null,"streamUrl":"https://pcrfm.radiocult.fm/stream","codec":"MP3","votes":1},"geometry":{"type":"Point","coordinates":[24.4971,58.3859]}},{"type":"Feature","id":"3b46b40f-e906-4566-9213-0f8e79e16da4","properties":{"stationUuid":"3b46b40f-e906-4566-9213-0f8e79e16da4","name":"R2 Eesti","country":"Estonia","countryCode":"EE","language":null,"freqLabel":null,"streamUrl":"https://icecast.err.ee/r2eestikorge.mp3","codec":"MP3","votes":60},"geometry":{"type":"Point","coordinates":[24.767719228660816,59.434640281945406]}},{"type":"Feature","id":"cc242589-6948-4e3c-948a-ef20195805c5","properties":{"stationUuid":"cc242589-6948-4e3c-948a-ef20195805c5","name":"Raadio 7","country":"Estonia","countryCode":"EE","language":"estonian","freqLabel":null,"streamUrl":"https://edge05.cdn.bitflip.ee:8888/R7","codec":"MP3","votes":448},"geometry":{"type":"Point","coordinates":[24.74430084228516,59.43578866867168]}},{"type":"Feature","id":"1ee96040-bfb6-4209-9ab8-14a26ff73ad0","properties":{"stationUuid":"1ee96040-bfb6-4209-9ab8-14a26ff73ad0","name":"Raadio Elmar","country":"Estonia","countryCode":"EE","language":null,"freqLabel":null,"streamUrl":"https://le303.euddn.net/352739527270043eac8309634bcd14e92c92c9c02baf5f22e271a8840df32cc4b7d9ad9bfc40cb13a2fb6bcaa1b60e4cb4b469003681eb97ba047875c9f0ee624fec7bb9da738f8ca41bbb1172c07e21ba86941eecb7b9af2d3b091316a5d6a256d52b81da316b2a853d5869034b691e47fe41d03dd59bb27c7506bd241b77d938bcebde46fcf2c2cf0b93270e5fea8ee7ffaf988c85514255e5077c128434b11ca503466ec88b4d4adf0a4653e68c54/elmar.aac","codec":"AAC","votes":1276},"geometry":{"type":"Point","coordinates":[24.76249694824219,59.43166830264149]}},{"type":"Feature","id":"31946e60-f679-4d3b-933f-d7dbda58d6ba","properties":{"stationUuid":"31946e60-f679-4d3b-933f-d7dbda58d6ba","name":"Raadio Kadi","country":"Estonia","countryCode":"EE","language":null,"freqLabel":null,"streamUrl":"https://edge06.cdn.bitflip.ee:8888/kadi","codec":"MP3","votes":27},"geometry":{"type":"Point","coordinates":[22.485797703266147,58.25322816300178]}},{"type":"Feature","id":"99dba6ec-5162-498b-a7f6-4f9d67a1eae2","properties":{"stationUuid":"99dba6ec-5162-498b-a7f6-4f9d67a1eae2","name":"Raadio Kidzone","country":"Estonia","countryCode":"EE","language":"english,estonian","freqLabel":null,"streamUrl":"https://le302.euddn.net/26797668527067bf40a353019c78dd9bcb1760227831f621cf05a73cd8b6b14e7871a8271b71c474b65c3d0b01c3d7ffc35a28c1b9fd13c5bfbbdb06e343d1b9f9fc5acb13b310d86ef52bd949f26335c1a134addf53e0b2285d7d852977fd58de42a1e9ffe3f3f3d97d8b5f817e9aebc0340721f21127fdb90221d8367123bacbd9dde70dcc1683c772aaf71064aeea50c1b2336f873c2a49760de84ea941b3dc40d4ee306aa1dbe16a9ef875ffb9fe/kidzone.aac","codec":"AAC","votes":25},"geometry":{"type":"Point","coordinates":[26.630859375,58.39901325109387]}},{"type":"Feature","id":"841ec916-508c-4948-9c16-6208f1e5015c","properties":{"stationUuid":"841ec916-508c-4948-9c16-6208f1e5015c","name":"Raadio Kuku","country":"Estonia","countryCode":"EE","language":null,"freqLabel":null,"streamUrl":"https://le301.euddn.net/f28dd5c8ba3b7e50b5a2bce19f1c625ece39e8a6f37eda019074705ec9f8bdfbe63b76e7a04e30d8ec94f598430c2a9a02260d46b50d703346729c8f29de4cf4e9e99532fd5ce429d16c3b99ef231ae34c923570ae0024d10edb08f528d364a3b26fd77d2882f0bcbadf99af5b0fe1ccf6eb21c493afdaadef2aaae19a94c3b2af4351914d4499eac9bb58a0ef62aaade6f41fc5aee9cbaa063a3e13068eee2fcce9029d26c41fb2fb221e89e56a77fa/kuku_high.mp3","codec":"MP3","votes":1406},"geometry":{"type":"Point","coordinates":[24.771423339843754,59.43096988687643]}},{"type":"Feature","id":"51a6fb08-d881-4937-8c99-c1feac025279","properties":{"stationUuid":"51a6fb08-d881-4937-8c99-c1feac025279","name":"Radio Nostalgia","country":"Estonia","countryCode":"EE","language":null,"freqLabel":null,"streamUrl":"https://c16.radioboss.fm:8327/stream","codec":"MP3","votes":35},"geometry":{"type":"Point","coordinates":[24.702187478542328,59.427848580036745]}},{"type":"Feature","id":"3586ad23-e161-4dd2-aaa8-b8dc372ab0e9","properties":{"stationUuid":"3586ad23-e161-4dd2-aaa8-b8dc372ab0e9","name":"Retro FM Estonia","country":"Estonia","countryCode":"EE","language":null,"freqLabel":null,"streamUrl":"https://edge02.cdn.bitflip.ee:8888/RETRO?_i=258f436b","codec":"MP3","votes":938},"geometry":{"type":"Point","coordinates":[24.77897644042969,59.42677908959534]}},{"type":"Feature","id":"2634a58d-684b-44b1-9ed5-b0006494bec9","properties":{"stationUuid":"2634a58d-684b-44b1-9ed5-b0006494bec9","name":"Retro Love","country":"Estonia","countryCode":"EE","language":"english","freqLabel":null,"streamUrl":"https://edge05.cdn.bitflip.ee:8888/RetroJ6ulud","codec":"MP3","votes":51},"geometry":{"type":"Point","coordinates":[24.75082397460938,59.429573012105585]}},{"type":"Feature","id":"208c966b-0df4-4939-943f-1ac7bfe9d2ee","properties":{"stationUuid":"208c966b-0df4-4939-943f-1ac7bfe9d2ee","name":"Rock FM","country":"Estonia","countryCode":"EE","language":null,"freqLabel":null,"streamUrl":"https://edge02.cdn.bitflip.ee:8888/rck?_i=5f5ab186","codec":"MP3","votes":5140},"geometry":{"type":"Point","coordinates":[24.746429426595572,59.43348416306439]}},{"type":"Feature","id":"d21f1a73-6718-4a79-84cc-0968e8d05d08","properties":{"stationUuid":"d21f1a73-6718-4a79-84cc-0968e8d05d08","name":"Rock-FM Metal","country":"Estonia","countryCode":"EE","language":"english,estonian","freqLabel":null,"streamUrl":"https://edge04.cdn.bitflip.ee:8888/rckmetal","codec":"MP3","votes":9},"geometry":{"type":"Point","coordinates":[24.756145477294925,59.43683013884101]}},{"type":"Feature","id":"3cca537f-0533-4810-b962-c9885527c9d6","properties":{"stationUuid":"3cca537f-0533-4810-b962-c9885527c9d6","name":"RUUT FM","country":"Estonia","countryCode":"EE","language":null,"freqLabel":null,"streamUrl":"https://a1.asurahosting.com/listen/ruut_fm/radio.mp3","codec":"MP3","votes":8},"geometry":{"type":"Point","coordinates":[26.04390621185303,57.77510180631683]}},{"type":"Feature","id":"8545fda3-dab7-4897-9263-462815742015","properties":{"stationUuid":"8545fda3-dab7-4897-9263-462815742015","name":"Sky Plus","country":"Estonia","countryCode":"EE","language":"estonian","freqLabel":null,"streamUrl":"https://stream.skymedia.ee/live/SKYPLUS","codec":"MP3","votes":971},"geometry":{"type":"Point","coordinates":[24.72747802734375,59.43045480454073]}},{"type":"Feature","id":"d3d942e0-89e7-4c55-8f18-e6b03057d0e3","properties":{"stationUuid":"d3d942e0-89e7-4c55-8f18-e6b03057d0e3","name":"Sky Plus D'N'B","country":"Estonia","countryCode":"EE","language":null,"freqLabel":null,"streamUrl":"https://edge01.cdn.bitflip.ee:8888/NRJdnb","codec":"MP3","votes":22},"geometry":{"type":"Point","coordinates":[25.597993108084555,58.76763052031727]}},{"type":"Feature","id":"05d3034c-7599-4fa4-a2c5-3b8cfb055849","properties":{"stationUuid":"05d3034c-7599-4fa4-a2c5-3b8cfb055849","name":"Sky Plus DnB","country":"Estonia","countryCode":"EE","language":"estonian","freqLabel":null,"streamUrl":"https://edge03.cdn.bitflip.ee:8888/NRJdnb","codec":"MP3","votes":769},"geometry":{"type":"Point","coordinates":[24.7796630859375,59.43986197380305]}},{"type":"Feature","id":"91ff5c64-9080-4976-b506-aee6c755a94a","properties":{"stationUuid":"91ff5c64-9080-4976-b506-aee6c755a94a","name":"Star FM Eesti","country":"Estonia","countryCode":"EE","language":"estonia","freqLabel":null,"streamUrl":"https://ice.leviracloud.eu/starFMEesti96-aac","codec":"AAC","votes":83},"geometry":{"type":"Point","coordinates":[24.774169921875004,59.348875588890515]}},{"type":"Feature","id":"a2624589-8279-4be3-9ea0-514dcd29cef8","properties":{"stationUuid":"a2624589-8279-4be3-9ea0-514dcd29cef8","name":"Võmba FM","country":"Estonia","countryCode":"EE","language":"estonian,finnish","freqLabel":null,"streamUrl":"https://c4.radioboss.fm:18123/stream","codec":"AAC","votes":688},"geometry":{"type":"Point","coordinates":[24.87953782081604,60.14884057111667]}},{"type":"Feature","id":"93d79144-d3a0-453b-8445-558828e70156","properties":{"stationUuid":"93d79144-d3a0-453b-8445-558828e70156","name":"Divu Krastu Radio","country":"Latvia","countryCode":"LV","language":"latvian","freqLabel":null,"streamUrl":"https://live.dkradio.lv/01","codec":"AAC","votes":5},"geometry":{"type":"Point","coordinates":[26.509724019416065,55.82062438838889]}},{"type":"Feature","id":"cfbbbfbd-1c6c-4e9b-be7f-1e2506901bcb","properties":{"stationUuid":"cfbbbfbd-1c6c-4e9b-be7f-1e2506901bcb","name":"gradio.lv ONE","country":"Latvia","countryCode":"LV","language":"english,latvian","freqLabel":null,"streamUrl":"https://stream.gradio.lv/gradio-one.mp4a","codec":"AAC","votes":8},"geometry":{"type":"Point","coordinates":[21.18825495243073,56.53933611058803]}},{"type":"Feature","id":"12735a70-367d-4c9c-b222-0870869ba1d6","properties":{"stationUuid":"12735a70-367d-4c9c-b222-0870869ba1d6","name":"Mix FM 102,7","country":"Latvia","countryCode":"LV","language":"english,russian","freqLabel":"102 FM","streamUrl":"https://live.relaxfm.lv/07","codec":"AAC","votes":18},"geometry":{"type":"Point","coordinates":[24.11382414298644,56.93365198654328]}},{"type":"Feature","id":"34a98692-9494-45c0-9ac4-f755d4145997","properties":{"stationUuid":"34a98692-9494-45c0-9ac4-f755d4145997","name":"Radio 7","country":"Latvia","countryCode":"LV","language":"latvian,latviešu","freqLabel":null,"streamUrl":"https://listen.radio7.lv:2053/Radio7","codec":"MP3","votes":25},"geometry":{"type":"Point","coordinates":[24.85566079616547,57.15314098163238]}},{"type":"Feature","id":"1d229119-d55e-444c-894e-b78a8e082508","properties":{"stationUuid":"1d229119-d55e-444c-894e-b78a8e082508","name":"Radio Melodija","country":"Latvia","countryCode":"LV","language":"russian","freqLabel":null,"streamUrl":"https://live.relaxfm.lv/08","codec":"AAC","votes":22},"geometry":{"type":"Point","coordinates":[24.11770612965959,56.934337883606126]}},{"type":"Feature","id":"4e2439db-4312-4331-b89e-1b000dc7bd4d","properties":{"stationUuid":"4e2439db-4312-4331-b89e-1b000dc7bd4d","name":"Retro FM","country":"Latvia","countryCode":"LV","language":null,"freqLabel":null,"streamUrl":"https://23613.live.streamtheworld.com/RETRO_FM.mp3","codec":"MP3","votes":12},"geometry":{"type":"Point","coordinates":[24.10594250465449,56.94874422660217]}},{"type":"Feature","id":"bb8f3cfa-b120-4565-84af-431886af80e3","properties":{"stationUuid":"bb8f3cfa-b120-4565-84af-431886af80e3","name":"Retro FM 70s 80s 90s","country":"Latvia","countryCode":"LV","language":null,"freqLabel":null,"streamUrl":"https://25443.live.streamtheworld.com/RETRO_LATVIJA_FM_70_80_90S.mp3","codec":"MP3","votes":20},"geometry":{"type":"Point","coordinates":[24.105317572542347,56.94901260958089]}},{"type":"Feature","id":"ec9d93fe-a161-4c97-ad39-858afd229ca7","properties":{"stationUuid":"ec9d93fe-a161-4c97-ad39-858afd229ca7","name":"Retro FM Disco","country":"Latvia","countryCode":"LV","language":null,"freqLabel":null,"streamUrl":"https://22653.live.streamtheworld.com/RETRO_FM_LATVIJA_DISCO.mp3","codec":"MP3","votes":11},"geometry":{"type":"Point","coordinates":[24.104784454937647,56.94885657426357]}},{"type":"Feature","id":"08c28678-83d8-4363-8c09-ca8ce8cfbbcf","properties":{"stationUuid":"08c28678-83d8-4363-8c09-ca8ce8cfbbcf","name":"StarFM","country":"Latvia","countryCode":"LV","language":null,"freqLabel":null,"streamUrl":"https://live.advailo.com/audio/mp3/icecast.audio","codec":"MP3","votes":12},"geometry":{"type":"Point","coordinates":[24.093017578125004,56.943176390447704]}},{"type":"Feature","id":"9a22e57f-7b7c-4e10-84db-e9b46479a8d6","properties":{"stationUuid":"9a22e57f-7b7c-4e10-84db-e9b46479a8d6","name":"TOP radio","country":"Latvia","countryCode":"LV","language":"english,latvian,russian","freqLabel":null,"streamUrl":"https://topradio.live.advailo.com/topradio/mp3/icecast.audio","codec":"MP3","votes":1057},"geometry":{"type":"Point","coordinates":[24.057148282896332,56.958437707931544]}},{"type":"Feature","id":"ada2c0a7-08b9-48dc-a6b7-d85d701a159e","properties":{"stationUuid":"ada2c0a7-08b9-48dc-a6b7-d85d701a159e","name":"TOP radio lv","country":"Latvia","countryCode":"LV","language":"latvia","freqLabel":null,"streamUrl":"https://live.advailo.com/topradio/live/playlist.m3u8","codec":"AAC","votes":17},"geometry":{"type":"Point","coordinates":[24.105131291726455,56.9494431543708]}},{"type":"Feature","id":"cf490244-175c-47d1-aa80-07f27b8b97c7","properties":{"stationUuid":"cf490244-175c-47d1-aa80-07f27b8b97c7","name":"XO.FM","country":"Latvia","countryCode":"LV","language":null,"freqLabel":null,"streamUrl":"https://live.xo.fm/xofm256","codec":"AAC","votes":3},"geometry":{"type":"Point","coordinates":[24.124609263756817,56.84376480282131]}},{"type":"Feature","id":"1ffa1528-eea5-4b32-81c7-8098970678b5","properties":{"stationUuid":"1ffa1528-eea5-4b32-81c7-8098970678b5","name":"Your City Padio","country":"Latvia","countryCode":"LV","language":"latvian","freqLabel":null,"streamUrl":"https://c28.radioboss.fm:18234/stream","codec":"MP3","votes":10},"geometry":{"type":"Point","coordinates":[24.10466626024022,56.94934118931528]}},{"type":"Feature","id":"b56671bc-2a27-40a2-84ac-5c474217ca8c","properties":{"stationUuid":"b56671bc-2a27-40a2-84ac-5c474217ca8c","name":"Radiocentras","country":"Lithuania","countryCode":"LT","language":null,"freqLabel":null,"streamUrl":"https://stream2.rc.lt/rc128.mp3","codec":"MP3","votes":2059},"geometry":{"type":"Point","coordinates":[24.104003906250004,55.373258314187176]}},{"type":"Feature","id":"cc71aeb0-fe7e-458c-aa5e-c58ff9158b7a","properties":{"stationUuid":"cc71aeb0-fe7e-458c-aa5e-c58ff9158b7a","name":"Tavo Balsas LT","country":"Lithuania","countryCode":"LT","language":null,"freqLabel":null,"streamUrl":"https://c18.radioboss.fm:8529/stream","codec":"MP3","votes":34},"geometry":{"type":"Point","coordinates":[25.283182992617427,54.6760543151901]}},{"type":"Feature","id":"07489f83-e84e-408e-8cba-e65d8d79e83c","properties":{"stationUuid":"07489f83-e84e-408e-8cba-e65d8d79e83c","name":"TOPFM","country":"Lithuania","countryCode":"LT","language":null,"freqLabel":null,"streamUrl":"https://radio.topfm.lt/listen/topfm/topfm-320","codec":"MP3","votes":38},"geometry":{"type":"Point","coordinates":[21.242065429687504,55.731846556592885]}},{"type":"Feature","id":"ee662a9d-fa14-4d70-8d1d-b101ed6da89f","properties":{"stationUuid":"ee662a9d-fa14-4d70-8d1d-b101ed6da89f","name":"ZipFM","country":"Lithuania","countryCode":"LT","language":null,"freqLabel":null,"streamUrl":"https://stream2.zipfm.lt/zipfm128.mp3","codec":"MP3","votes":2904},"geometry":{"type":"Point","coordinates":[24.180908203125,55.31371246684659]}},{"type":"Feature","id":"880cb524-8432-48d0-adf3-be96949c0171","properties":{"stationUuid":"880cb524-8432-48d0-adf3-be96949c0171","name":"Radio Kledu","country":"Mali","countryCode":"ML","language":"bambara,french","freqLabel":null,"streamUrl":"https://stream.zeno.fm/f38bxpt3v2quv","codec":"MP3","votes":749},"geometry":{"type":"Point","coordinates":[-8.002973584940053,12.645296283722566]}},{"type":"Feature","id":"d35feeb6-8fee-4904-8154-07da8df64857","properties":{"stationUuid":"d35feeb6-8fee-4904-8154-07da8df64857","name":"Radio Biwi Inter","country":"Burkina Faso","countryCode":"BF","language":"french","freqLabel":null,"streamUrl":"https://sonic.mediacp.eu/8040/;","codec":"MP3","votes":592},"geometry":{"type":"Point","coordinates":[-2.0214843750000004,12.685894460144546]}},{"type":"Feature","id":"9494e8b3-79b6-4a13-a51f-e36d75b120b6","properties":{"stationUuid":"9494e8b3-79b6-4a13-a51f-e36d75b120b6","name":"Radio Bizi Inter","country":"Burkina Faso","countryCode":"BF","language":"french","freqLabel":null,"streamUrl":"https://sonic.mediacp.eu/8040/;","codec":"MP3","votes":1382},"geometry":{"type":"Point","coordinates":[-1.845703125,11.654926370243752]}},{"type":"Feature","id":"71cb40e2-b4ec-4182-a339-dd3364fa9658","properties":{"stationUuid":"71cb40e2-b4ec-4182-a339-dd3364fa9658","name":"Rqdio Biwi Inter","country":"Burkina Faso","countryCode":"BF","language":null,"freqLabel":null,"streamUrl":"https://sonic.mediacp.eu/8040/;","codec":"MP3","votes":524},"geometry":{"type":"Point","coordinates":[-1.4941406250000002,11.827029771365778]}},{"type":"Feature","id":"9e1a3235-8d66-4a5b-a01c-a0fa43996f65","properties":{"stationUuid":"9e1a3235-8d66-4a5b-a01c-a0fa43996f65","name":"Rqdio Bizi Inter","country":"Burkina Faso","countryCode":"BF","language":null,"freqLabel":null,"streamUrl":"https://sonic.mediacp.eu/8040/;","codec":"MP3","votes":557},"geometry":{"type":"Point","coordinates":[-1.845703125,11.654926370243752]}},{"type":"Feature","id":"bf6d651c-c4e1-4b1a-81a7-93ae33fe98a3","properties":{"stationUuid":"bf6d651c-c4e1-4b1a-81a7-93ae33fe98a3","name":"Radio Baidoa 89.5 FM","country":"Somalia","countryCode":"SO","language":null,"freqLabel":"89.5 FM","streamUrl":"https://stream-175.surfernetwork.com/yxsfn746kg8uv?zt=eyJhbGciOiJIUzI1NiJ9.eyJzdHJlYW0iOiJ5eHNmbjc0NmtnOHV2IiwiaG9zdCI6InN0cmVhbS0xNzUuc3VyZmVybmV0d29yay5jb20iLCJydHRsIjo1LCJqdGkiOiJQeWZaeGFwR1FWR0FDX0hxbFJLaWVRIiwiaWF0IjoxNzg4MTAyOTYwLCJleHAiOjE3ODgxMDMwMjB9._YM_xfAQTKIpG857boiVsWdUI1II_jUevptsGOnJXYY","codec":"MP3","votes":9},"geometry":{"type":"Point","coordinates":[43.64933485621095,3.120685288082756]}},{"type":"Feature","id":"d617ca3d-4458-4c94-9a5f-65106263ec51","properties":{"stationUuid":"d617ca3d-4458-4c94-9a5f-65106263ec51","name":"101.1 Yes FM Manila","country":"The Philippines","countryCode":"PH","language":"filipino,tagalog","freqLabel":"101.1 FM","streamUrl":"https://azura.yesfm.com.ph/listen/yes_fm_manila/radio.mp3","codec":"MP3","votes":70},"geometry":{"type":"Point","coordinates":[120.98556250333787,14.556984327953908]}},{"type":"Feature","id":"490f5ee9-ac98-4200-99a3-3a5f3c6e1c7d","properties":{"stationUuid":"490f5ee9-ac98-4200-99a3-3a5f3c6e1c7d","name":"101.7 Your Love FM","country":"The Philippines","countryCode":"PH","language":null,"freqLabel":"101.7 FM","streamUrl":"https://radio.1017yourlovefm.com/listen/sanibpwersa/radio.mp3","codec":"MP3","votes":184},"geometry":{"type":"Point","coordinates":[121.00327607749156,14.573839022242636]}},{"type":"Feature","id":"e47c0813-93e0-45e7-9d82-d68bffff3032","properties":{"stationUuid":"e47c0813-93e0-45e7-9d82-d68bffff3032","name":"101.7 Your Love FM","country":"The Philippines","countryCode":"PH","language":null,"freqLabel":"101.7 FM","streamUrl":"https://radio.1017yourlovefm.com/listen/sanibpwersa/radio.mp3","codec":"MP3","votes":259},"geometry":{"type":"Point","coordinates":[121.00514979995812,14.576433331786038]}},{"type":"Feature","id":"04516826-36a3-4afb-a49f-61f83f59a80d","properties":{"stationUuid":"04516826-36a3-4afb-a49f-61f83f59a80d","name":"Aljem Magdula","country":"The Philippines","countryCode":"PH","language":null,"freqLabel":null,"streamUrl":"https://stream.zeno.fm/81sjev0tizduv","codec":"MP3","votes":1},"geometry":{"type":"Point","coordinates":[124.99344259500504,7.598512139966038]}},{"type":"Feature","id":"3702ba9c-e1fa-446e-9afe-dfdd1d16b42e","properties":{"stationUuid":"3702ba9c-e1fa-446e-9afe-dfdd1d16b42e","name":"Clubmix","country":"The Philippines","countryCode":"PH","language":"english","freqLabel":null,"streamUrl":"https://stream.zeno.fm/vztn8ux96zhvv","codec":"MP3","votes":822},"geometry":{"type":"Point","coordinates":[121.10383722375624,13.878365168137464]}},{"type":"Feature","id":"d9d877e2-0bf1-40c5-a183-af0d17802c33","properties":{"stationUuid":"d9d877e2-0bf1-40c5-a183-af0d17802c33","name":"Downtown Eclipse","country":"The Philippines","countryCode":"PH","language":null,"freqLabel":null,"streamUrl":"https://stream.zeno.fm/81sjev0tizduv","codec":"MP3","votes":5},"geometry":{"type":"Point","coordinates":[124.9933996796608,7.59849087071377]}},{"type":"Feature","id":"721b72d8-4f71-469d-a965-b715a1332c50","properties":{"stationUuid":"721b72d8-4f71-469d-a965-b715a1332c50","name":"DWDM Eagle FM 95.5","country":"The Philippines","countryCode":"PH","language":"english,filipino","freqLabel":"95.5 FM","streamUrl":"https://stream.radiojar.com/yus0r2bghd3vv","codec":"MP3","votes":35},"geometry":{"type":"Point","coordinates":[121.05999264986256,14.662495255417468]}},{"type":"Feature","id":"611e0fb7-ec3d-4f83-9782-35292bdf4d6d","properties":{"stationUuid":"611e0fb7-ec3d-4f83-9782-35292bdf4d6d","name":"DXBH Hope Radio 103.7Mhz","country":"The Philippines","countryCode":"PH","language":"cebuano,english,tagalog","freqLabel":null,"streamUrl":"https://stream.dxbh.net/main_mp3","codec":"AAC","votes":15},"geometry":{"type":"Point","coordinates":[123.22265625,10.752366085618164]}},{"type":"Feature","id":"a18c1d9c-df4e-467a-b06a-e4beb410148e","properties":{"stationUuid":"a18c1d9c-df4e-467a-b06a-e4beb410148e","name":"Exotica Radio","country":"The Philippines","countryCode":"PH","language":"english","freqLabel":null,"streamUrl":"https://www.exotica.radio/stream/radio-browser","codec":"MP3","votes":0},"geometry":{"type":"Point","coordinates":[123.85219,9.65556]}},{"type":"Feature","id":"b23ba7d7-32b2-418d-9e9b-5b47d7c58130","properties":{"stationUuid":"b23ba7d7-32b2-418d-9e9b-5b47d7c58130","name":"Exotica Radio","country":"The Philippines","countryCode":"PH","language":"english","freqLabel":null,"streamUrl":"https://www.exotica.radio/stream/radio-browser","codec":"MP3","votes":0},"geometry":{"type":"Point","coordinates":[123.85219,9.65556]}},{"type":"Feature","id":"fb544cc2-9eba-4abe-ac1c-ab9daf8488ba","properties":{"stationUuid":"fb544cc2-9eba-4abe-ac1c-ab9daf8488ba","name":"iMix Radio","country":"The Philippines","countryCode":"PH","language":"english,tagalog","freqLabel":null,"streamUrl":"https://stream.zeno.fm/sbmi7cx5z8buv","codec":"MP3","votes":354},"geometry":{"type":"Point","coordinates":[121.1039081283032,13.87823758425786]}},{"type":"Feature","id":"9d5127e8-3412-4cc7-bfd8-566253560206","properties":{"stationUuid":"9d5127e8-3412-4cc7-bfd8-566253560206","name":"KUYA HENRY PANCHO ILIGAN","country":"The Philippines","countryCode":"PH","language":null,"freqLabel":null,"streamUrl":"https://stream.zeno.fm/t9opranhul1uv","codec":"MP3","votes":2},"geometry":{"type":"Point","coordinates":[124.99221414327624,7.681640252911006]}},{"type":"Feature","id":"61f3e420-c65f-462f-8b4d-922261eff663","properties":{"stationUuid":"61f3e420-c65f-462f-8b4d-922261eff663","name":"MBS Radio","country":"The Philippines","countryCode":"PH","language":"english,filipino","freqLabel":null,"streamUrl":"https://stream-171.zeno.fm/67srwcmawgqtv?zt=eyJhbGciOiJIUzI1NiJ9.eyJzdHJlYW0iOiI2N3Nyd2NtYXdncXR2IiwiaG9zdCI6InN0cmVhbS0xNzEuemVuby5mbSIsInJ0dGwiOjUsImp0aSI6Im9JOGhDX0VfU0c2SXNBcDZmM1JzNnciLCJpYXQiOjE3MTU5NTQ1NzUsImV4cCI6MTcxNTk1NDYzNX0.VriCaRn4HyN7yDVnwXeryLgfMKkV4y_aJzugoJJ9Yeg","codec":"MP3","votes":29},"geometry":{"type":"Point","coordinates":[121.04755202965896,14.810266321955275]}},{"type":"Feature","id":"29d089db-7676-4f24-b16b-f5cdc5b9c07e","properties":{"stationUuid":"29d089db-7676-4f24-b16b-f5cdc5b9c07e","name":"Mellow 94.7 BFM","country":"The Philippines","countryCode":"PH","language":"english","freqLabel":null,"streamUrl":"https://streamer.radio.co/sec36cd5f1/listen","codec":"MP3","votes":135},"geometry":{"type":"Point","coordinates":[121.05061143636703,14.576355613611168]}},{"type":"Feature","id":"b149ff07-1be7-4f3a-90f8-4f8950146113","properties":{"stationUuid":"b149ff07-1be7-4f3a-90f8-4f8950146113","name":"Radyo Trabungko","country":"The Philippines","countryCode":"PH","language":null,"freqLabel":null,"streamUrl":"https://stream.zeno.fm/t9opranhul1uv","codec":"MP3","votes":2},"geometry":{"type":"Point","coordinates":[124.9922087788582,7.681640252911006]}},{"type":"Feature","id":"cbd407d2-df2e-4953-83de-3d11817f465e","properties":{"stationUuid":"cbd407d2-df2e-4953-83de-3d11817f465e","name":"Rage Music Philippines ","country":"The Philippines","countryCode":"PH","language":"english,tagalog","freqLabel":null,"streamUrl":"https://stream.zeno.fm/yu9dryfs7x8uv.mp3","codec":"MP3","votes":481},"geometry":{"type":"Point","coordinates":[120.9503692657754,13.85064349435294]}},{"type":"Feature","id":"cb4d6207-c66f-4d8f-ae93-778eea40ad36","properties":{"stationUuid":"cb4d6207-c66f-4d8f-ae93-778eea40ad36","name":"Scream Radio","country":"The Philippines","countryCode":"PH","language":null,"freqLabel":null,"streamUrl":"https://stream.zeno.fm/us9zu5w8zxhvv","codec":"MP3","votes":97},"geometry":{"type":"Point","coordinates":[121.103213393585,13.878512887718555]}},{"type":"Feature","id":"4a912d4e-00b0-49e7-87db-cf4ccd0d1269","properties":{"stationUuid":"4a912d4e-00b0-49e7-87db-cf4ccd0d1269","name":"Scream Radio","country":"The Philippines","countryCode":"PH","language":null,"freqLabel":null,"streamUrl":"https://stream.zeno.fm/c3z135w8zxhvv.mp3","codec":"MP3","votes":57},"geometry":{"type":"Point","coordinates":[121.0972046620638,13.903955437317036]}},{"type":"Feature","id":"d9a20ab2-1f10-4555-a657-4739a3c4273f","properties":{"stationUuid":"d9a20ab2-1f10-4555-a657-4739a3c4273f","name":"Vibe Radio ","country":"The Philippines","countryCode":"PH","language":"english,filipino,korean","freqLabel":null,"streamUrl":"https://stream.zeno.fm/zf0ac4raqy8uv","codec":"MP3","votes":58},"geometry":{"type":"Point","coordinates":[121.1035335621635,13.878516670247931]}},{"type":"Feature","id":"3a83ee6a-b61d-4649-9be0-b4357a00329f","properties":{"stationUuid":"3a83ee6a-b61d-4649-9be0-b4357a00329f","name":"VOV1","country":"Vietnam","countryCode":"VN","language":"vietnamese","freqLabel":null,"streamUrl":"https://str.vov.gov.vn/vovlive/vov1vov5Vietnamese.sdp_aac/playlist.m3u8","codec":"AAC","votes":1568},"geometry":{"type":"Point","coordinates":[105.83816528320314,21.024945412407845]}},{"type":"Feature","id":"4974ff56-f36a-48d9-a0bb-cd3b5ce07f31","properties":{"stationUuid":"4974ff56-f36a-48d9-a0bb-cd3b5ce07f31","name":"Dial Radio","country":"The Sudan","countryCode":"SD","language":"deutsch fränkisch,english,global","freqLabel":null,"streamUrl":"https://cast.dialradio.live/stream.aac","codec":"AAC","votes":183},"geometry":{"type":"Point","coordinates":[9.843750000000002,51.59242899291177]}},{"type":"Feature","id":"00f874ec-f9af-41b9-a636-e852a7f135cd","properties":{"stationUuid":"00f874ec-f9af-41b9-a636-e852a7f135cd","name":"HappyRadio","country":"Taiwan, Republic Of China","countryCode":"TW","language":"chinese","freqLabel":null,"streamUrl":"https://happyradio.com.tw/live","codec":"MP3","votes":14},"geometry":{"type":"Point","coordinates":[121.89279378795104,22.979759879141913]}},{"type":"Feature","id":"56f14e5f-1234-42a9-946b-1ab9e7c06794","properties":{"stationUuid":"56f14e5f-1234-42a9-946b-1ab9e7c06794","name":"Supreme Master TV","country":"Taiwan, Republic Of China","countryCode":"TW","language":"arabic,chinese,english,hindi,korean,mandarin,russian,spanish,thai,vietnamese","freqLabel":null,"streamUrl":"https://radio.suprememastertv.com/128K","codec":"MP3","votes":9},"geometry":{"type":"Point","coordinates":[121.6286167971792,25.20957996368239]}},{"type":"Feature","id":"f7a5c94a-c966-4e7f-932f-31d2020f9032","properties":{"stationUuid":"f7a5c94a-c966-4e7f-932f-31d2020f9032","name":"警察廣播電臺 - 全國治安交通網 FM 104.9","country":"Taiwan, Republic Of China","countryCode":"TW","language":"chinese,mandarin","freqLabel":"104.9 FM","streamUrl":"https://stream.pbs.gov.tw/live/PBS/playlist.m3u8","codec":"AAC","votes":173},"geometry":{"type":"Point","coordinates":[121.50758833617697,25.03603646467649]}},{"type":"Feature","id":"80f2fde9-58c1-4a37-a2d7-493b454c316f","properties":{"stationUuid":"80f2fde9-58c1-4a37-a2d7-493b454c316f","name":"警察廣播電臺 - 宜蘭分臺 FM 101.3","country":"Taiwan, Republic Of China","countryCode":"TW","language":"chinese,mandarin","freqLabel":"101.3 FM","streamUrl":"https://stream.pbs.gov.tw/live/ELS/playlist.m3u8","codec":"AAC","votes":17},"geometry":{"type":"Point","coordinates":[121.7481717873661,24.75442480721671]}},{"type":"Feature","id":"a0af9a7f-60d7-49a1-b975-89cf97218ffb","properties":{"stationUuid":"a0af9a7f-60d7-49a1-b975-89cf97218ffb","name":"警察廣播電臺 - 新竹分臺 AM 1512","country":"Taiwan, Republic Of China","countryCode":"TW","language":"chinese,mandarin","freqLabel":null,"streamUrl":"https://stream.pbs.gov.tw/live/SCS/playlist.m3u8","codec":"AAC","votes":33},"geometry":{"type":"Point","coordinates":[121.02077295272808,24.810254098454525]}},{"type":"Feature","id":"10730198-5342-46b1-bc6a-98af04c638fc","properties":{"stationUuid":"10730198-5342-46b1-bc6a-98af04c638fc","name":"警察廣播電臺 - 臺中分臺 FM 94.5","country":"Taiwan, Republic Of China","countryCode":"TW","language":"chinese,mandarin","freqLabel":"94.5 FM","streamUrl":"https://stream.pbs.gov.tw/live/TCS/playlist.m3u8","codec":"AAC","votes":38},"geometry":{"type":"Point","coordinates":[120.63225966821184,24.152939392587815]}},{"type":"Feature","id":"665c3e49-f179-44d5-a33a-51fa71aceb63","properties":{"stationUuid":"665c3e49-f179-44d5-a33a-51fa71aceb63","name":"警察廣播電臺 - 臺北分臺 FM 94.3","country":"Taiwan, Republic Of China","countryCode":"TW","language":"chinese,mandarin","freqLabel":"94.3 FM","streamUrl":"https://stream.pbs.gov.tw/live/TPS/playlist.m3u8","codec":"AAC","votes":92},"geometry":{"type":"Point","coordinates":[121.507630993431,25.03601702312708]}},{"type":"Feature","id":"61d496df-7169-469b-922c-0e842f59a0f2","properties":{"stationUuid":"61d496df-7169-469b-922c-0e842f59a0f2","name":"警察廣播電臺 - 臺南分臺 AM 1314","country":"Taiwan, Republic Of China","countryCode":"TW","language":"chinese,mandarin","freqLabel":null,"streamUrl":"https://stream.pbs.gov.tw/live/TNS/playlist.m3u8","codec":"AAC","votes":31},"geometry":{"type":"Point","coordinates":[120.26517583133948,23.18828227142604]}},{"type":"Feature","id":"21faf135-ace7-418b-a561-a43d8d162df3","properties":{"stationUuid":"21faf135-ace7-418b-a561-a43d8d162df3","name":"警察廣播電臺 - 臺東分臺 FM 94.3","country":"Taiwan, Republic Of China","countryCode":"TW","language":"chinese,mandarin","freqLabel":"94.3 FM","streamUrl":"https://stream.pbs.gov.tw/live/TTS/playlist.m3u8","codec":"AAC","votes":22},"geometry":{"type":"Point","coordinates":[121.15135881341727,22.755859927883822]}},{"type":"Feature","id":"7902974d-1b62-4bca-8ba7-d2469fbc27d4","properties":{"stationUuid":"7902974d-1b62-4bca-8ba7-d2469fbc27d4","name":"警察廣播電臺 - 花蓮分臺 FM 94.3","country":"Taiwan, Republic Of China","countryCode":"TW","language":"chinese,mandarin","freqLabel":"94.3 FM","streamUrl":"https://stream.pbs.gov.tw/live/HLS/playlist.m3u8","codec":"AAC","votes":22},"geometry":{"type":"Point","coordinates":[121.62028404758524,23.9936076571303]}},{"type":"Feature","id":"79c96d7f-6c87-47d2-a328-208f37f7392b","properties":{"stationUuid":"79c96d7f-6c87-47d2-a328-208f37f7392b","name":"警察廣播電臺 - 高雄分臺 FM 93.1","country":"Taiwan, Republic Of China","countryCode":"TW","language":"chinese,mandarin","freqLabel":"93.1 FM","streamUrl":"https://stream.pbs.gov.tw/live/KSS/playlist.m3u8","codec":"AAC","votes":68},"geometry":{"type":"Point","coordinates":[120.31700462016288,22.68833841814295]}},{"type":"Feature","id":"ee83c0ba-99cf-430f-80a3-c0f7a1957d81","properties":{"stationUuid":"ee83c0ba-99cf-430f-80a3-c0f7a1957d81","name":"93.5 Top Radio FM","country":"Thailand","countryCode":"TH","language":null,"freqLabel":"93.5 FM","streamUrl":"https://a10.asurahosting.com:8250/radio.mp3","codec":"MP3","votes":1},"geometry":{"type":"Point","coordinates":[100.50750017166138,13.726410185220876]}},{"type":"Feature","id":"0d100250-ad7e-47d5-9827-6b5cbbe4efb7","properties":{"stationUuid":"0d100250-ad7e-47d5-9827-6b5cbbe4efb7","name":"banmai radio","country":"Thailand","countryCode":"TH","language":"ภาษาไทย","freqLabel":null,"streamUrl":"https://radio10.plathong.net/7590/;stream.mp3?type=http","codec":"MP3","votes":62},"geometry":{"type":"Point","coordinates":[100.4670524597168,7.006361632032991]}},{"type":"Feature","id":"1e1113a5-7de2-4b9f-922c-ff56026f8759","properties":{"stationUuid":"1e1113a5-7de2-4b9f-922c-ff56026f8759","name":"BKK.FM","country":"Thailand","countryCode":"TH","language":null,"freqLabel":null,"streamUrl":"https://rsas.bkk.fm/radio","codec":"AAC","votes":1604},"geometry":{"type":"Point","coordinates":[100.6144452095032,13.685060157552996]}},{"type":"Feature","id":"df56ca27-8782-439f-bc91-806800aae834","properties":{"stationUuid":"df56ca27-8782-439f-bc91-806800aae834","name":"Chili Radio Thailand","country":"Thailand","countryCode":"TH","language":null,"freqLabel":null,"streamUrl":"https://stream.chiliradio.app/chiliclassics","codec":"MP3","votes":521},"geometry":{"type":"Point","coordinates":[98.9402961730957,18.74279420049168]}},{"type":"Feature","id":"c764e9db-1d62-47fb-bb10-bcf132702499","properties":{"stationUuid":"c764e9db-1d62-47fb-bb10-bcf132702499","name":"COOL Fahrenheit 93 FM","country":"Thailand","countryCode":"TH","language":"thai","freqLabel":"93 FM","streamUrl":"https://coolism-web.cdn.byteark.com/;stream/1","codec":"MP3","votes":146},"geometry":{"type":"Point","coordinates":[100.48095703125,13.71820694676256]}},{"type":"Feature","id":"afd4fa00-7f69-4455-9407-cf8160513547","properties":{"stationUuid":"afd4fa00-7f69-4455-9407-cf8160513547","name":"GOLD Radio","country":"Thailand","countryCode":"TH","language":null,"freqLabel":null,"streamUrl":"https://streaming.live365.com/a94344","codec":"MP3","votes":21},"geometry":{"type":"Point","coordinates":[98.30510120306715,7.848094274648355]}},{"type":"Feature","id":"f758776d-230e-4237-a426-93005a478ca0","properties":{"stationUuid":"f758776d-230e-4237-a426-93005a478ca0","name":"Radio Red Phuket","country":"Thailand","countryCode":"TH","language":"english,thai","freqLabel":null,"streamUrl":"https://stream.chiliradio.app/radiored","codec":"MP3","votes":44},"geometry":{"type":"Point","coordinates":[99.06166076660158,7.543435254790085]}},{"type":"Feature","id":"a3fa76c9-30d4-4abc-bd2f-fda28281bbee","properties":{"stationUuid":"a3fa76c9-30d4-4abc-bd2f-fda28281bbee","name":"Radio Samui","country":"Thailand","countryCode":"TH","language":"english","freqLabel":null,"streamUrl":"https://stream.mixadance.fm/radiosamui","codec":"AAC","votes":4},"geometry":{"type":"Point","coordinates":[99.990234375,9.517690980804574]}},{"type":"Feature","id":"b6bfa020-8770-40d5-b295-ff93368cc02f","properties":{"stationUuid":"b6bfa020-8770-40d5-b295-ff93368cc02f","name":"บ้านธัมมะ","country":"Thailand","countryCode":"TH","language":"thai,ภาษาไทย","freqLabel":null,"streamUrl":"https://radio10.plathong.net/7238/;stream.mp3","codec":"MP3","votes":774},"geometry":{"type":"Point","coordinates":[100.48633153506672,13.696218031027946]}},{"type":"Feature","id":"1c6c7fe1-155a-4e62-8aa9-ea51fb977aab","properties":{"stationUuid":"1c6c7fe1-155a-4e62-8aa9-ea51fb977aab","name":"วิทยุเสียงอิสลาม","country":"Thailand","countryCode":"TH","language":"thai","freqLabel":null,"streamUrl":"https://radio12.plathong.net/7234/;stream.mp3","codec":"MP3","votes":192},"geometry":{"type":"Point","coordinates":[100.51702855098144,13.740985851385403]}},{"type":"Feature","id":"00635b1c-49b1-4b38-88f6-f924e8f45af8","properties":{"stationUuid":"00635b1c-49b1-4b38-88f6-f924e8f45af8","name":"สถานีวิทยุกระจายเสียงแห่งประเทศไทย (FM 92.5 MHz)","country":"Thailand","countryCode":"TH","language":"thai","freqLabel":"92.5 FM","streamUrl":"https://cdn-edge.iiptvcdn.com/radio_edge/45d4-d521-cbfc-d686-0123/playlist.m3u8","codec":"AAC","votes":5},"geometry":{"type":"Point","coordinates":[100.5595816178889,13.782050303781594]}},{"type":"Feature","id":"a996e9f4-b01e-4881-8fc7-7e034c8ae996","properties":{"stationUuid":"a996e9f4-b01e-4881-8fc7-7e034c8ae996","name":"สถานีวิทยุจังหวัดทหารบกลพบุรี AM 1197 KHz. Stereo","country":"Thailand","countryCode":"TH","language":"thai","freqLabel":null,"streamUrl":"https://mdr13.ddns.net/radio/am1197","codec":"AAC","votes":8},"geometry":{"type":"Point","coordinates":[100.64289271831514,14.800647785965667]}},{"type":"Feature","id":"cc20bea1-aeea-4801-8f62-6aaab144f150","properties":{"stationUuid":"cc20bea1-aeea-4801-8f62-6aaab144f150","name":"Family FM 99.5 (Witthyu Krousar)","country":"Cambodia","countryCode":"KH","language":"khmer","freqLabel":"99.5 FM","streamUrl":"https://s14.myradiostream.com/10064/;.mp3","codec":"MP3","votes":31},"geometry":{"type":"Point","coordinates":[104.9282,11.5564]}},{"type":"Feature","id":"053872d7-f972-4db7-b19c-993e6553141d","properties":{"stationUuid":"053872d7-f972-4db7-b19c-993e6553141d","name":"LDP Radio","country":"Cambodia","countryCode":"KH","language":"khmer","freqLabel":null,"streamUrl":"https://streaming.radio.co/sd48fd711d/listen","codec":"MP3","votes":19},"geometry":{"type":"Point","coordinates":[104.9282,11.5564]}},{"type":"Feature","id":"5bfc4b1a-def1-44ab-8d6d-e7c63820f781","properties":{"stationUuid":"5bfc4b1a-def1-44ab-8d6d-e7c63820f781","name":"Pop Radio 21","country":"Cambodia","countryCode":"KH","language":"khmer","freqLabel":null,"streamUrl":"https://listen.radioking.com/radio/318317/stream/365846","codec":"MP3","votes":55},"geometry":{"type":"Point","coordinates":[104.9282,11.5564]}},{"type":"Feature","id":"e39cc117-47c6-4eae-9d4b-d70c3087831f","properties":{"stationUuid":"e39cc117-47c6-4eae-9d4b-d70c3087831f","name":"Sweet FM 88 (Siem Reap)","country":"Cambodia","countryCode":"KH","language":"khmer","freqLabel":"88 FM","streamUrl":"https://n12.rcs.revma.com/whn9hqwstk3vv","codec":"MP3","votes":10},"geometry":{"type":"Point","coordinates":[103.8597,13.3622]}},{"type":"Feature","id":"0a010e69-30ae-4b26-a3a8-b57b105d16ca","properties":{"stationUuid":"0a010e69-30ae-4b26-a3a8-b57b105d16ca","name":"106.5 Kiss FM","country":"Ukraine","countryCode":"UA","language":"english,ukrainian","freqLabel":"106.5 FM","streamUrl":"https://online.kissfm.ua/KissFM_HD","codec":"MP3","votes":682},"geometry":{"type":"Point","coordinates":[30.482822656631473,50.4830296035931]}},{"type":"Feature","id":"156661f7-db32-4f54-9075-a731703fbc25","properties":{"stationUuid":"156661f7-db32-4f54-9075-a731703fbc25","name":"Ax Radio!","country":"Ukraine","countryCode":"UA","language":"english,ukrainian","freqLabel":null,"streamUrl":"https://m.axradio.net/stream.mp3","codec":"MP3","votes":73},"geometry":{"type":"Point","coordinates":[35.10686111839544,47.86105474991385]}},{"type":"Feature","id":"d0050edc-29b5-4b7e-83fb-c4584c54b811","properties":{"stationUuid":"d0050edc-29b5-4b7e-83fb-c4584c54b811","name":"Europa Plus","country":"Ukraine","countryCode":"UA","language":"ukrainian","freqLabel":null,"streamUrl":"https://s5.radioforge.com:7908/live?n=77357","codec":"MP3","votes":565},"geometry":{"type":"Point","coordinates":[30.52554488182068,50.42239259825609]}},{"type":"Feature","id":"a1f8845a-f2b9-46d1-b93d-4bd92e5e9204","properties":{"stationUuid":"a1f8845a-f2b9-46d1-b93d-4bd92e5e9204","name":"Galychyna","country":"Ukraine","countryCode":"UA","language":"ukrainian","freqLabel":null,"streamUrl":"https://stream320.galychyna.fm/WebSite","codec":"MP3","votes":440},"geometry":{"type":"Point","coordinates":[24.030532836914062,49.84391631446085]}},{"type":"Feature","id":"3e1d723b-fcfe-4651-b593-b82ac2ecd646","properties":{"stationUuid":"3e1d723b-fcfe-4651-b593-b82ac2ecd646","name":"Garmonia Mira","country":"Ukraine","countryCode":"UA","language":null,"freqLabel":null,"streamUrl":"https://garmonia-stream.fakel.com.ua/1","codec":"MP3","votes":229},"geometry":{"type":"Point","coordinates":[30.721206665039062,46.46416020242614]}},{"type":"Feature","id":"ede55a22-f16e-4eb4-be1a-731816df3743","properties":{"stationUuid":"ede55a22-f16e-4eb4-be1a-731816df3743","name":"Kiss FM","country":"Ukraine","countryCode":"UA","language":"ukrainian","freqLabel":null,"streamUrl":"https://online.kissfm.ua/KissFM_HD","codec":"MP3","votes":2124},"geometry":{"type":"Point","coordinates":[30.484348296922693,50.48364264929407]}},{"type":"Feature","id":"f1a55c38-d92a-4ba5-a0d0-d4e29601d533","properties":{"stationUuid":"f1a55c38-d92a-4ba5-a0d0-d4e29601d533","name":"Kiss FM Digital SD","country":"Ukraine","countryCode":"UA","language":"english,ukrainian","freqLabel":null,"streamUrl":"https://online.kissfm.ua/KissFM_Digital","codec":"MP3","votes":274},"geometry":{"type":"Point","coordinates":[30.484340786933902,50.48370124162419]}},{"type":"Feature","id":"8fae0da6-d485-4e98-8860-d71720a49dcc","properties":{"stationUuid":"8fae0da6-d485-4e98-8860-d71720a49dcc","name":"Kiss FM Ukrainian","country":"Ukraine","countryCode":"UA","language":"ukrainian","freqLabel":null,"streamUrl":"https://online.kissfm.ua/KissFM_Ukr","codec":"MP3","votes":9368},"geometry":{"type":"Point","coordinates":[30.485866806375277,50.482840660446655]}},{"type":"Feature","id":"a39688fa-2959-4b0c-8bf7-8cf0bc9dd108","properties":{"stationUuid":"a39688fa-2959-4b0c-8bf7-8cf0bc9dd108","name":"Lounge FM","country":"Ukraine","countryCode":"UA","language":"ukrainian","freqLabel":null,"streamUrl":"https://cast.mediaonline.net.ua/loungefm320","codec":"MP3","votes":169},"geometry":{"type":"Point","coordinates":[30.498046875000004,50.171268760512056]}},{"type":"Feature","id":"c063268d-f6bf-49d3-8f4c-82dc95cd7292","properties":{"stationUuid":"c063268d-f6bf-49d3-8f4c-82dc95cd7292","name":"Megapolis FM 105.2 Kryvyi Rih","country":"Ukraine","countryCode":"UA","language":"ukrainian","freqLabel":"105.2 FM","streamUrl":"https://cast.megapolis.fm/listen/kryvyi_rih/radio.mp3","codec":"MP3","votes":246},"geometry":{"type":"Point","coordinates":[33.39191436767579,47.91017301375742]}},{"type":"Feature","id":"db8a3218-6d66-42c2-a97b-ab0550a318ee","properties":{"stationUuid":"db8a3218-6d66-42c2-a97b-ab0550a318ee","name":"MFM STATION","country":"Ukraine","countryCode":"UA","language":"ukrainian","freqLabel":null,"streamUrl":"https://radio.mfm.ua/online128","codec":"MP3","votes":248},"geometry":{"type":"Point","coordinates":[36.2593299150467,49.98639875105672]}},{"type":"Feature","id":"0f0c1ca4-1ac2-4a46-abd4-755bcfaa1769","properties":{"stationUuid":"0f0c1ca4-1ac2-4a46-abd4-755bcfaa1769","name":"Mj Play FM","country":"Ukraine","countryCode":"UA","language":"english,ukrainian","freqLabel":null,"streamUrl":"https://mjplay.empirecraft.lv/stream","codec":"MP3","votes":6},"geometry":{"type":"Point","coordinates":[25.32013088464737,50.745399517153125]}},{"type":"Feature","id":"960a0bed-9524-4ea1-b6e8-b6d2431d5c26","properties":{"stationUuid":"960a0bed-9524-4ea1-b6e8-b6d2431d5c26","name":"NRJ Ukraine","country":"Ukraine","countryCode":"UA","language":"ukrainian","freqLabel":null,"streamUrl":"https://cast.mediaonline.net.ua/nrj320","codec":"MP3","votes":1255},"geometry":{"type":"Point","coordinates":[30.479716658592228,50.48089798430852]}},{"type":"Feature","id":"ed3880a4-7ac6-4872-8931-9f6cb433f260","properties":{"stationUuid":"ed3880a4-7ac6-4872-8931-9f6cb433f260","name":"Radio Gold Ukraine","country":"Ukraine","countryCode":"UA","language":null,"freqLabel":null,"streamUrl":"https://online.radioplayer.ua/RadioGold","codec":"MP3","votes":430},"geometry":{"type":"Point","coordinates":[30.509033203125004,50.42251884281918]}},{"type":"Feature","id":"8593f489-f319-41af-86e7-f2f7adc121de","properties":{"stationUuid":"8593f489-f319-41af-86e7-f2f7adc121de","name":"Radio Jazz Gold FM","country":"Ukraine","countryCode":"UA","language":"english,ukrainian","freqLabel":null,"streamUrl":"https://online.radiojazz.ua/RadioJazz_Gold","codec":"MP3","votes":122},"geometry":{"type":"Point","coordinates":[30.531005859375004,50.42111881237421]}},{"type":"Feature","id":"c9b8ccba-55e6-4675-a77b-dd2d7aaacdd8","properties":{"stationUuid":"c9b8ccba-55e6-4675-a77b-dd2d7aaacdd8","name":"Radio Perec FM","country":"Ukraine","countryCode":"UA","language":"ukrainian","freqLabel":null,"streamUrl":"https://radio.perec.fm/radio-stilnoe","codec":"MP3","votes":12},"geometry":{"type":"Point","coordinates":[30.520019531250004,50.432197017941945]}},{"type":"Feature","id":"7a3745cd-bf32-493d-97b7-dac324354b7c","properties":{"stationUuid":"7a3745cd-bf32-493d-97b7-dac324354b7c","name":"Radio Relax","country":"Ukraine","countryCode":"UA","language":"ukrainian","freqLabel":null,"streamUrl":"https://online.radiorelax.ua/RadioRelax","codec":"MP3","votes":978},"geometry":{"type":"Point","coordinates":[30.484349370690325,50.48363582265559]}},{"type":"Feature","id":"4748a2a9-2f27-4e4d-a15f-a91448a75830","properties":{"stationUuid":"4748a2a9-2f27-4e4d-a15f-a91448a75830","name":"Radio ROCKS Kyiv 103.6FM HD","country":"Ukraine","countryCode":"UA","language":"english,ukrainian","freqLabel":null,"streamUrl":"https://online.radioroks.ua/RadioROKS_HD","codec":"MP3","votes":967},"geometry":{"type":"Point","coordinates":[30.4828816652298,50.48296656203639]}},{"type":"Feature","id":"101148c7-c51d-4fa2-aaa6-0938e0d90115","properties":{"stationUuid":"101148c7-c51d-4fa2-aaa6-0938e0d90115","name":"Radio Social.net.ua","country":"Ukraine","countryCode":"UA","language":"english,ukrainian","freqLabel":null,"streamUrl":"https://radio.social.net.ua/live.mp3","codec":"MP3","votes":54},"geometry":{"type":"Point","coordinates":[30.7328597372855,46.48175176788423]}},{"type":"Feature","id":"52b9f9bf-91c2-454a-9193-a0089d67aa03","properties":{"stationUuid":"52b9f9bf-91c2-454a-9193-a0089d67aa03","name":"RADIO-HOOLIGAN","country":"Ukraine","countryCode":"UA","language":null,"freqLabel":null,"streamUrl":"https://radio-hooligan.com/stream","codec":"MP3","votes":5},"geometry":{"type":"Point","coordinates":[30.53924560546875,50.42519830964062]}},{"type":"Feature","id":"0d82a261-11ae-4af7-a34c-6952f3a886a3","properties":{"stationUuid":"0d82a261-11ae-4af7-a34c-6952f3a886a3","name":"RadiVo","country":"Ukraine","countryCode":"UA","language":"russian,ukrainian","freqLabel":null,"streamUrl":"https://radivo.thx8te.kh.ua/listen/radivo/radio.mp3","codec":"MP3","votes":16},"geometry":{"type":"Point","coordinates":[36.25496783463566,50.00962138176304]}},{"type":"Feature","id":"38df9888-784d-49ba-b7a8-3cc2d6e7b8d1","properties":{"stationUuid":"38df9888-784d-49ba-b7a8-3cc2d6e7b8d1","name":"Rock","country":"Ukraine","countryCode":"UA","language":null,"freqLabel":null,"streamUrl":"https://stream.zeno.fm/r6o4xljca6cvv","codec":"AAC","votes":161},"geometry":{"type":"Point","coordinates":[32.107021975067475,49.88330863099783]}},{"type":"Feature","id":"3ac2b9cc-46f2-42c3-b63f-975da3b70000","properties":{"stationUuid":"3ac2b9cc-46f2-42c3-b63f-975da3b70000","name":"RockRadio UA (РокРадіо UA)","country":"Ukraine","countryCode":"UA","language":"ukrainian","freqLabel":null,"streamUrl":"https://rockradioua.online:8433/rock_256","codec":"AAC","votes":347},"geometry":{"type":"Point","coordinates":[32.61877398937941,46.625400470340864]}},{"type":"Feature","id":"7c03afd8-e20f-45b6-bc28-8c369d90dd4c","properties":{"stationUuid":"7c03afd8-e20f-45b6-bc28-8c369d90dd4c","name":"STYLE FM","country":"Ukraine","countryCode":"UA","language":"english,russian,ukrainian","freqLabel":null,"streamUrl":"https://myradio24.org/station","codec":"MP3","votes":10},"geometry":{"type":"Point","coordinates":[30.455236045596553,50.24095941385009]}},{"type":"Feature","id":"97115fc5-552f-42e2-9298-362dbff78596","properties":{"stationUuid":"97115fc5-552f-42e2-9298-362dbff78596","name":"Sun FM","country":"Ukraine","countryCode":"UA","language":null,"freqLabel":null,"streamUrl":"https://stream.sunfmua.com/live","codec":"AAC","votes":2},"geometry":{"type":"Point","coordinates":[30.278320312500004,50.388383394242794]}},{"type":"Feature","id":"e1c4b3cf-f925-47a5-9b5b-00107f26606d","properties":{"stationUuid":"e1c4b3cf-f925-47a5-9b5b-00107f26606d","name":"The West Pole Radio","country":"Ukraine","countryCode":"UA","language":"ukrainian","freqLabel":null,"streamUrl":"https://online.z-polus.info/hq","codec":"MP3","votes":62},"geometry":{"type":"Point","coordinates":[24.70712344252719,48.907698217347445]}},{"type":"Feature","id":"e20c1c8b-7e5a-4112-a9ca-502bae53792a","properties":{"stationUuid":"e20c1c8b-7e5a-4112-a9ca-502bae53792a","name":"Tim FM Chernihiv","country":"Ukraine","countryCode":"UA","language":"ukrainian","freqLabel":null,"streamUrl":"https://tim-fm.tim.ua/mp3","codec":"MP3","votes":47},"geometry":{"type":"Point","coordinates":[31.283569335937504,51.48651406499528]}},{"type":"Feature","id":"192405d7-e683-418d-8bcc-07c4cc8e9aa1","properties":{"stationUuid":"192405d7-e683-418d-8bcc-07c4cc8e9aa1","name":"Tim FM Chernihiv","country":"Ukraine","countryCode":"UA","language":"ukrainian","freqLabel":null,"streamUrl":"https://tim-fm.tim.ua/mp3","codec":"MP3","votes":87},"geometry":{"type":"Point","coordinates":[32.38220214843751,50.58977601184109]}},{"type":"Feature","id":"27519a87-74fd-4325-8c1a-43d3218dee08","properties":{"stationUuid":"27519a87-74fd-4325-8c1a-43d3218dee08","name":"ZFM+ (Захид ФМ +)","country":"Ukraine","countryCode":"UA","language":"ukrainian","freqLabel":null,"streamUrl":"https://radio.zfm.com.ua:8443/zfm","codec":"MP3","votes":47},"geometry":{"type":"Point","coordinates":[22.706519617523885,48.438538777635735]}},{"type":"Feature","id":"8e6207f4-ed81-4ba0-980b-f612221b4b27","properties":{"stationUuid":"8e6207f4-ed81-4ba0-980b-f612221b4b27","name":"Єдині новини 24 - BREAKING - LIVE","country":"Ukraine","countryCode":"UA","language":"ukrainian","freqLabel":null,"streamUrl":"https://online-news.radioplayer.ua/RadioNews","codec":"MP3","votes":1088},"geometry":{"type":"Point","coordinates":[30.52442595461635,50.44991100658927]}},{"type":"Feature","id":"7d9d54f5-9d1b-43c1-b616-54ccd071aeeb","properties":{"stationUuid":"7d9d54f5-9d1b-43c1-b616-54ccd071aeeb","name":"Люкс FM Львів","country":"Ukraine","countryCode":"UA","language":"ukrainian","freqLabel":null,"streamUrl":"https://streamvideo.luxnet.ua/luxlviv/luxlviv.stream/playlist.m3u8","codec":"AAC","votes":54},"geometry":{"type":"Point","coordinates":[24.031203389167786,49.838843932599]}},{"type":"Feature","id":"82860630-87f2-4e10-8621-afac65754aa1","properties":{"stationUuid":"82860630-87f2-4e10-8621-afac65754aa1","name":"Люкс FM Львів","country":"Ukraine","countryCode":"UA","language":"ukrainian","freqLabel":null,"streamUrl":"https://streamvideo.luxnet.ua/luxlviv/luxlviv.stream/playlist.m3u8","codec":"AAC","votes":342},"geometry":{"type":"Point","coordinates":[24.03120875358582,49.838837013145984]}},{"type":"Feature","id":"d0da17ac-8dac-42c3-a0fa-017bbd91311b","properties":{"stationUuid":"d0da17ac-8dac-42c3-a0fa-017bbd91311b","name":"Наше Радіо 107,9","country":"Ukraine","countryCode":"UA","language":"ukranian","freqLabel":null,"streamUrl":"https://online.nasheradio.ua/NasheRadio_HD","codec":"MP3","votes":142},"geometry":{"type":"Point","coordinates":[30.482980906963352,50.4829913665885]}},{"type":"Feature","id":"43d6ed69-bb53-44ab-bc5d-919c238e7708","properties":{"stationUuid":"43d6ed69-bb53-44ab-bc5d-919c238e7708","name":"Наше Радіо 107,9","country":"Ukraine","countryCode":"UA","language":"ukranian","freqLabel":null,"streamUrl":"https://online.nasheradio.ua/NasheRadio_HD","codec":"MP3","votes":35},"geometry":{"type":"Point","coordinates":[30.48297554254532,50.48299820011982]}},{"type":"Feature","id":"2354188e-32a3-4fe8-8219-cb537c92eaf9","properties":{"stationUuid":"2354188e-32a3-4fe8-8219-cb537c92eaf9","name":"Наше Радіо 107,9","country":"Ukraine","countryCode":"UA","language":"ukranian","freqLabel":null,"streamUrl":"https://online.nasheradio.ua/NasheRadio_HD","codec":"MP3","votes":133},"geometry":{"type":"Point","coordinates":[30.482959449291233,50.48300162621127]}},{"type":"Feature","id":"8abe2f7f-a97a-42d1-b0c1-93b29d366e4c","properties":{"stationUuid":"8abe2f7f-a97a-42d1-b0c1-93b29d366e4c","name":"Радио НВ","country":"Ukraine","countryCode":"UA","language":null,"freqLabel":null,"streamUrl":"https://online-radio.nv.ua/radionv.mp3","codec":"MP3","votes":430},"geometry":{"type":"Point","coordinates":[30.52566450115272,50.45042161129042]}},{"type":"Feature","id":"eb859bdf-f4d9-41ca-8052-d4ea4a0b2ab9","properties":{"stationUuid":"eb859bdf-f4d9-41ca-8052-d4ea4a0b2ab9","name":"Радіо «РЕЙД»","country":"Ukraine","countryCode":"UA","language":"ukrainian","freqLabel":null,"streamUrl":"https://a9.asurahosting.com:7390/radio.mp3","codec":"MP3","votes":22},"geometry":{"type":"Point","coordinates":[30.570964316940614,50.43430736157057]}},{"type":"Feature","id":"f363dba1-817c-4e8e-8ac4-3f3de11ae374","properties":{"stationUuid":"f363dba1-817c-4e8e-8ac4-3f3de11ae374","name":"Радіо Західний полюс","country":"Ukraine","countryCode":"UA","language":"ukranian","freqLabel":null,"streamUrl":"https://online.z-polus.info/mobile","codec":"AAC","votes":56},"geometry":{"type":"Point","coordinates":[24.707264900207523,48.918571018647754]}},{"type":"Feature","id":"75049d79-955c-4014-a7b5-700422eaa447","properties":{"stationUuid":"75049d79-955c-4014-a7b5-700422eaa447","name":"РАДІО КИЇВ – 98 FM","country":"Ukraine","countryCode":"UA","language":"ukrainian","freqLabel":"98 FM","streamUrl":"https://cdn.vsnw.net:8943/kyiv_fm_128k","codec":"MP3","votes":3164},"geometry":{"type":"Point","coordinates":[30.517731622676372,50.44462853111026]}},{"type":"Feature","id":"990aa9cd-b761-46ea-8c50-e79c5a235a31","properties":{"stationUuid":"990aa9cd-b761-46ea-8c50-e79c5a235a31","name":"Радіо С4","country":"Ukraine","countryCode":"UA","language":"ukrainian","freqLabel":null,"streamUrl":"https://radio.c4.com.ua:8443/320","codec":"MP3","votes":21},"geometry":{"type":"Point","coordinates":[25.93734741210938,48.29397524221956]}},{"type":"Feature","id":"95197788-a251-4967-aeda-0c9b10aa41d8","properties":{"stationUuid":"95197788-a251-4967-aeda-0c9b10aa41d8","name":"Радіо Трек","country":"Ukraine","countryCode":"UA","language":"ukranian","freqLabel":null,"streamUrl":"https://cast.radiotrek.rv.ua:8433/MP3_320","codec":"MP3","votes":26},"geometry":{"type":"Point","coordinates":[26.25169157981873,50.625840806684614]}},{"type":"Feature","id":"705579c1-3e2e-4d1e-aa30-50159faf8a2e","properties":{"stationUuid":"705579c1-3e2e-4d1e-aa30-50159faf8a2e","name":"Радіо Хартія (Radio Khartia)","country":"Ukraine","countryCode":"UA","language":null,"freqLabel":null,"streamUrl":"https://a9.asurahosting.com/listen/radio_khartia/radio.mp3","codec":"MP3","votes":15},"geometry":{"type":"Point","coordinates":[36.26586914062501,49.97617598080074]}},{"type":"Feature","id":"a978a096-5b89-4212-a751-b825e50ee6c1","properties":{"stationUuid":"a978a096-5b89-4212-a751-b825e50ee6c1","name":"РАДІОПІХОТА","country":"Ukraine","countryCode":"UA","language":null,"freqLabel":null,"streamUrl":"https://online.pihota.fm/listen/radio/aac64","codec":"AAC","votes":10},"geometry":{"type":"Point","coordinates":[37.59246826171876,48.740851850818]}},{"type":"Feature","id":"e75c8795-d8e6-456e-a0b2-6f5992966969","properties":{"stationUuid":"e75c8795-d8e6-456e-a0b2-6f5992966969","name":"Хіт FM","country":"Ukraine","countryCode":"UA","language":"ukrainian","freqLabel":null,"streamUrl":"https://online.hitfm.ua/HitFM_HD","codec":"MP3","votes":1364},"geometry":{"type":"Point","coordinates":[30.520463999273993,50.45583580067931]}},{"type":"Feature","id":"62fbaf9d-c5ef-4b18-9e6a-cf9239ace46b","properties":{"stationUuid":"62fbaf9d-c5ef-4b18-9e6a-cf9239ace46b","name":"راديو الشيخ محمد المقرمي إذاعة (هندسة القلوب)","country":"Yemen","countryCode":"YE","language":"arabic","freqLabel":null,"streamUrl":"https://s1.reliastream.com/proxy/almaqrami?mp=/stream","codec":"MP3","votes":3164},"geometry":{"type":"Point","coordinates":[44.00230407714844,13.144093946514309]}}]}
