{"type":"FeatureCollection","_provenance":{"id":"radio-stations-global","source":"radio-browser.info","url":"https://all.api.radio-browser.info/json/stations/search?has_geo_info=true&is_https=true&hidebroken=true&order=votes&reverse=true&limit=500","license":"PDDL 1.0 (directory); each stream is subject to its own broadcaster terms","attribution":"Stations: radio-browser.info community directory (PDDL 1.0)","retrievedAt":"2026-09-22T22:15:11.749Z","transform":"top 500 by votes worldwide, HTTPS MP3/AAC with geo coordinates","featureCount":378},"features":[{"type":"Feature","id":"d1a54d2e-623e-4970-ab11-35f7b56c5ec3","properties":{"stationUuid":"d1a54d2e-623e-4970-ab11-35f7b56c5ec3","name":"Classic Vinyl HD","country":"The United States Of America","countryCode":"US","language":"english","freqLabel":null,"streamUrl":"https://icecast.walmradio.com:8443/classic","codec":"MP3","votes":303660},"geometry":{"type":"Point","coordinates":[-73.97538,40.75166]}},{"type":"Feature","id":"ea8059be-d119-4de3-b27b-0d9bd6aedb17","properties":{"stationUuid":"ea8059be-d119-4de3-b27b-0d9bd6aedb17","name":"Adroit Jazz Underground","country":"The United States Of America","countryCode":"US","language":"english","freqLabel":null,"streamUrl":"https://icecast.walmradio.com:8443/jazz","codec":"MP3","votes":182235},"geometry":{"type":"Point","coordinates":[-73.97538,40.75166]}},{"type":"Feature","id":"6eff3484-4ab4-4d36-bf27-9172c5aac15c","properties":{"stationUuid":"6eff3484-4ab4-4d36-bf27-9172c5aac15c","name":"Christmas Vinyl HD","country":"The United States Of America","countryCode":"US","language":"english","freqLabel":null,"streamUrl":"https://icecast.walmradio.com:8443/christmas","codec":"MP3","votes":168755},"geometry":{"type":"Point","coordinates":[-73.97538,40.75166]}},{"type":"Feature","id":"348dfc58-ce8c-413b-b264-0384f816344b","properties":{"stationUuid":"348dfc58-ce8c-413b-b264-0384f816344b","name":"WALM HD","country":"The United States Of America","countryCode":"US","language":"english","freqLabel":null,"streamUrl":"https://icecast.walmradio.com:8443/walm","codec":"MP3","votes":165781},"geometry":{"type":"Point","coordinates":[-73.97538,40.75166]}},{"type":"Feature","id":"313046e3-b203-4b9d-bc3e-393da7d97126","properties":{"stationUuid":"313046e3-b203-4b9d-bc3e-393da7d97126","name":"WALM - Old Time Radio","country":"The United States Of America","countryCode":"US","language":"english","freqLabel":null,"streamUrl":"https://icecast.walmradio.com:8443/otr","codec":"MP3","votes":154647},"geometry":{"type":"Point","coordinates":[-73.97538,40.75166]}},{"type":"Feature","id":"64bb1467-2585-4454-a96f-34cfbc864d41","properties":{"stationUuid":"64bb1467-2585-4454-a96f-34cfbc864d41","name":"WALM 2 HD","country":"The United States Of America","countryCode":"US","language":"english","freqLabel":null,"streamUrl":"https://icecast.walmradio.com:8443/walm2","codec":"MP3","votes":103327},"geometry":{"type":"Point","coordinates":[-73.97538,40.75166]}},{"type":"Feature","id":"7a3a3989-8f26-44f7-9ae5-fa91e5cf4f9d","properties":{"stationUuid":"7a3a3989-8f26-44f7-9ae5-fa91e5cf4f9d","name":"RMC FR","country":"France","countryCode":"FR","language":"french","freqLabel":null,"streamUrl":"https://audio.bfmtv.com/rmcradio_128.mp3","codec":"MP3","votes":75983},"geometry":{"type":"Point","coordinates":[5.745849609375,43.577207144257144]}},{"type":"Feature","id":"b6eedfc6-4a4b-4899-852f-03dd833f1f1b","properties":{"stationUuid":"b6eedfc6-4a4b-4899-852f-03dd833f1f1b","name":"ایران‎  Radio Liberty (Iran) (official stream)","country":"Islamic Republic Of Iran","countryCode":"IR","language":"irani,iranian","freqLabel":null,"streamUrl":"https://stream.radiojar.com/cp13r2cpn3quv","codec":"MP3","votes":71965},"geometry":{"type":"Point","coordinates":[51.384429931640625,35.69522525087309]}},{"type":"Feature","id":"af6f51b1-0ca9-11ea-a87e-52543be04c81","properties":{"stationUuid":"af6f51b1-0ca9-11ea-a87e-52543be04c81","name":"Intense Radio - We love Dance 256K","country":"The Netherlands","countryCode":"NL","language":"belarusian,dutch,english","freqLabel":null,"streamUrl":"https://secure.live-streams.nl/main","codec":"MP3","votes":51124},"geometry":{"type":"Point","coordinates":[4.16072,52.00352]}},{"type":"Feature","id":"963c00ab-0601-11e8-ae97-52543be04c81","properties":{"stationUuid":"963c00ab-0601-11e8-ae97-52543be04c81","name":"Intense Radio - We love Dance 256K","country":"The Netherlands","countryCode":"NL","language":"belarusian,dutch,english","freqLabel":null,"streamUrl":"https://secure.live-streams.nl/main","codec":"MP3","votes":48193},"geometry":{"type":"Point","coordinates":[4.16072,52.00352]}},{"type":"Feature","id":"960cf833-0601-11e8-ae97-52543be04c81","properties":{"stationUuid":"960cf833-0601-11e8-ae97-52543be04c81","name":"SomaFM Groove Salad (128k MP3)","country":"The United States Of America","countryCode":"US","language":"english","freqLabel":null,"streamUrl":"https://ice5.somafm.com/groovesalad-128-mp3","codec":"MP3","votes":47606},"geometry":{"type":"Point","coordinates":[-121.286316,37.809784]}},{"type":"Feature","id":"d017726b-50f4-4b47-a25e-bf4114b16f9e","properties":{"stationUuid":"d017726b-50f4-4b47-a25e-bf4114b16f9e","name":"Classic Vinyl HD","country":"The United States Of America","countryCode":"US","language":"english","freqLabel":null,"streamUrl":"https://icecast.walmradio.com:8443/classic","codec":"MP3","votes":41883},"geometry":{"type":"Point","coordinates":[-73.97538,40.75166]}},{"type":"Feature","id":"960c7c81-0601-11e8-ae97-52543be04c81","properties":{"stationUuid":"960c7c81-0601-11e8-ae97-52543be04c81","name":"SomaFM Secret Agent (128k MP3)","country":"The United States Of America","countryCode":"US","language":"english","freqLabel":null,"streamUrl":"https://ice2.somafm.com/secretagent-128-mp3","codec":"MP3","votes":35968},"geometry":{"type":"Point","coordinates":[-121.286316,37.809784]}},{"type":"Feature","id":"b81c57c3-eb05-47ac-a0ea-eb01a6960cc4","properties":{"stationUuid":"b81c57c3-eb05-47ac-a0ea-eb01a6960cc4","name":"LOS 40 Principales España","country":"Spain","countryCode":"ES","language":"spanish","freqLabel":null,"streamUrl":"https://playerservices.streamtheworld.com/api/livestream-redirect/Los40.mp3","codec":"MP3","votes":34376},"geometry":{"type":"Point","coordinates":[-3.7353515625,40.41182296033974]}},{"type":"Feature","id":"9614b5e5-0601-11e8-ae97-52543be04c81","properties":{"stationUuid":"9614b5e5-0601-11e8-ae97-52543be04c81","name":"SomaFM Underground 80s (128k MP3)","country":"The United States Of America","countryCode":"US","language":"english","freqLabel":null,"streamUrl":"https://ice6.somafm.com/u80s-128-mp3","codec":"MP3","votes":28610},"geometry":{"type":"Point","coordinates":[-121.286316,37.809784]}},{"type":"Feature","id":"960d3f6f-0601-11e8-ae97-52543be04c81","properties":{"stationUuid":"960d3f6f-0601-11e8-ae97-52543be04c81","name":"SomaFM Space Station Soma (128k AAC)","country":"The United States Of America","countryCode":"US","language":"english","freqLabel":null,"streamUrl":"https://ice2.somafm.com/spacestation-128-aac","codec":"AAC","votes":24319},"geometry":{"type":"Point","coordinates":[-121.286316,37.809784]}},{"type":"Feature","id":"960e0117-0601-11e8-ae97-52543be04c81","properties":{"stationUuid":"960e0117-0601-11e8-ae97-52543be04c81","name":"SomaFM PopTron (128k MP3)","country":"The United States Of America","countryCode":"US","language":"english","freqLabel":null,"streamUrl":"https://ice6.somafm.com/poptron-128-mp3","codec":"MP3","votes":22532},"geometry":{"type":"Point","coordinates":[-121.286316,37.809784]}},{"type":"Feature","id":"3e6e3252-dd81-4b07-baba-b61bf96cd457","properties":{"stationUuid":"3e6e3252-dd81-4b07-baba-b61bf96cd457","name":"BFM radio","country":"France","countryCode":"FR","language":"french","freqLabel":null,"streamUrl":"https://audio.bfmtv.com/bfmradio_128.mp3","codec":"MP3","votes":22060},"geometry":{"type":"Point","coordinates":[2.273617386817933,48.836382892654385]}},{"type":"Feature","id":"96394224-0601-11e8-ae97-52543be04c81","properties":{"stationUuid":"96394224-0601-11e8-ae97-52543be04c81","name":"SomaFM Indie Pop Rocks! (128k AAC)","country":"The United States Of America","countryCode":"US","language":"english","freqLabel":null,"streamUrl":"https://ice2.somafm.com/indiepop-128-aac","codec":"AAC","votes":21162},"geometry":{"type":"Point","coordinates":[-121.286316,37.809784]}},{"type":"Feature","id":"961e37ee-0601-11e8-ae97-52543be04c81","properties":{"stationUuid":"961e37ee-0601-11e8-ae97-52543be04c81","name":"SomaFM Left Coast 70s (320k MP3)","country":"The United States Of America","countryCode":"US","language":"english","freqLabel":null,"streamUrl":"https://ice2.somafm.com/seventies-320-mp3","codec":"MP3","votes":19844},"geometry":{"type":"Point","coordinates":[-121.286316,37.809784]}},{"type":"Feature","id":"be24f32c-3b6e-4e35-9f52-f72a1d3584ca","properties":{"stationUuid":"be24f32c-3b6e-4e35-9f52-f72a1d3584ca","name":"Radio Farda","country":"The United States Minor Outlying Islands","countryCode":"UM","language":null,"freqLabel":null,"streamUrl":"https://stream.radiojar.com/cp13r2cpn3quv","codec":"MP3","votes":19484},"geometry":{"type":"Point","coordinates":[46.40625000000001,22.19249131446977]}},{"type":"Feature","id":"d7f5a497-40ec-11e9-aa55-52543be04c81","properties":{"stationUuid":"d7f5a497-40ec-11e9-aa55-52543be04c81","name":"- 0 N - Classic Rock on Radio","country":"Germany","countryCode":"DE","language":"german","freqLabel":null,"streamUrl":"https://0n-classicrock.radionetz.de/0n-classicrock.mp3","codec":"MP3","votes":18100},"geometry":{"type":"Point","coordinates":[11.923,50.3115]}},{"type":"Feature","id":"bbed394d-8907-435f-8714-8b24c1c56399","properties":{"stationUuid":"bbed394d-8907-435f-8714-8b24c1c56399","name":"Café Romántico Radio (Monterrey) - Online - www.caferomanticoradio.com - Grupo Digital Radioland - Monterrey, Nuevo León","country":"Mexico","countryCode":"MX","language":"spanish","freqLabel":null,"streamUrl":"https://panel.retrolandigital.com/radio/8110/listen","codec":"AAC","votes":14701},"geometry":{"type":"Point","coordinates":[-100.31607627868654,25.681874597616083]}},{"type":"Feature","id":"6b36ba4f-6d29-4272-b3c0-9aeeb64e61ec","properties":{"stationUuid":"6b36ba4f-6d29-4272-b3c0-9aeeb64e61ec","name":"Mirchi Top 20","country":"India","countryCode":"IN","language":"hindi","freqLabel":null,"streamUrl":"https://drive.uber.radio/uber/bollywoodnow/icecast.audio","codec":"MP3","votes":14007},"geometry":{"type":"Point","coordinates":[72.86956787109376,19.030443953814757]}},{"type":"Feature","id":"659f5596-51a8-4e3a-802e-ef5e6ceb61d0","properties":{"stationUuid":"659f5596-51a8-4e3a-802e-ef5e6ceb61d0","name":"Cumbias Inmortales Radio (Monterrey) - Online - www.cumbiasinmortales.com - Grupo Digital Retroland - Monterrey, Nuevo León","country":"Mexico","countryCode":"MX","language":"spanish","freqLabel":null,"streamUrl":"https://panel.retrolandigital.com/listen/cumbias_inmortales_radio/listen","codec":"AAC","votes":12955},"geometry":{"type":"Point","coordinates":[-100.31564712524415,25.682611854984852]}},{"type":"Feature","id":"961173b5-0601-11e8-ae97-52543be04c81","properties":{"stationUuid":"961173b5-0601-11e8-ae97-52543be04c81","name":"SomaFM Lush (128k MP3)","country":"The United States Of America","countryCode":"US","language":"english","freqLabel":null,"streamUrl":"https://ice6.somafm.com/lush-128-mp3","codec":"MP3","votes":12268},"geometry":{"type":"Point","coordinates":[-121.286316,37.809784]}},{"type":"Feature","id":"724e92cd-9d57-4fef-b7e6-adad9fcc270d","properties":{"stationUuid":"724e92cd-9d57-4fef-b7e6-adad9fcc270d","name":"Kantipur FM","country":"Nepal","countryCode":"NP","language":"english,nepali","freqLabel":null,"streamUrl":"https://radio-broadcast.ekantipur.com/stream","codec":"MP3","votes":12023},"geometry":{"type":"Point","coordinates":[85.330810546875,27.800209937418252]}},{"type":"Feature","id":"961a681b-0601-11e8-ae97-52543be04c81","properties":{"stationUuid":"961a681b-0601-11e8-ae97-52543be04c81","name":"Radio Plus Mauritius","country":"Mauritius","countryCode":"MU","language":"english,french,macedonian","freqLabel":null,"streamUrl":"https://stream.radioplus.mu:8000/radio.mp3","codec":"MP3","votes":11917},"geometry":{"type":"Point","coordinates":[57.500985174432216,-20.172583203502946]}},{"type":"Feature","id":"1c3e8be2-5b14-4933-bad3-87cbc227cba4","properties":{"stationUuid":"1c3e8be2-5b14-4933-bad3-87cbc227cba4","name":"Deutschlandfunk | DLF | MP3 128k","country":"Germany","countryCode":"DE","language":"german","freqLabel":null,"streamUrl":"https://st01.sslstream.dlf.de/dlf/01/128/mp3/stream.mp3?aggregator=web","codec":"MP3","votes":11375},"geometry":{"type":"Point","coordinates":[13.3347639,52.4802578]}},{"type":"Feature","id":"909735da-70e8-4527-b771-52793d9f0086","properties":{"stationUuid":"909735da-70e8-4527-b771-52793d9f0086","name":"Antena 1 (Portugal)","country":"Portugal","countryCode":"PT","language":"portuguese","freqLabel":null,"streamUrl":"https://streaming-live.rtp.pt/liveradio/antena180a/playlist.m3u8","codec":"AAC","votes":10968},"geometry":{"type":"Point","coordinates":[-9.097023010253908,38.71886720793689]}},{"type":"Feature","id":"6cddaca1-f2c1-11e8-a471-52543be04c81","properties":{"stationUuid":"6cddaca1-f2c1-11e8-a471-52543be04c81","name":"- 0 N - 70s on Radio","country":"Germany","countryCode":"DE","language":"german","freqLabel":null,"streamUrl":"https://0n-70s.radionetz.de/0n-70s.mp3","codec":"MP3","votes":10948},"geometry":{"type":"Point","coordinates":[11.923,50.3115]}},{"type":"Feature","id":"0e5dfcc8-99e2-4fed-a232-7f4bf23ba3c3","properties":{"stationUuid":"0e5dfcc8-99e2-4fed-a232-7f4bf23ba3c3","name":"Mirchi Love","country":"India","countryCode":"IN","language":null,"freqLabel":null,"streamUrl":"https://drive.uber.radio/uber/bollywoodlove/icecast.audio","codec":"MP3","votes":10570},"geometry":{"type":"Point","coordinates":[72.90115356445314,19.015124097330336]}},{"type":"Feature","id":"98b22cd2-0ec8-4bb1-a5f6-f168de7548b5","properties":{"stationUuid":"98b22cd2-0ec8-4bb1-a5f6-f168de7548b5","name":"Retro Rádió","country":"Hungary","countryCode":"HU","language":"hungarian","freqLabel":null,"streamUrl":"https://icast.connectmedia.hu/5001/live.mp3","codec":"MP3","votes":10462},"geometry":{"type":"Point","coordinates":[19.0335664,47.4888558]}},{"type":"Feature","id":"3a386176-7b44-46eb-9461-75fc96121c99","properties":{"stationUuid":"3a386176-7b44-46eb-9461-75fc96121c99","name":"Комсомольская правда","country":"The Russian Federation","countryCode":"RU","language":"russian","freqLabel":null,"streamUrl":"https://kpradio.hostingradio.ru:8000/64","codec":"MP3","votes":9933},"geometry":{"type":"Point","coordinates":[37.58911550045014,55.80587217238998]}},{"type":"Feature","id":"03eccedf-bf40-4413-8d52-817c298331e2","properties":{"stationUuid":"03eccedf-bf40-4413-8d52-817c298331e2","name":"Z 92 (Miami) - 92.3 FM - WCMQ-FM - Spanish Broadcasting System - Miami, Florida","country":"The United States Of America","countryCode":"US","language":"spanish","freqLabel":"92 FM","streamUrl":"https://liveaudio.lamusica.com/MIA_WCMQ_icy","codec":"AAC","votes":9838},"geometry":{"type":"Point","coordinates":[-80.18989562988283,25.783527060700024]}},{"type":"Feature","id":"8fae0da6-d485-4e98-8860-d71720a49dcc","properties":{"stationUuid":"8fae0da6-d485-4e98-8860-d71720a49dcc","name":"Kiss FM Ukrainian","country":"Ukraine","countryCode":"UA","language":"ukrainian","freqLabel":null,"streamUrl":"https://online.kissfm.ua/KissFM_Ukr","codec":"MP3","votes":9368},"geometry":{"type":"Point","coordinates":[30.485866806375277,50.482840660446655]}},{"type":"Feature","id":"9ae30654-b1a6-4eff-81f3-6400d105b340","properties":{"stationUuid":"9ae30654-b1a6-4eff-81f3-6400d105b340","name":"Rafi hit songs","country":"India","countryCode":"IN","language":"hindi","freqLabel":null,"streamUrl":"https://stream-143.zeno.fm/0zkr7x8ztm0uv?zs=WTPQx8TiQXSo11XU0iyTAQ","codec":"MP3","votes":8831},"geometry":{"type":"Point","coordinates":[74.04238384692698,21.152861400595693]}},{"type":"Feature","id":"605b2521-e764-42ba-8be0-473fc096a3b3","properties":{"stationUuid":"605b2521-e764-42ba-8be0-473fc096a3b3","name":"Zeppelin 106.7","country":"Greece","countryCode":"GR","language":"greek","freqLabel":null,"streamUrl":"https://radiostreaming.ert.gr/ert-zeppelin","codec":"MP3","votes":8715},"geometry":{"type":"Point","coordinates":[23.82546186447144,38.01303667973779]}},{"type":"Feature","id":"a3253a96-a1ba-4cf5-bf4b-ec7988afcfd3","properties":{"stationUuid":"a3253a96-a1ba-4cf5-bf4b-ec7988afcfd3","name":"REGGAE CHILL CAFE","country":"Canada","countryCode":"CA","language":"english","freqLabel":null,"streamUrl":"https://maggie.torontocast.com:2020/stream/reggaechillcafe","codec":"MP3","votes":8393},"geometry":{"type":"Point","coordinates":[-79.385261896897,43.6266250623248]}},{"type":"Feature","id":"8a41b60c-f115-11e8-a471-52543be04c81","properties":{"stationUuid":"8a41b60c-f115-11e8-a471-52543be04c81","name":"- 0 N - 80s on Radio","country":"Germany","countryCode":"DE","language":"german","freqLabel":null,"streamUrl":"https://0n-80s.radionetz.de/0n-80s.mp3","codec":"MP3","votes":8281},"geometry":{"type":"Point","coordinates":[11.923,50.3115]}},{"type":"Feature","id":"6b77cd64-68ef-4984-91ec-9b7e77a26eda","properties":{"stationUuid":"6b77cd64-68ef-4984-91ec-9b7e77a26eda","name":"Radio Liban Libre","country":"Lebanon","countryCode":"LB","language":"arabic","freqLabel":null,"streamUrl":"https://edge.mixlr.com/channel/qtqeb","codec":"MP3","votes":8098},"geometry":{"type":"Point","coordinates":[35.6132259964943,33.95504910606795]}},{"type":"Feature","id":"9e077bed-f46f-4506-8237-c26be0538fdc","properties":{"stationUuid":"9e077bed-f46f-4506-8237-c26be0538fdc","name":"Klubrádió 95,3","country":"Hungary","countryCode":"HU","language":"hungarian","freqLabel":null,"streamUrl":"https://a7.asurahosting.com:8160/radio.mp3","codec":"MP3","votes":7939},"geometry":{"type":"Point","coordinates":[19.055786132812504,47.486028093177474]}},{"type":"Feature","id":"2678a502-9a27-4774-a549-e00091878051","properties":{"stationUuid":"2678a502-9a27-4774-a549-e00091878051","name":"Спутник","country":"The Russian Federation","countryCode":"RU","language":"russian","freqLabel":null,"streamUrl":"https://icecast-rian.cdnvideo.ru/voicerus","codec":"MP3","votes":7917},"geometry":{"type":"Point","coordinates":[37.591030597686775,55.73717681630386]}},{"type":"Feature","id":"960de41d-0601-11e8-ae97-52543be04c81","properties":{"stationUuid":"960de41d-0601-11e8-ae97-52543be04c81","name":"SomaFM Metal Detector (128k AAC)","country":"The United States Of America","countryCode":"US","language":"english","freqLabel":null,"streamUrl":"https://ice2.somafm.com/metal-128-aac","codec":"AAC","votes":7714},"geometry":{"type":"Point","coordinates":[-121.286316,37.809784]}},{"type":"Feature","id":"8042b312-1b60-471b-bf6e-aabdbb4c2512","properties":{"stationUuid":"8042b312-1b60-471b-bf6e-aabdbb4c2512","name":"Radio Cumbia 90s","country":"Bolivia","countryCode":"BO","language":"spanish","freqLabel":null,"streamUrl":"https://emiteradio.com/proxy/cumbia90s?mp=/stream","codec":"MP3","votes":7311},"geometry":{"type":"Point","coordinates":[-68.13890218734743,-16.494838647988793]}},{"type":"Feature","id":"d95ad5e2-417c-4969-a533-c2d9c696d58c","properties":{"stationUuid":"d95ad5e2-417c-4969-a533-c2d9c696d58c","name":"El Fonógrafo, Música las 24 horas (elfonografo.mx) - Online - Grupo Radio Centro - Ciudad de México","country":"Mexico","countryCode":"MX","language":"spanish","freqLabel":null,"streamUrl":"https://27063.live.streamtheworld.com:443/XEJP_AM_SC","codec":"MP3","votes":7170},"geometry":{"type":"Point","coordinates":[-99.1318702697754,19.434866819701945]}},{"type":"Feature","id":"96163d8b-0601-11e8-ae97-52543be04c81","properties":{"stationUuid":"96163d8b-0601-11e8-ae97-52543be04c81","name":"BG Estrada","country":"Bulgaria","countryCode":"BG","language":"bulgarian","freqLabel":null,"streamUrl":"https://play.global.audio/bgestrada","codec":"MP3","votes":6702},"geometry":{"type":"Point","coordinates":[23.3219,42.6977]}},{"type":"Feature","id":"0c773186-a382-4978-8e01-5650d325132d","properties":{"stationUuid":"0c773186-a382-4978-8e01-5650d325132d","name":"Radio Oxígeno","country":"Peru","countryCode":"PE","language":"spanish","freqLabel":null,"streamUrl":"https://mdstrm.com/audio/5fab0687bcd6c2389ee9480c/live.m3u8","codec":"AAC","votes":6687},"geometry":{"type":"Point","coordinates":[-77.04711914062501,-12.059734670097]}},{"type":"Feature","id":"0eb3dbcf-05f7-480e-83f4-7718102a4820","properties":{"stationUuid":"0eb3dbcf-05f7-480e-83f4-7718102a4820","name":"SmoothJazz.com 128k mp3","country":"The United States Of America","countryCode":"US","language":"english","freqLabel":null,"streamUrl":"https://smoothjazz.cdnstream1.com/2585_128.mp3","codec":"MP3","votes":6682},"geometry":{"type":"Point","coordinates":[-121.87685843403946,36.600682171913725]}},{"type":"Feature","id":"07dbb40c-f3a8-4f45-925d-c16ef08c7293","properties":{"stationUuid":"07dbb40c-f3a8-4f45-925d-c16ef08c7293","name":"Radio Marca Madrid","country":"Spain","countryCode":"ES","language":"spanish","freqLabel":null,"streamUrl":"https://playerservices.streamtheworld.com/api/livestream-redirect/RADIOMARCA_NACIONAL_SC","codec":"MP3","votes":6601},"geometry":{"type":"Point","coordinates":[-3.693069219589234,40.419291805837446]}},{"type":"Feature","id":"d58a82c3-b7f1-4c1c-83b1-9e45d42e1e19","properties":{"stationUuid":"d58a82c3-b7f1-4c1c-83b1-9e45d42e1e19","name":"Arrow Classic Rock","country":"The Netherlands","countryCode":"NL","language":null,"freqLabel":null,"streamUrl":"https://stream.player.arrow.nl/arrowcr","codec":"MP3","votes":6301},"geometry":{"type":"Point","coordinates":[4.437576817581431,52.212081295561816]}},{"type":"Feature","id":"12e68964-5928-4623-b82e-4bf9a4963780","properties":{"stationUuid":"12e68964-5928-4623-b82e-4bf9a4963780","name":"RMC Info Talk Sport ","country":"France","countryCode":"FR","language":"french","freqLabel":null,"streamUrl":"https://audio.bfmtv.com/rmcradio_128.mp3?aw_0_1st.playerId=RMC_audio_web&aggregator=RMC_audio_web","codec":"MP3","votes":6197},"geometry":{"type":"Point","coordinates":[3.1640625000000004,47.27922900257085]}},{"type":"Feature","id":"0013eb82-2dea-41f7-9534-936d0b2721b7","properties":{"stationUuid":"0013eb82-2dea-41f7-9534-936d0b2721b7","name":"TokFM","country":"Poland","countryCode":"PL","language":"polish","freqLabel":null,"streamUrl":"https://radiostream.pl/tuba10-1.mp3","codec":"MP3","votes":6149},"geometry":{"type":"Point","coordinates":[18.99343013763428,50.104117826335035]}},{"type":"Feature","id":"6217a525-f2c2-11e8-a471-52543be04c81","properties":{"stationUuid":"6217a525-f2c2-11e8-a471-52543be04c81","name":"- 0 N - 90s on Radio","country":"Germany","countryCode":"DE","language":"german","freqLabel":null,"streamUrl":"https://0n-90s.radionetz.de/0n-90s.mp3","codec":"MP3","votes":5911},"geometry":{"type":"Point","coordinates":[11.923,50.3115]}},{"type":"Feature","id":"39094c88-fc5d-4628-b5e7-5884b58ba8a5","properties":{"stationUuid":"39094c88-fc5d-4628-b5e7-5884b58ba8a5","name":"Звезда","country":"The Russian Federation","countryCode":"RU","language":"russian,язык: русский","freqLabel":null,"streamUrl":"https://icecast-zvezda.mediacdn.ru/radio/zvezda/zvezda_128","codec":"MP3","votes":5880},"geometry":{"type":"Point","coordinates":[37.61306762695313,55.74530369880979]}},{"type":"Feature","id":"9614e0a1-0601-11e8-ae97-52543be04c81","properties":{"stationUuid":"9614e0a1-0601-11e8-ae97-52543be04c81","name":"SomaFM Fluid (128k MP3)","country":"The United States Of America","countryCode":"US","language":"english","freqLabel":null,"streamUrl":"https://ice6.somafm.com/fluid-128-mp3","codec":"MP3","votes":5879},"geometry":{"type":"Point","coordinates":[-121.286316,37.809784]}},{"type":"Feature","id":"cc0fdbe3-a2fb-4f0a-b67d-b47acd6354c7","properties":{"stationUuid":"cc0fdbe3-a2fb-4f0a-b67d-b47acd6354c7","name":"Technolovers DEEP HOUSE","country":"Germany","countryCode":"DE","language":"english,german","freqLabel":null,"streamUrl":"https://stream.technolovers.fm/deep-house?ref=radiobrowser","codec":"MP3","votes":5715},"geometry":{"type":"Point","coordinates":[8.613281250000002,50.68427770577119]}},{"type":"Feature","id":"bc1e8eb3-a94e-48d7-892a-e790a1599b60","properties":{"stationUuid":"bc1e8eb3-a94e-48d7-892a-e790a1599b60","name":"SumerFm Iraq","country":"Iraq","countryCode":"IQ","language":"arabic","freqLabel":null,"streamUrl":"https://l3.itworkscdn.net/itwaudio/9012/stream","codec":"MP3","votes":5660},"geometry":{"type":"Point","coordinates":[44.38600074200708,33.305273314646655]}},{"type":"Feature","id":"51895bd4-f369-11e8-a471-52543be04c81","properties":{"stationUuid":"51895bd4-f369-11e8-a471-52543be04c81","name":"- 0 N - Indie on Radio","country":"Germany","countryCode":"DE","language":"german","freqLabel":null,"streamUrl":"https://0n-indie.radionetz.de/0n-indie.mp3","codec":"MP3","votes":5593},"geometry":{"type":"Point","coordinates":[11.923,50.3115]}},{"type":"Feature","id":"4ba828bb-ec19-4285-b46d-1a534cddd8a9","properties":{"stationUuid":"4ba828bb-ec19-4285-b46d-1a534cddd8a9","name":"RTS 92.5 RSI","country":"Senegal","countryCode":"SN","language":"french","freqLabel":null,"streamUrl":"https://10gb1.acangroup.org:8000/rsi","codec":"AAC","votes":5467},"geometry":{"type":"Point","coordinates":[-17.45597949997248,14.711400429396372]}},{"type":"Feature","id":"a9dbed9f-f71b-4f06-af02-83227168215c","properties":{"stationUuid":"a9dbed9f-f71b-4f06-af02-83227168215c","name":"Radio Tunisia Med","country":"Tunisia","countryCode":"TN","language":null,"freqLabel":null,"streamUrl":"https://azuracast.conceptradio.fr:8000/radio.mp3","codec":"MP3","votes":5335},"geometry":{"type":"Point","coordinates":[10.305175781250002,36.43896124085948]}},{"type":"Feature","id":"701106b9-59e3-11ea-be63-52543be04c81","properties":{"stationUuid":"701106b9-59e3-11ea-be63-52543be04c81","name":"SomaFM Heavyweight Reggae (256k MP3)","country":"The United States Of America","countryCode":"US","language":"english","freqLabel":null,"streamUrl":"https://ice5.somafm.com/reggae-256-mp3","codec":"MP3","votes":5253},"geometry":{"type":"Point","coordinates":[-121.286316,37.809784]}},{"type":"Feature","id":"208c966b-0df4-4939-943f-1ac7bfe9d2ee","properties":{"stationUuid":"208c966b-0df4-4939-943f-1ac7bfe9d2ee","name":"Rock FM","country":"Estonia","countryCode":"EE","language":null,"freqLabel":null,"streamUrl":"https://edge02.cdn.bitflip.ee:8888/rck?_i=5f5ab186","codec":"MP3","votes":5140},"geometry":{"type":"Point","coordinates":[24.746429426595572,59.43348416306439]}},{"type":"Feature","id":"147a830e-fbc3-4260-9504-6dcc62530923","properties":{"stationUuid":"147a830e-fbc3-4260-9504-6dcc62530923","name":"CBC Radio 1 Toronto","country":"Canada","countryCode":"CA","language":"american english","freqLabel":null,"streamUrl":"https://cbcradiolive.akamaized.net/hls/live/2041036/ES_R1ETR/master.m3u8","codec":"AAC","votes":5113},"geometry":{"type":"Point","coordinates":[-79.38835501670839,43.64424012917393]}},{"type":"Feature","id":"cc527ea6-060f-4fe8-b31a-cad732ff7d3e","properties":{"stationUuid":"cc527ea6-060f-4fe8-b31a-cad732ff7d3e","name":"ICI Radio-Canada Première Montréal","country":"Canada","countryCode":"CA","language":null,"freqLabel":null,"streamUrl":"https://rcavliveaudio.akamaized.net/hls/live/2006635/P-2QMTL0_MTL/playlist.m3u8","codec":"AAC","votes":4830},"geometry":{"type":"Point","coordinates":[-73.54923963546754,45.5201863454914]}},{"type":"Feature","id":"da2b0cdc-57c6-4c84-81bf-33e4e165c0d4","properties":{"stationUuid":"da2b0cdc-57c6-4c84-81bf-33e4e165c0d4","name":"citi fm","country":"Ghana","countryCode":"GH","language":null,"freqLabel":null,"streamUrl":"https://citi973fm.radioca.st/index.html:80/;stream.mp3","codec":"MP3","votes":4749},"geometry":{"type":"Point","coordinates":[-1.40625,6.594760977509223]}},{"type":"Feature","id":"7afae7e3-8d06-42f5-b59e-a52d6e09e60e","properties":{"stationUuid":"7afae7e3-8d06-42f5-b59e-a52d6e09e60e","name":" # RdMix Classic Rock 70s 80s 90s","country":"Canada","countryCode":"CA","language":"english","freqLabel":null,"streamUrl":"https://cast1.torontocast.com:4610/stream","codec":"MP3","votes":4695},"geometry":{"type":"Point","coordinates":[-79.38755268995014,43.63789777781491]}},{"type":"Feature","id":"5ea0c406-cc3e-4a36-9a32-37ed4d5a180e","properties":{"stationUuid":"5ea0c406-cc3e-4a36-9a32-37ed4d5a180e","name":"Technolovers EDM","country":"Germany","countryCode":"DE","language":"english,german","freqLabel":null,"streamUrl":"https://stream.technolovers.fm/edm?ref=radiobrowser","codec":"MP3","votes":4652},"geometry":{"type":"Point","coordinates":[7.910156250000001,50.90649688226162]}},{"type":"Feature","id":"1c4c4c77-a792-4075-846d-dff13cfc0980","properties":{"stationUuid":"1c4c4c77-a792-4075-846d-dff13cfc0980","name":"City FM 89","country":"Pakistan","countryCode":"PK","language":"english,urdu","freqLabel":"89 FM","streamUrl":"https://radio.cityfm89.com/stream","codec":"AAC","votes":4507},"geometry":{"type":"Point","coordinates":[67.01763153076173,24.84766548139605]}},{"type":"Feature","id":"4cc6b1aa-5bf4-4fa6-87d2-9c687a854f8a","properties":{"stationUuid":"4cc6b1aa-5bf4-4fa6-87d2-9c687a854f8a","name":"Ethio FM 107.8","country":"Ethiopia","countryCode":"ET","language":"amharic","freqLabel":"107.8 FM","streamUrl":"https://stream.zeno.fm/72y045deqeruv","codec":"MP3","votes":4391},"geometry":{"type":"Point","coordinates":[38.7762451171875,9.016616271939526]}},{"type":"Feature","id":"dd98c499-a0c4-4019-a35e-99caa6940407","properties":{"stationUuid":"dd98c499-a0c4-4019-a35e-99caa6940407","name":"# TOP 100 CLUB CHARTS - DANCE & DJ MIX RADIO - 24 HOURS NON-STOP MUSIC @ TikTok Hits, Ibiza House, Sunset Lounge, Melodic Music, EDM, Deep House, Dance Music, Techno & Hypertechno, Rave Charts, Top 40 Charts, Latin, Reggaeton Music, Moombahton, Urban Hits, HipHop, Party & Clubbing Radio, Trending Chartmusic, R&B, Urban, Mixtape - & LIVE DJ SET ","country":"Germany","countryCode":"DE","language":"english,german","freqLabel":null,"streamUrl":"https://breakz-2012-high.rautemusik.fm/?ref=radiobrowser-top100-clubcharts","codec":"MP3","votes":4311},"geometry":{"type":"Point","coordinates":[6.765383968319215,51.25081368494548]}},{"type":"Feature","id":"7b03996e-6ea0-4db5-8168-ddd1463faec2","properties":{"stationUuid":"7b03996e-6ea0-4db5-8168-ddd1463faec2","name":"La 100 - 99.9 FM - Grupo Clarín - Buenos Aires, Argentina","country":"Argentina","countryCode":"AR","language":"spanish","freqLabel":"100 FM","streamUrl":"https://playerservices.streamtheworld.com/api/livestream-redirect/FM999_56.mp3","codec":"MP3","votes":4291},"geometry":{"type":"Point","coordinates":[-58.43730926513672,-34.60169564406928]}},{"type":"Feature","id":"c4453134-d33d-4e72-8ec9-7cae783cbe74","properties":{"stationUuid":"c4453134-d33d-4e72-8ec9-7cae783cbe74","name":"Радио Sputnik (новости) / Radio Sputnik (news)","country":"The Russian Federation","countryCode":"RU","language":null,"freqLabel":null,"streamUrl":"https://icecast-rian.cdnvideo.ru/voicerus","codec":"MP3","votes":4083},"geometry":{"type":"Point","coordinates":[37.63102074948402,55.74218625866417]}},{"type":"Feature","id":"5db41df8-9921-421f-a618-84864ededf86","properties":{"stationUuid":"5db41df8-9921-421f-a618-84864ededf86","name":"إذاعة القرآن الكريم (القاهرة)","country":"Egypt","countryCode":"EG","language":"arabic","freqLabel":null,"streamUrl":"https://stream.radiojar.com/8s5u5tpdtwzuv","codec":"MP3","votes":3969},"geometry":{"type":"Point","coordinates":[31.267089843750004,30.000613964597378]}},{"type":"Feature","id":"a1189085-eed0-414c-b8d8-6652189767dd","properties":{"stationUuid":"a1189085-eed0-414c-b8d8-6652189767dd","name":"Fantasy Italo Dance 90s radio","country":"The Netherlands","countryCode":"NL","language":"english","freqLabel":null,"streamUrl":"https://mscp2.live-streams.nl:8152/italodance","codec":"MP3","votes":3939},"geometry":{"type":"Point","coordinates":[4.199199067259288,52.009669597716154]}},{"type":"Feature","id":"1bbb4664-d187-49f1-b328-b2f3888fef36","properties":{"stationUuid":"1bbb4664-d187-49f1-b328-b2f3888fef36","name":"New Hits Of Bollywood","country":"India","countryCode":"IN","language":null,"freqLabel":null,"streamUrl":"https://stream-146.zeno.fm/rqqps6cbe3quv?zs=loHp_DNyRPiAxC52AL95hg","codec":"MP3","votes":3903},"geometry":{"type":"Point","coordinates":[72.8767776489258,19.07429620176593]}},{"type":"Feature","id":"d360268f-8f23-4386-b062-bcd368f1f211","properties":{"stationUuid":"d360268f-8f23-4386-b062-bcd368f1f211","name":"100 GREATEST OF THE 80'S","country":"Canada","countryCode":"CA","language":null,"freqLabel":null,"streamUrl":"https://maggie.torontocast.com:2020/stream/100greatestofthe80s","codec":"MP3","votes":3836},"geometry":{"type":"Point","coordinates":[-87.32815493982116,49.73340648269629]}},{"type":"Feature","id":"960eb2e9-0601-11e8-ae97-52543be04c81","properties":{"stationUuid":"960eb2e9-0601-11e8-ae97-52543be04c81","name":"SomaFM Drone Zone (128k MP3)","country":"The United States Of America","countryCode":"US","language":"english","freqLabel":null,"streamUrl":"https://ice2.somafm.com/dronezone-128-mp3","codec":"MP3","votes":3821},"geometry":{"type":"Point","coordinates":[-121.286316,37.809784]}},{"type":"Feature","id":"1b8296e1-6561-4094-82de-df4034de2bc0","properties":{"stationUuid":"1b8296e1-6561-4094-82de-df4034de2bc0","name":"Exa FM 101.7 Guatemala","country":"Guatemala","countryCode":"GT","language":"spanish","freqLabel":"101.7 FM","streamUrl":"https://stream.zeno.fm/czdkk32qduhvv","codec":"MP3","votes":3771},"geometry":{"type":"Point","coordinates":[-90.51652908325195,14.626030940165991]}},{"type":"Feature","id":"1a4914a2-f35f-11e8-a471-52543be04c81","properties":{"stationUuid":"1a4914a2-f35f-11e8-a471-52543be04c81","name":"- 0 N - 2000s on Radio","country":"Germany","countryCode":"DE","language":"german","freqLabel":null,"streamUrl":"https://0n-2000s.radionetz.de/0n-2000s.mp3","codec":"MP3","votes":3766},"geometry":{"type":"Point","coordinates":[11.923,50.3115]}},{"type":"Feature","id":"3e50c7de-ce7c-45e3-9e6f-288d3fca0699","properties":{"stationUuid":"3e50c7de-ce7c-45e3-9e6f-288d3fca0699","name":"Radio Fórmula - 104.1 FM - XERFR-FM - Grupo Fórmula - Ciudad de México","country":"Mexico","countryCode":"MX","language":"spanish","freqLabel":"104.1 FM","streamUrl":"https://mdstrm.com/audio/61e1dfd2658baf082814e25d/live.m3u8","codec":"AAC","votes":3692},"geometry":{"type":"Point","coordinates":[-99.13135528564456,19.437057246001498]}},{"type":"Feature","id":"a754b1cb-4a13-47ab-9215-10473d5a13c8","properties":{"stationUuid":"a754b1cb-4a13-47ab-9215-10473d5a13c8","name":"Hum FM 106.2","country":"Pakistan","countryCode":"PK","language":"english,urdu","freqLabel":"106.2 FM","streamUrl":"https://server.mediacast4u.stream/8002/stream","codec":"MP3","votes":3673},"geometry":{"type":"Point","coordinates":[67.0706943424193,24.795206860749147]}},{"type":"Feature","id":"9f901849-e6ba-406c-af95-73cd1a6f5358","properties":{"stationUuid":"9f901849-e6ba-406c-af95-73cd1a6f5358","name":"Estrellas de los 80s Radio (Monterrey) - Online - www.estrellasdelos80s.com - Grupo Digital Radioland - Monterrey, Nuevo León","country":"Mexico","countryCode":"MX","language":"spanish","freqLabel":null,"streamUrl":"https://panel.retrolandigital.com/listen/estrellas_de_los_80s/listen","codec":"AAC","votes":3620},"geometry":{"type":"Point","coordinates":[-100.31607627868654,25.682493410665984]}},{"type":"Feature","id":"5bc44bcd-7481-40e1-b503-bb92b936f4cf","properties":{"stationUuid":"5bc44bcd-7481-40e1-b503-bb92b936f4cf","name":"# TOP 100 DJ CHARTS - DJ REMIX & CHARTS RADIO @ TikTok Charts, Electronic Music, EDM, House, Deep House, Dance Music, Techno & Hypertechno, Top40, Latin Charts, Reggaeton, Urban, HipHop, Club & Party Radio - & LIVE DJ SETS ","country":"Germany","countryCode":"DE","language":"american english,deutsch fränkisch,english,english uk,german,swiss german","freqLabel":null,"streamUrl":"https://breakz-high.rautemusik.fm/?ref=radiobrowser-top100-djcharts","codec":"MP3","votes":3605},"geometry":{"type":"Point","coordinates":[6.9770839527419435,50.8987747227523]}},{"type":"Feature","id":"da0174e1-a1b0-447d-befb-087a6c88d6d4","properties":{"stationUuid":"da0174e1-a1b0-447d-befb-087a6c88d6d4","name":"Chilli Zet","country":"Poland","countryCode":"PL","language":"polish","freqLabel":null,"streamUrl":"https://ch.cdn.eurozet.pl/chi-net.mp3","codec":"MP3","votes":3604},"geometry":{"type":"Point","coordinates":[21.027832031250004,52.21938689037315]}},{"type":"Feature","id":"d037031b-f31e-4298-b36e-654eaad6416e","properties":{"stationUuid":"d037031b-f31e-4298-b36e-654eaad6416e","name":"Newstalk","country":"Ireland","countryCode":"IE","language":null,"freqLabel":null,"streamUrl":"https://edge.audioxi.com/NT","codec":"MP3","votes":3593},"geometry":{"type":"Point","coordinates":[-6.251220703125001,53.3485838734705]}},{"type":"Feature","id":"63dd5d75-855f-4e7e-9570-b8d3b338c016","properties":{"stationUuid":"63dd5d75-855f-4e7e-9570-b8d3b338c016","name":"Perfect Deep House","country":"Spain","countryCode":"ES","language":"german,spanish","freqLabel":null,"streamUrl":"https://stream.radiojar.com/asngk2sg798uv?1659885393","codec":"MP3","votes":3580},"geometry":{"type":"Point","coordinates":[2.6477050781250004,39.6023021224726]}},{"type":"Feature","id":"a781a6da-a41f-498d-92f5-aede46952d54","properties":{"stationUuid":"a781a6da-a41f-498d-92f5-aede46952d54","name":"RFI-Chinese","country":"France","countryCode":"FR","language":null,"freqLabel":null,"streamUrl":"https://rfienchinois64k.ice.infomaniak.ch/rfienchinois-64.mp3","codec":"MP3","votes":3515},"geometry":{"type":"Point","coordinates":[2.5933421008698736,48.695889852818134]}},{"type":"Feature","id":"2c260d07-110c-473c-8a7f-df4b937b31a8","properties":{"stationUuid":"2c260d07-110c-473c-8a7f-df4b937b31a8","name":"Radio Manarat","country":"Morocco","countryCode":"MA","language":"arabic","freqLabel":null,"streamUrl":"https://listen.radioking.com/radio/252934/stream/297385","codec":"MP3","votes":3497},"geometry":{"type":"Point","coordinates":[-6.859416961669923,33.979381685000966]}},{"type":"Feature","id":"10f16cf6-bc45-4b67-8f17-9758f249a61a","properties":{"stationUuid":"10f16cf6-bc45-4b67-8f17-9758f249a61a","name":"Deutschlandfunk Kultur | DLF | MP3 128k","country":"Germany","countryCode":"DE","language":"german","freqLabel":null,"streamUrl":"https://st02.sslstream.dlf.de/dlf/02/128/mp3/stream.mp3?aggregator=web","codec":"MP3","votes":3392},"geometry":{"type":"Point","coordinates":[13.3347639,52.4802578]}},{"type":"Feature","id":"4402d9dc-6092-418a-8d6f-a837fd2d0cc5","properties":{"stationUuid":"4402d9dc-6092-418a-8d6f-a837fd2d0cc5","name":"Radio Canela Pichincha","country":"Ecuador","countryCode":"EC","language":null,"freqLabel":null,"streamUrl":"https://canelaradio.makrodigital.com:9280/stream","codec":"MP3","votes":3369},"geometry":{"type":"Point","coordinates":[-78.49868774414064,-0.206636934558138]}},{"type":"Feature","id":"a29b614a-6dd1-4e98-a7f7-a70eb21f82fb","properties":{"stationUuid":"a29b614a-6dd1-4e98-a7f7-a70eb21f82fb","name":"Al-bilad Radio/Yaqoubi","country":"Iraq","countryCode":"IQ","language":"arabic,persian","freqLabel":null,"streamUrl":"https://streamer.radio.co/sb38bf6e66/listen","codec":"MP3","votes":3274},"geometry":{"type":"Point","coordinates":[44.39743346166685,33.304669566567576]}},{"type":"Feature","id":"f9533da3-f2c1-11e8-a471-52543be04c81","properties":{"stationUuid":"f9533da3-f2c1-11e8-a471-52543be04c81","name":"- 0 N - 60s on Radio","country":"Germany","countryCode":"DE","language":"german","freqLabel":null,"streamUrl":"https://0n-60s.radionetz.de/0n-60s.mp3","codec":"MP3","votes":3255},"geometry":{"type":"Point","coordinates":[11.923,50.3115]}},{"type":"Feature","id":"75049d79-955c-4014-a7b5-700422eaa447","properties":{"stationUuid":"75049d79-955c-4014-a7b5-700422eaa447","name":"РАДІО КИЇВ – 98 FM","country":"Ukraine","countryCode":"UA","language":"ukrainian","freqLabel":"98 FM","streamUrl":"https://cdn.vsnw.net:8943/kyiv_fm_128k","codec":"MP3","votes":3164},"geometry":{"type":"Point","coordinates":[30.517731622676372,50.44462853111026]}},{"type":"Feature","id":"62fbaf9d-c5ef-4b18-9e6a-cf9239ace46b","properties":{"stationUuid":"62fbaf9d-c5ef-4b18-9e6a-cf9239ace46b","name":"راديو الشيخ محمد المقرمي إذاعة (هندسة القلوب)","country":"Yemen","countryCode":"YE","language":"arabic","freqLabel":null,"streamUrl":"https://s1.reliastream.com/proxy/almaqrami?mp=/stream","codec":"MP3","votes":3164},"geometry":{"type":"Point","coordinates":[44.00230407714844,13.144093946514309]}},{"type":"Feature","id":"38a33fc0-be05-4c98-8c6a-ba3869575bc1","properties":{"stationUuid":"38a33fc0-be05-4c98-8c6a-ba3869575bc1","name":"RAC1","country":"Spain","countryCode":"ES","language":"catalan","freqLabel":null,"streamUrl":"https://playerservices.streamtheworld.com/api/livestream-redirect/RAC_1.mp3","codec":"MP3","votes":3157},"geometry":{"type":"Point","coordinates":[2.145745754241944,41.39269184456459]}},{"type":"Feature","id":"97f3bb39-24a0-461d-b282-b0ccae5a12c4","properties":{"stationUuid":"97f3bb39-24a0-461d-b282-b0ccae5a12c4","name":"Slow Turk","country":"Türkiye","countryCode":"TR","language":"turkish","freqLabel":null,"streamUrl":"https://radyo.duhnet.tv/ak_dtvh_slowturk","codec":"AAC","votes":3154},"geometry":{"type":"Point","coordinates":[29.070725440979007,41.03454888473989]}},{"type":"Feature","id":"a8a86e85-c6df-4b69-bd50-6889b2016675","properties":{"stationUuid":"a8a86e85-c6df-4b69-bd50-6889b2016675","name":"El Fonógrafo - 690 AM - XEN-AM - Grupo Radio Centro - Ciudad de México","country":"Mexico","countryCode":"MX","language":"spanish","freqLabel":null,"streamUrl":"https://26303.live.streamtheworld.com:443/XEN_AM_SC","codec":"MP3","votes":3145},"geometry":{"type":"Point","coordinates":[-99.1328251361847,19.43328848035734]}},{"type":"Feature","id":"4d30f962-01d2-4a3f-8043-f15f7cf6049e","properties":{"stationUuid":"4d30f962-01d2-4a3f-8043-f15f7cf6049e","name":"Algérie Chaîne 3 ","country":"Algeria","countryCode":"DZ","language":"french","freqLabel":null,"streamUrl":"https://radiochaine3.ice.infomaniak.ch/chaine3.mp3","codec":"AAC","votes":3135},"geometry":{"type":"Point","coordinates":[3.0498375917748497,36.75338073815528]}},{"type":"Feature","id":"830a7eff-916d-456c-842a-d7786e475658","properties":{"stationUuid":"830a7eff-916d-456c-842a-d7786e475658","name":"Technolovers ELECTRO HOUSE","country":"Germany","countryCode":"DE","language":"english,german","freqLabel":null,"streamUrl":"https://stream.technolovers.fm/electro-house?ref=radiobrowser","codec":"MP3","votes":3085},"geometry":{"type":"Point","coordinates":[7.240156531333924,51.235186599066246]}},{"type":"Feature","id":"8b3e9c54-f365-11e8-a471-52543be04c81","properties":{"stationUuid":"8b3e9c54-f365-11e8-a471-52543be04c81","name":"- 0 N - Chillout on Radio","country":"Germany","countryCode":"DE","language":"german","freqLabel":null,"streamUrl":"https://0n-chillout.radionetz.de/0n-chillout.mp3","codec":"MP3","votes":3038},"geometry":{"type":"Point","coordinates":[11.923,50.3115]}},{"type":"Feature","id":"960d68cf-0601-11e8-ae97-52543be04c81","properties":{"stationUuid":"960d68cf-0601-11e8-ae97-52543be04c81","name":"SomaFM Secret Agent (32k AAC)","country":"The United States Of America","countryCode":"US","language":"english","freqLabel":null,"streamUrl":"https://ice6.somafm.com/secretagent-32-aac","codec":"AAC","votes":2975},"geometry":{"type":"Point","coordinates":[-121.286316,37.809784]}},{"type":"Feature","id":"cf10fd7a-1d28-4fa2-b5dd-630c4781e1c8","properties":{"stationUuid":"cf10fd7a-1d28-4fa2-b5dd-630c4781e1c8","name":"Radio Gachsaran","country":"Islamic Republic Of Iran","countryCode":"IR","language":null,"freqLabel":null,"streamUrl":"https://radio.gachsaran.org/gach","codec":"MP3","votes":2954},"geometry":{"type":"Point","coordinates":[53.61280361734099,30.14512718337613]}},{"type":"Feature","id":"6cc8d331-aff9-4d0e-8c95-2f3e821b7aa6","properties":{"stationUuid":"6cc8d331-aff9-4d0e-8c95-2f3e821b7aa6","name":"La Grupera (Puebla) - 89.3 FM - XHNP-FM - Cinco Radio - Puebla, PU","country":"Mexico","countryCode":"MX","language":"spanish","freqLabel":"89.3 FM","streamUrl":"https://stream.zeno.fm/zpd5he3sz7zuv","codec":"MP3","votes":2910},"geometry":{"type":"Point","coordinates":[-98.19751739501956,19.046465250976414]}},{"type":"Feature","id":"ee662a9d-fa14-4d70-8d1d-b101ed6da89f","properties":{"stationUuid":"ee662a9d-fa14-4d70-8d1d-b101ed6da89f","name":"ZipFM","country":"Lithuania","countryCode":"LT","language":null,"freqLabel":null,"streamUrl":"https://stream2.zipfm.lt/zipfm128.mp3","codec":"MP3","votes":2904},"geometry":{"type":"Point","coordinates":[24.180908203125,55.31371246684659]}},{"type":"Feature","id":"b5218804-957c-4f0f-a1fd-969e8343994b","properties":{"stationUuid":"b5218804-957c-4f0f-a1fd-969e8343994b","name":"Cherry FM","country":"Myanmar","countryCode":"MM","language":"burmese","freqLabel":null,"streamUrl":"https://cherry.akiyaresearch.com:444/stream/89/","codec":"MP3","votes":2895},"geometry":{"type":"Point","coordinates":[96.14280354743028,16.787058528243705]}},{"type":"Feature","id":"89a65395-9af4-4c9d-9300-d765029785e8","properties":{"stationUuid":"89a65395-9af4-4c9d-9300-d765029785e8","name":"Radio Misk","country":"Tunisia","countryCode":"TN","language":"arabic,english,french","freqLabel":null,"streamUrl":"https://live.misk.art/stream","codec":"MP3","votes":2893},"geometry":{"type":"Point","coordinates":[10.20857334136963,36.84231530246644]}},{"type":"Feature","id":"3b92f8c7-deac-4a81-8a9c-3b0f995d73e4","properties":{"stationUuid":"3b92f8c7-deac-4a81-8a9c-3b0f995d73e4","name":"America's Country","country":"The United States Of America","countryCode":"US","language":"english","freqLabel":null,"streamUrl":"https://ais-sa2.cdnstream1.com/1976_128.mp3","codec":"AAC","votes":2808},"geometry":{"type":"Point","coordinates":[-111.79315855313756,40.39299927510654]}},{"type":"Feature","id":"72e7215c-3e31-4cbe-943c-80570cbf7a4b","properties":{"stationUuid":"72e7215c-3e31-4cbe-943c-80570cbf7a4b","name":"Соловьёв life FM","country":"The Russian Federation","countryCode":"RU","language":"russian","freqLabel":null,"streamUrl":"https://solovievfm.hostingradio.ru/solovievfm128.aacp","codec":"AAC","votes":2804},"geometry":{"type":"Point","coordinates":[37.643873803317554,55.789693906635634]}},{"type":"Feature","id":"d0df2a51-9cd3-4f3e-977d-aab92ddef7a3","properties":{"stationUuid":"d0df2a51-9cd3-4f3e-977d-aab92ddef7a3","name":"# 100 GREATEST HEAVY METAL","country":"Canada","countryCode":"CA","language":"english","freqLabel":null,"streamUrl":"https://cast1.torontocast.com:4660/stream","codec":"MP3","votes":2781},"geometry":{"type":"Point","coordinates":[-79.38144930752816,43.63271325620439]}},{"type":"Feature","id":"44ee797f-b7c4-4f94-8853-ce9a9c8731ed","properties":{"stationUuid":"44ee797f-b7c4-4f94-8853-ce9a9c8731ed","name":"WDR4","country":"Germany","countryCode":"DE","language":"german","freqLabel":null,"streamUrl":"https://wdr-wdr4-live.icecastssl.wdr.de/wdr/wdr4/live/mp3/128/stream.mp3","codec":"MP3","votes":2752},"geometry":{"type":"Point","coordinates":[6.966705322265625,50.92900693240737]}},{"type":"Feature","id":"6f73bc13-3c4b-11e8-b74d-52543be04c81","properties":{"stationUuid":"6f73bc13-3c4b-11e8-b74d-52543be04c81","name":"SomaFM Deep Space One (32k AAC)","country":"The United States Of America","countryCode":"US","language":"english","freqLabel":null,"streamUrl":"https://ice6.somafm.com/deepspaceone-32-aac","codec":"AAC","votes":2701},"geometry":{"type":"Point","coordinates":[-121.286316,37.809784]}},{"type":"Feature","id":"961210eb-0601-11e8-ae97-52543be04c81","properties":{"stationUuid":"961210eb-0601-11e8-ae97-52543be04c81","name":"SomaFM Left Coast 70s (128k MP3)","country":"The United States Of America","countryCode":"US","language":"english","freqLabel":null,"streamUrl":"https://ice6.somafm.com/seventies-128-mp3","codec":"MP3","votes":2647},"geometry":{"type":"Point","coordinates":[-121.286316,37.809784]}},{"type":"Feature","id":"66d55788-6e57-4755-ac58-aa85bfb7cf94","properties":{"stationUuid":"66d55788-6e57-4755-ac58-aa85bfb7cf94","name":"Suara Soneta","country":"Indonesia","countryCode":"ID","language":"indonesian","freqLabel":null,"streamUrl":"https://a2.siar.us//listen//suarasoneta//radio.mp3","codec":"AAC","votes":2634},"geometry":{"type":"Point","coordinates":[114.3735122680664,-8.215047618823062]}},{"type":"Feature","id":"be26f3f5-1ee1-4661-a3de-4544fc29e833","properties":{"stationUuid":"be26f3f5-1ee1-4661-a3de-4544fc29e833","name":"_DEEJAY REMIXE_ Your Radio for finest House, EDM, Electro, Dance, Mashup, Hypertechno, Techno, Bootleg, Charts, Top40, Chillout, Lounge, HipHop, Urban & Latin Party DJ Remixes!","country":"Germany","countryCode":"DE","language":"american english,english,german,swiss german","freqLabel":null,"streamUrl":"https://breakz-high.rautemusik.fm/?ref=radiobrowser-deejay-remixes-radio","codec":"MP3","votes":2624},"geometry":{"type":"Point","coordinates":[8.852448769872822,51.11731684874898]}},{"type":"Feature","id":"8d0a43a8-e8cc-48d0-b1a7-4810993a92bf","properties":{"stationUuid":"8d0a43a8-e8cc-48d0-b1a7-4810993a92bf","name":"MVS Noticias - 102.5 FM - XHMVS-FM - MVS Radio - Ciudad de México","country":"Mexico","countryCode":"MX","language":"spanish","freqLabel":"102.5 FM","streamUrl":"https://playerservices.streamtheworld.com/api/livestream-redirect/XHMVSFM_SC","codec":"MP3","votes":2601},"geometry":{"type":"Point","coordinates":[-99.13194537162782,19.432418363646462]}},{"type":"Feature","id":"ffe33802-6417-11e9-a622-52543be04c81","properties":{"stationUuid":"ffe33802-6417-11e9-a622-52543be04c81","name":"SomaFM Boot Liquor (320k MP3)","country":"The United States Of America","countryCode":"US","language":"english","freqLabel":null,"streamUrl":"https://ice5.somafm.com/bootliquor-320-mp3","codec":"MP3","votes":2587},"geometry":{"type":"Point","coordinates":[-121.286316,37.809784]}},{"type":"Feature","id":"9a2b2498-c09b-4b8e-b058-6bc02f8251ee","properties":{"stationUuid":"9a2b2498-c09b-4b8e-b058-6bc02f8251ee","name":"Radio Láser Inglés","country":"El Salvador","countryCode":"SV","language":null,"freqLabel":null,"streamUrl":"https://sp4.colombiatelecom.com.co/8032/stream","codec":"AAC","votes":2575},"geometry":{"type":"Point","coordinates":[-89.18426513671876,13.712169960507389]}},{"type":"Feature","id":"894f73d0-647d-461b-845c-95d8e14a1e32","properties":{"stationUuid":"894f73d0-647d-461b-845c-95d8e14a1e32","name":"Alseraj Radio Islam","country":"Iraq","countryCode":"IQ","language":"arabic","freqLabel":null,"streamUrl":"https://eu4.fastcast4u.com/proxy/aabdul00?mp=/1","codec":"MP3","votes":2563},"geometry":{"type":"Point","coordinates":[44.01991023965726,32.604926105203255]}},{"type":"Feature","id":"448ba0a5-0c40-4f53-adc6-9d7f8b6e5f6a","properties":{"stationUuid":"448ba0a5-0c40-4f53-adc6-9d7f8b6e5f6a","name":"Darusalam Radio","country":"Iraq","countryCode":"IQ","language":"arabic","freqLabel":null,"streamUrl":"https://streams.radio.co/s0975ec186/listen","codec":"MP3","votes":2562},"geometry":{"type":"Point","coordinates":[44.36561258856347,33.276047737429806]}},{"type":"Feature","id":"d8f01eea-26be-4e3d-871d-7596e3ab8fb1","properties":{"stationUuid":"d8f01eea-26be-4e3d-871d-7596e3ab8fb1","name":"SWR1 BW neu (2021.12) 128k mp3","country":"Germany","countryCode":"DE","language":null,"freqLabel":null,"streamUrl":"https://liveradio.swr.de/sw282p3/swr1bw/play.mp3","codec":"MP3","votes":2555},"geometry":{"type":"Point","coordinates":[9.137878417968752,48.7880473585249]}},{"type":"Feature","id":"961249b2-0601-11e8-ae97-52543be04c81","properties":{"stationUuid":"961249b2-0601-11e8-ae97-52543be04c81","name":"SomaFM Sonic Universe (128k MP3)","country":"The United States Of America","countryCode":"US","language":"english","freqLabel":null,"streamUrl":"https://ice2.somafm.com/sonicuniverse-128-mp3","codec":"MP3","votes":2532},"geometry":{"type":"Point","coordinates":[-121.286316,37.809784]}},{"type":"Feature","id":"d95c1da9-838c-4684-a009-44fc73608279","properties":{"stationUuid":"d95c1da9-838c-4684-a009-44fc73608279","name":"80's New Wave Radio","country":"Canada","countryCode":"CA","language":null,"freqLabel":null,"streamUrl":"https://puma.streemlion.com:2910/stream","codec":"MP3","votes":2526},"geometry":{"type":"Point","coordinates":[-123.08738708496097,49.26314458331521]}},{"type":"Feature","id":"953034fd-4289-41d3-8836-6de4e3577646","properties":{"stationUuid":"953034fd-4289-41d3-8836-6de4e3577646","name":"Radio Bhumi","country":"Bangladesh","countryCode":"BD","language":"bangla","freqLabel":null,"streamUrl":"https://stream-156.zeno.fm/be5bqmk1k18uv?zt=eyJhbGciOiJIUzI1NiJ9.eyJzdHJlYW0iOiJiZTVicW1rMWsxOHV2IiwiaG9zdCI6InN0cmVhbS0xNTYuemVuby5mbSIsInJ0dGwiOjUsImp0aSI6IjB1c0x1ZURGVEhTR0EwSDE1N2VBVmciLCJpYXQiOjE3MzU0NTM5MjQsImV4cCI6MTczNTQ1Mzk4NH0.vjlgqsHzQRt-_2T0LIHscJkAVHXd8hYV8Z6NDvvEWYk","codec":"MP3","votes":2521},"geometry":{"type":"Point","coordinates":[90.4001933404244,23.768312898727075]}},{"type":"Feature","id":"0d468016-910f-497f-b75e-26aed21086e9","properties":{"stationUuid":"0d468016-910f-497f-b75e-26aed21086e9","name":"Quran Radio راديو القرآن - Abdulbasit Abdulsamad - عبدالباسط عبدالصمد","country":"Kuwait","countryCode":"KW","language":"arabic,العربية,عربي","freqLabel":null,"streamUrl":"https://radio.mp3islam.com/listen/abdulbasit/radio.mp3","codec":"AAC","votes":2467},"geometry":{"type":"Point","coordinates":[47.9657506942749,29.35036940428836]}},{"type":"Feature","id":"4ef03374-f664-4b2c-91b2-b37b9ab4c32a","properties":{"stationUuid":"4ef03374-f664-4b2c-91b2-b37b9ab4c32a","name":"Rajshahi FM","country":"Bangladesh","countryCode":"BD","language":null,"freqLabel":null,"streamUrl":"https://stream.zeno.fm/nxfshdayjrdvv","codec":"MP3","votes":2460},"geometry":{"type":"Point","coordinates":[88.59433637691852,24.366830792260316]}},{"type":"Feature","id":"e4113924-a6ce-4a48-8781-97507dda0d67","properties":{"stationUuid":"e4113924-a6ce-4a48-8781-97507dda0d67","name":"mosaiquefm","country":"Tunisia","countryCode":"TN","language":"arabic","freqLabel":null,"streamUrl":"https://radio.mosaiquefm.net/mosalive","codec":"MP3","votes":2452},"geometry":{"type":"Point","coordinates":[10.16990661621094,36.81452434591616]}},{"type":"Feature","id":"206f93c5-5f3c-4ba1-82c2-19a42582fcc2","properties":{"stationUuid":"206f93c5-5f3c-4ba1-82c2-19a42582fcc2","name":"FM4 | ORF","country":"Austria","countryCode":"AT","language":"english,german","freqLabel":null,"streamUrl":"https://orf-live.ors-shoutcast.at/fm4-q1a","codec":"MP3","votes":2440},"geometry":{"type":"Point","coordinates":[16.2877707,48.1776994]}},{"type":"Feature","id":"ead338ab-3b2b-4835-bad0-dcc270b102f4","properties":{"stationUuid":"ead338ab-3b2b-4835-bad0-dcc270b102f4","name":"FM ADDIS 97-1","country":"Ethiopia","countryCode":"ET","language":"amharic","freqLabel":"97 FM","streamUrl":"https://stream.zeno.fm/rb6wbrap7yzuv","codec":"MP3","votes":2426},"geometry":{"type":"Point","coordinates":[38.77075195312501,8.963673487993978]}},{"type":"Feature","id":"cb031493-2f67-4dd7-ba4a-1e9d413b22a0","properties":{"stationUuid":"cb031493-2f67-4dd7-ba4a-1e9d413b22a0","name":"Radio Sholawat","country":"Indonesia","countryCode":"ID","language":"indonesian","freqLabel":null,"streamUrl":"https://stream.zeno.fm/us5bsznu3rptv","codec":"MP3","votes":2388},"geometry":{"type":"Point","coordinates":[112.70269067958,-7.432475023114795]}},{"type":"Feature","id":"96147f07-0601-11e8-ae97-52543be04c81","properties":{"stationUuid":"96147f07-0601-11e8-ae97-52543be04c81","name":"Christian Power Praise Dot Net","country":"The United States Of America","countryCode":"US","language":"english","freqLabel":null,"streamUrl":"https://listen.christianrock.net/stream/13/","codec":"AAC","votes":2352},"geometry":{"type":"Point","coordinates":[-93.28977,37.21158]}},{"type":"Feature","id":"9614f116-0601-11e8-ae97-52543be04c81","properties":{"stationUuid":"9614f116-0601-11e8-ae97-52543be04c81","name":"SomaFM Suburbs of Goa (128k AAC)","country":"The United States Of America","countryCode":"US","language":"english","freqLabel":null,"streamUrl":"https://ice2.somafm.com/suburbsofgoa-128-aac","codec":"AAC","votes":2319},"geometry":{"type":"Point","coordinates":[-121.286316,37.809784]}},{"type":"Feature","id":"53241c38-4a74-4beb-9514-1033913d1ede","properties":{"stationUuid":"53241c38-4a74-4beb-9514-1033913d1ede","name":"SmoothJazz.com.pl 320k MP3","country":"Poland","countryCode":"PL","language":"english","freqLabel":null,"streamUrl":"https://bcast.vigormultimedia.com:48888/sjcompl320mp3","codec":"MP3","votes":2288},"geometry":{"type":"Point","coordinates":[17.029,54.465]}},{"type":"Feature","id":"960eb232-0601-11e8-ae97-52543be04c81","properties":{"stationUuid":"960eb232-0601-11e8-ae97-52543be04c81","name":"SomaFM Beat Blender (128k MP3)","country":"The United States Of America","countryCode":"US","language":"english","freqLabel":null,"streamUrl":"https://ice5.somafm.com/beatblender-128-mp3","codec":"MP3","votes":2282},"geometry":{"type":"Point","coordinates":[-121.286316,37.809784]}},{"type":"Feature","id":"ffc3c473-6eb2-47f8-a0be-6536a8beda00","properties":{"stationUuid":"ffc3c473-6eb2-47f8-a0be-6536a8beda00","name":"Radio España","country":"Spain","countryCode":"ES","language":"spanish","freqLabel":null,"streamUrl":"https://stream-280.surfernetwork.com/7ywx2u45vv8uv?zt=eyJhbGciOiJIUzI1NiJ9.eyJzdHJlYW0iOiI3eXd4MnU0NXZ2OHV2IiwiaG9zdCI6InN0cmVhbS0yODAuc3VyZmVybmV0d29yay5jb20iLCJ0bSI6ZmFsc2UsInJ0dGwiOjUsImp0aSI6InpFSXE5SF92UUw2MG1VVWZZVDhOYXciLCJpYXQiOjE3ODk5OTQzMjAsImV4cCI6MTc4OTk5NDM4MH0.HMODy1QXkZF93nD43C1-kgrRi2-KBl0Eqtc9UW3bAe8","codec":"MP3","votes":2262},"geometry":{"type":"Point","coordinates":[-3.6996459960937504,40.37904765421735]}},{"type":"Feature","id":"30ba9673-6034-40ff-966d-b8a8b3da2536","properties":{"stationUuid":"30ba9673-6034-40ff-966d-b8a8b3da2536","name":"Mettaswara Koplo","country":"Indonesia","countryCode":"ID","language":"javanese","freqLabel":null,"streamUrl":"https://mettaswara.com:8700//koplo","codec":"AAC","votes":2256},"geometry":{"type":"Point","coordinates":[106.82148523628712,-6.202298736337668]}},{"type":"Feature","id":"02569932-0b3c-4938-9d3e-b00b2158d40b","properties":{"stationUuid":"02569932-0b3c-4938-9d3e-b00b2158d40b","name":"AIRPORT LOUNGE RADIO","country":"Canada","countryCode":"CA","language":"english","freqLabel":null,"streamUrl":"https://az1.mediacp.eu/listen/airport-lounge-radio/radio.mp3","codec":"MP3","votes":2255},"geometry":{"type":"Point","coordinates":[-79.85188515856863,43.96145610700701]}},{"type":"Feature","id":"1f531ac1-0f4d-444c-bd33-7576a19b820b","properties":{"stationUuid":"1f531ac1-0f4d-444c-bd33-7576a19b820b","name":"Z 92 (Miami) - 92.3 FM - WCMQ-FM - Spanish Broadcasting System - Miami, Florida","country":"The United States Of America","countryCode":"US","language":"spanish","freqLabel":"92 FM","streamUrl":"https://liveaudio.lamusica.com/MIA_WCMQ_icy","codec":"AAC","votes":2247},"geometry":{"type":"Point","coordinates":[-80.19229888916017,25.78243539492414]}},{"type":"Feature","id":"ede55a22-f16e-4eb4-be1a-731816df3743","properties":{"stationUuid":"ede55a22-f16e-4eb4-be1a-731816df3743","name":"Kiss FM","country":"Ukraine","countryCode":"UA","language":"ukrainian","freqLabel":null,"streamUrl":"https://online.kissfm.ua/KissFM_HD","codec":"MP3","votes":2124},"geometry":{"type":"Point","coordinates":[30.484348296922693,50.48364264929407]}},{"type":"Feature","id":"de478916-6d8d-4997-9894-9d068bcf1857","properties":{"stationUuid":"de478916-6d8d-4997-9894-9d068bcf1857","name":"Labgate P.YG. Pink Floyd, Yes, Genesis","country":"Canada","countryCode":"CA","language":null,"freqLabel":null,"streamUrl":"https://s2.ssl-stream.com/radio/8160/radio.mp3","codec":"MP3","votes":2122},"geometry":{"type":"Point","coordinates":[-71.71875000000001,47.040182144806664]}},{"type":"Feature","id":"d140f8b2-0316-44e0-8988-6290cda26345","properties":{"stationUuid":"d140f8b2-0316-44e0-8988-6290cda26345","name":"Exa FM Guatemala","country":"Guatemala","countryCode":"GT","language":"spanish","freqLabel":null,"streamUrl":"https://stream.zeno.fm/czdkk32qduhvv","codec":"MP3","votes":2106},"geometry":{"type":"Point","coordinates":[-90.52425384521486,14.625953081427514]}},{"type":"Feature","id":"7b132f6c-9097-4f85-9682-1de87d38d946","properties":{"stationUuid":"7b132f6c-9097-4f85-9682-1de87d38d946","name":"Radio Metrópoli – XEAD-AM","country":"Mexico","countryCode":"MX","language":null,"freqLabel":null,"streamUrl":"https://s2.yesstreaming.net:9088/stream","codec":"MP3","votes":2103},"geometry":{"type":"Point","coordinates":[-102.83203125,19.311143355064655]}},{"type":"Feature","id":"7d196930-5f3d-45e2-b11a-d261c4515161","properties":{"stationUuid":"7d196930-5f3d-45e2-b11a-d261c4515161","name":"Virgin Radio UK","country":"The United Kingdom Of Great Britain And Northern Ireland","countryCode":"GB","language":null,"freqLabel":null,"streamUrl":"https://radio.virginradio.co.uk/stream","codec":"MP3","votes":2095},"geometry":{"type":"Point","coordinates":[-0.08765459060668947,51.50520253809267]}},{"type":"Feature","id":"8712fca3-870c-4dfb-8d5b-c01095aa6e98","properties":{"stationUuid":"8712fca3-870c-4dfb-8d5b-c01095aa6e98","name":"Free FM Bombay","country":"India","countryCode":"IN","language":"english,spanish","freqLabel":null,"streamUrl":"https://rocafmadrid.radioca.st/","codec":"MP3","votes":2093},"geometry":{"type":"Point","coordinates":[75.84960937500001,24.16930792536814]}},{"type":"Feature","id":"df1045ec-c8ef-410f-b800-9a81cdf0d252","properties":{"stationUuid":"df1045ec-c8ef-410f-b800-9a81cdf0d252","name":"Absolut bella","country":"Germany","countryCode":"DE","language":null,"freqLabel":null,"streamUrl":"https://absolut-bella.live-sm.absolutradio.de/absolut-bella/stream/mp3","codec":"MP3","votes":2069},"geometry":{"type":"Point","coordinates":[13.400402069091797,52.50649780974137]}},{"type":"Feature","id":"b56671bc-2a27-40a2-84ac-5c474217ca8c","properties":{"stationUuid":"b56671bc-2a27-40a2-84ac-5c474217ca8c","name":"Radiocentras","country":"Lithuania","countryCode":"LT","language":null,"freqLabel":null,"streamUrl":"https://stream2.rc.lt/rc128.mp3","codec":"MP3","votes":2059},"geometry":{"type":"Point","coordinates":[24.104003906250004,55.373258314187176]}},{"type":"Feature","id":"e94afa1a-0f96-4a57-8b97-112bb5cd348d","properties":{"stationUuid":"e94afa1a-0f96-4a57-8b97-112bb5cd348d","name":"# Aktuelle HITS - 24H NON-STOP MUSIC - DANCE & DJ MIX RADIO @ TikTok Hits, Ibiza House, Sunset Lounge, Melodic Music, EDM, Deep House, Dance Music, Techno & Hypertechno, Rave Charts, Top 40 Charts, Latin, Reggaeton Music, Moombahton, Urban Hits, HipHop, Party & Clubbing Radio, Trending Chartmusic, R&B, Urban, Mixtape - & LIVE DJ SET","country":"Germany","countryCode":"DE","language":"english,german","freqLabel":null,"streamUrl":"https://breakz-2012-high.rautemusik.fm/?ref=radiobrowser-akthits","codec":"MP3","votes":2052},"geometry":{"type":"Point","coordinates":[6.809602707021695,51.20724216553999]}},{"type":"Feature","id":"7bc1f66f-412d-484b-82eb-b7b1c4575faa","properties":{"stationUuid":"7bc1f66f-412d-484b-82eb-b7b1c4575faa","name":" M80 Rádio – 80s","country":"Portugal","countryCode":"PT","language":"portuguese","freqLabel":null,"streamUrl":"https://stream-icy.bauermedia.pt/m8080.aac","codec":"AAC","votes":2043},"geometry":{"type":"Point","coordinates":[-9.151954650878908,38.70908932739828]}},{"type":"Feature","id":"97730dcf-857f-4b0a-9f33-c18af303c14b","properties":{"stationUuid":"97730dcf-857f-4b0a-9f33-c18af303c14b","name":"Deutschlandfunk | DLF | AAC 48k","country":"Germany","countryCode":"DE","language":"german","freqLabel":null,"streamUrl":"https://st01.sslstream.dlf.de/dlf/01/low/aac/stream.aac?aggregator=web","codec":"AAC","votes":2023},"geometry":{"type":"Point","coordinates":[13.3347639,52.4802578]}},{"type":"Feature","id":"e6a69e26-8320-404d-be82-d819ae50d64c","properties":{"stationUuid":"e6a69e26-8320-404d-be82-d819ae50d64c","name":"bravo! kids","country":"Croatia","countryCode":"HR","language":"croatian","freqLabel":null,"streamUrl":"https://audio.social3.hr/listen/bravo_kids/stream?3367","codec":"MP3","votes":2000},"geometry":{"type":"Point","coordinates":[15.96584607639418,45.810423487136624]}},{"type":"Feature","id":"499f6465-ca83-4ad4-a4cd-18d625281651","properties":{"stationUuid":"499f6465-ca83-4ad4-a4cd-18d625281651","name":"Remember the music FM 96.6","country":"Spain","countryCode":"ES","language":"catalan,spanish","freqLabel":"96.6 FM","streamUrl":"https://eu1.lhdserver.es:9041/stream","codec":"MP3","votes":1992},"geometry":{"type":"Point","coordinates":[-0.5961799621582032,39.62996621077894]}},{"type":"Feature","id":"962aa032-0601-11e8-ae97-52543be04c81","properties":{"stationUuid":"962aa032-0601-11e8-ae97-52543be04c81","name":"SomaFM Groove Salad (128k AAC)","country":"The United States Of America","countryCode":"US","language":"english","freqLabel":null,"streamUrl":"https://ice6.somafm.com/groovesalad-128-aac","codec":"AAC","votes":1986},"geometry":{"type":"Point","coordinates":[-121.286316,37.809784]}},{"type":"Feature","id":"698ab82f-5089-46cc-b513-0317f3db367a","properties":{"stationUuid":"698ab82f-5089-46cc-b513-0317f3db367a","name":"ГопФМ","country":"The Russian Federation","countryCode":"RU","language":"russian","freqLabel":null,"streamUrl":"https://radiorecord.hostingradio.ru/gop96.aacp","codec":"AAC","votes":1984},"geometry":{"type":"Point","coordinates":[83.84636162992699,53.33592154694868]}},{"type":"Feature","id":"960125a3-5b14-4dfc-970f-0a508dbd618d","properties":{"stationUuid":"960125a3-5b14-4dfc-970f-0a508dbd618d","name":"Radio Tvornica","country":"Croatia","countryCode":"HR","language":null,"freqLabel":null,"streamUrl":"https://c8.hostingcentar.com/streams/radiotvornica?type=http&nocache=50001","codec":"MP3","votes":1984},"geometry":{"type":"Point","coordinates":[15.976318304892631,45.801233315934255]}},{"type":"Feature","id":"521050ee-ed59-4b3b-bb6b-c5b86d703b62","properties":{"stationUuid":"521050ee-ed59-4b3b-bb6b-c5b86d703b62","name":"Radio 10 Magic FM","country":"Suriname","countryCode":"SR","language":"dutch,sranan tongo","freqLabel":"10 FM","streamUrl":"https://s5.radio.co/s85a633f73/listen","codec":"AAC","votes":1967},"geometry":{"type":"Point","coordinates":[-55.16043081181125,5.836420985114968]}},{"type":"Feature","id":"0e1a47cb-f16d-4169-851a-5985c6133055","properties":{"stationUuid":"0e1a47cb-f16d-4169-851a-5985c6133055","name":"Deutschlandfunk Nova | DLF | MP3 128k","country":"Germany","countryCode":"DE","language":"german","freqLabel":null,"streamUrl":"https://st03.sslstream.dlf.de/dlf/03/128/mp3/stream.mp3?aggregator=web","codec":"MP3","votes":1944},"geometry":{"type":"Point","coordinates":[13.3347639,52.4802578]}},{"type":"Feature","id":"bc5e41ee-51da-454b-993a-56895be3e864","properties":{"stationUuid":"bc5e41ee-51da-454b-993a-56895be3e864","name":"punk irratia","country":"Spain","countryCode":"ES","language":"basque,english,spanish","freqLabel":null,"streamUrl":"https://punkirratia.net:8443/punk","codec":"MP3","votes":1942},"geometry":{"type":"Point","coordinates":[-2.898934,43.257772]}},{"type":"Feature","id":"c29e907a-641c-4ad2-bb6a-aa50b2a1126a","properties":{"stationUuid":"c29e907a-641c-4ad2-bb6a-aa50b2a1126a","name":"FieraMix","country":"The Dominican Republic","countryCode":"DO","language":"spanish","freqLabel":null,"streamUrl":"https://c11.radioboss.fm:18269/stream","codec":"MP3","votes":1941},"geometry":{"type":"Point","coordinates":[-68.71636033058168,18.615029551049258]}},{"type":"Feature","id":"f00f65b1-f36a-11e8-a471-52543be04c81","properties":{"stationUuid":"f00f65b1-f36a-11e8-a471-52543be04c81","name":"- 0 N - Electro on Radio","country":"Germany","countryCode":"DE","language":"german","freqLabel":null,"streamUrl":"https://0n-electro.radionetz.de/0n-electro.mp3","codec":"MP3","votes":1930},"geometry":{"type":"Point","coordinates":[11.923,50.3115]}},{"type":"Feature","id":"73e94c4e-a02a-4b34-be03-44c8496cd9ba","properties":{"stationUuid":"73e94c4e-a02a-4b34-be03-44c8496cd9ba","name":"Oldies Internet Radio - Online - www.oldiesinternetradio.com - Grupo Digital Retroland - Monterrey, Nuevo León","country":"Mexico","countryCode":"MX","language":"spanish","freqLabel":null,"streamUrl":"https://panel.retrolandigital.com/listen/oldies_internet_radio/listen","codec":"AAC","votes":1920},"geometry":{"type":"Point","coordinates":[-100.312557220459,25.68137422690145]}},{"type":"Feature","id":"282facce-8ae7-46a5-9e24-a946abe9fc7d","properties":{"stationUuid":"282facce-8ae7-46a5-9e24-a946abe9fc7d","name":"Lounge.FM - 100% Austria","country":"Austria","countryCode":"AT","language":"german","freqLabel":"100 FM","streamUrl":"https://s35.derstream.net/100austria.mp3","codec":"MP3","votes":1908},"geometry":{"type":"Point","coordinates":[16.3605854,48.1993032]}},{"type":"Feature","id":"68c4dc06-824c-4a00-9f76-a13e181c6f2d","properties":{"stationUuid":"68c4dc06-824c-4a00-9f76-a13e181c6f2d","name":"Radio Party - Kanał Główny","country":"Poland","countryCode":"PL","language":"polish","freqLabel":null,"streamUrl":"https://s2.radioparty.pl:8015/stream?nocache=4171","codec":"MP3","votes":1908},"geometry":{"type":"Point","coordinates":[20.676269531250004,52.11683649275654]}},{"type":"Feature","id":"76d877f9-f259-4bd3-b9c1-eb14e2359fdc","properties":{"stationUuid":"76d877f9-f259-4bd3-b9c1-eb14e2359fdc","name":"Radiorama 1340 Frecuencia Deportiva (Guadalajara) - 1340 AM - XEDKT-AM - Radiorama de Occidente - Guadalajara, Jalisco","country":"Mexico","countryCode":"MX","language":"spanish","freqLabel":null,"streamUrl":"https://stream.zeno.fm/r1540b8e408uv","codec":"MP3","votes":1880},"geometry":{"type":"Point","coordinates":[-103.34117889404295,20.675681971746823]}},{"type":"Feature","id":"b424be26-51c4-48cf-b113-9fc29a923701","properties":{"stationUuid":"b424be26-51c4-48cf-b113-9fc29a923701","name":"Radio Activa Honduras","country":"Honduras","countryCode":"HN","language":null,"freqLabel":null,"streamUrl":"https://stream.zeno.fm/6n7fp9t2pceuv","codec":"MP3","votes":1860},"geometry":{"type":"Point","coordinates":[-88.02932739257812,15.505825115447845]}},{"type":"Feature","id":"82d0c589-9c97-4ca1-896a-1653e351ec93","properties":{"stationUuid":"82d0c589-9c97-4ca1-896a-1653e351ec93","name":"Mera FM 107.4","country":"Pakistan","countryCode":"PK","language":"urdu","freqLabel":"107.4 FM","streamUrl":"https://samaakhi107-itelservices.radioca.st/stream","codec":"MP3","votes":1851},"geometry":{"type":"Point","coordinates":[73.08517456054689,33.657531190464844]}},{"type":"Feature","id":"ee6043f7-124d-4f20-b020-c1a77ca8383e","properties":{"stationUuid":"ee6043f7-124d-4f20-b020-c1a77ca8383e","name":"Technolovers EURODANCE","country":"Germany","countryCode":"DE","language":"english,german","freqLabel":null,"streamUrl":"https://stream.technolovers.fm/eurodance?ref=radiobrowser","codec":"MP3","votes":1831},"geometry":{"type":"Point","coordinates":[9.609367847442629,50.673835249921346]}},{"type":"Feature","id":"89e889e1-124c-4c36-882b-c666ef83189b","properties":{"stationUuid":"89e889e1-124c-4c36-882b-c666ef83189b","name":"Ethiopian Orthodox Church Mezmur","country":"Ethiopia","countryCode":"ET","language":"amharic","freqLabel":null,"streamUrl":"https://stream.zeno.fm/pfaho9uockwuv","codec":"MP3","votes":1830},"geometry":{"type":"Point","coordinates":[38.79272460937501,8.985377150376285]}},{"type":"Feature","id":"9536cb64-9345-4ddb-b84c-cc34f511a965","properties":{"stationUuid":"9536cb64-9345-4ddb-b84c-cc34f511a965","name":"Lattemiele","country":"Italy","countryCode":"IT","language":"italian","freqLabel":null,"streamUrl":"https://sr15.inmystream.it:8000/stream","codec":"MP3","votes":1807},"geometry":{"type":"Point","coordinates":[9.173583984375002,45.473999403745474]}},{"type":"Feature","id":"78538523-2d96-4ab3-8202-8ed1a73bf84f","properties":{"stationUuid":"78538523-2d96-4ab3-8202-8ed1a73bf84f","name":"Fórmula Melódica (Guadalajara) - 97.9 FM - XETIA-FM - Grupo Unidifusión - Guadalajara, JC","country":"Mexico","countryCode":"MX","language":"spanish","freqLabel":"97.9 FM","streamUrl":"https://s2.yesstreaming.net:9085/stream","codec":"MP3","votes":1788},"geometry":{"type":"Point","coordinates":[-103.34795951843265,20.67181735634294]}},{"type":"Feature","id":"e723f7f8-0db1-4bc5-a64c-64d8377f9f9a","properties":{"stationUuid":"e723f7f8-0db1-4bc5-a64c-64d8377f9f9a","name":"ORF Hitradio Ö3 | HQ","country":"Austria","countryCode":"AT","language":"german","freqLabel":null,"streamUrl":"https://orf-live.ors-shoutcast.at/oe3-q2a","codec":"MP3","votes":1778},"geometry":{"type":"Point","coordinates":[16.2877707,48.1776994]}},{"type":"Feature","id":"b8e70464-2f37-45cb-8069-512206b6d7f7","properties":{"stationUuid":"b8e70464-2f37-45cb-8069-512206b6d7f7","name":"- 0 N - Greatest Hits on Radio","country":"Germany","countryCode":"DE","language":"german","freqLabel":null,"streamUrl":"https://0n-greatesthits.radionetz.de/0n-greatesthits.mp3","codec":"MP3","votes":1735},"geometry":{"type":"Point","coordinates":[11.923,50.3115]}},{"type":"Feature","id":"1ce84a75-b227-4677-9756-5832b71ddd44","properties":{"stationUuid":"1ce84a75-b227-4677-9756-5832b71ddd44","name":"Red Uyuni: Radio Recuerdos","country":"Bolivia","countryCode":"BO","language":"spanish","freqLabel":null,"streamUrl":"https://emiteradio.com/proxy/uyuni2?mp=/stream","codec":"MP3","votes":1708},"geometry":{"type":"Point","coordinates":[-66.8181610107422,-20.468961172929443]}},{"type":"Feature","id":"e2f8a671-835a-4223-ad0f-33ac7aa9ed05","properties":{"stationUuid":"e2f8a671-835a-4223-ad0f-33ac7aa9ed05","name":"DnB&EDM","country":"The United States Of America","countryCode":"US","language":"english","freqLabel":null,"streamUrl":"https://edmdnb.com:448/radio/8000/radio.mp3","codec":"MP3","votes":1698},"geometry":{"type":"Point","coordinates":[10.118408203125002,51.299925466442645]}},{"type":"Feature","id":"a6c8c797-e8b5-4a82-b5eb-756062a17c90","properties":{"stationUuid":"a6c8c797-e8b5-4a82-b5eb-756062a17c90","name":"Zitouna Zitouna FM","country":"Tunisia","countryCode":"TN","language":"arabic","freqLabel":null,"streamUrl":"https://radio.radiotunisienne.tn/radiozaitouna","codec":"MP3","votes":1697},"geometry":{"type":"Point","coordinates":[9.711914062500002,35.01312680454406]}},{"type":"Feature","id":"90ad59d7-68b5-4a49-addd-9498843da6f2","properties":{"stationUuid":"90ad59d7-68b5-4a49-addd-9498843da6f2","name":"Radio Slovensko","country":"Slovakia","countryCode":"SK","language":null,"freqLabel":null,"streamUrl":"https://icecast.stv.livebox.sk/slovensko_128.mp3","codec":"MP3","votes":1691},"geometry":{"type":"Point","coordinates":[17.11382389068604,48.15403355097454]}},{"type":"Feature","id":"9bb0d97d-5dc8-4181-a1f0-d938f91a4e51","properties":{"stationUuid":"9bb0d97d-5dc8-4181-a1f0-d938f91a4e51","name":"Radio Fides Cochabamba","country":"Bolivia","countryCode":"BO","language":"spanish","freqLabel":null,"streamUrl":"https://usa14.fastcast4u.com/proxy/gfloresc?mp=/1","codec":"MP3","votes":1684},"geometry":{"type":"Point","coordinates":[-66.15844488143922,-17.38367684957177]}},{"type":"Feature","id":"9612102b-0601-11e8-ae97-52543be04c81","properties":{"stationUuid":"9612102b-0601-11e8-ae97-52543be04c81","name":"SomaFM Seven Inch Soul (128k MP3)","country":"The United States Of America","countryCode":"US","language":"english","freqLabel":null,"streamUrl":"https://ice2.somafm.com/7soul-128-mp3","codec":"MP3","votes":1683},"geometry":{"type":"Point","coordinates":[-121.286316,37.809784]}},{"type":"Feature","id":"2793611b-6fbd-4c1b-aaec-fed7b85b6b6c","properties":{"stationUuid":"2793611b-6fbd-4c1b-aaec-fed7b85b6b6c","name":"40 Principales Colombia","country":"Colombia","countryCode":"CO","language":"español internacional","freqLabel":null,"streamUrl":"https://playerservices.streamtheworld.com/api/livestream-redirect/%20LOS40_COLOMBIA.mp3","codec":"MP3","votes":1660},"geometry":{"type":"Point","coordinates":[-74.88281250000001,4.144818737750843]}},{"type":"Feature","id":"d420bcf1-bb4c-11e9-acb2-52543be04c81","properties":{"stationUuid":"d420bcf1-bb4c-11e9-acb2-52543be04c81","name":"SomaFM Folk Forward (128k AAC)","country":"The United States Of America","countryCode":"US","language":"english","freqLabel":null,"streamUrl":"https://ice5.somafm.com/folkfwd-128-aac","codec":"AAC","votes":1658},"geometry":{"type":"Point","coordinates":[-121.286316,37.809784]}},{"type":"Feature","id":"960e14a9-0601-11e8-ae97-52543be04c81","properties":{"stationUuid":"960e14a9-0601-11e8-ae97-52543be04c81","name":"SomaFM Folk Forward (128k MP3)","country":"The United States Of America","countryCode":"US","language":"english","freqLabel":null,"streamUrl":"https://ice2.somafm.com/folkfwd-128-mp3","codec":"MP3","votes":1658},"geometry":{"type":"Point","coordinates":[-121.286316,37.809784]}},{"type":"Feature","id":"cf14b5ee-f03e-4468-8ce1-379f171fd8c4","properties":{"stationUuid":"cf14b5ee-f03e-4468-8ce1-379f171fd8c4","name":" # 70s 80s 90s RdMix Network","country":"Canada","countryCode":"CA","language":"english","freqLabel":null,"streamUrl":"https://cast1.torontocast.com:1830/stream","codec":"MP3","votes":1655},"geometry":{"type":"Point","coordinates":[-79.40116589602019,43.62887189047809]}},{"type":"Feature","id":"dee09ddb-8e41-11e8-aa66-52543be04c81","properties":{"stationUuid":"dee09ddb-8e41-11e8-aa66-52543be04c81","name":"Abiding Radio - Instrumental","country":"The United States Of America","countryCode":"US","language":"english","freqLabel":null,"streamUrl":"https://streams.abidingradio.com/instrumental","codec":"AAC","votes":1654},"geometry":{"type":"Point","coordinates":[-86.57,30.76]}},{"type":"Feature","id":"fd7d0ef0-3227-4215-bfb8-a82ec4fa420a","properties":{"stationUuid":"fd7d0ef0-3227-4215-bfb8-a82ec4fa420a","name":"Radio KRka","country":"Slovenia","countryCode":"SI","language":"slovenian,slovenski","freqLabel":null,"streamUrl":"https://live.radio.si/Krka","codec":"MP3","votes":1629},"geometry":{"type":"Point","coordinates":[15.154566764831545,45.814383844698945]}},{"type":"Feature","id":"9f2c7d71-a2e5-4455-b1e5-09dc763c9eff","properties":{"stationUuid":"9f2c7d71-a2e5-4455-b1e5-09dc763c9eff","name":"Radio Jagriti 90.4 FM","country":"India","countryCode":"IN","language":null,"freqLabel":"90.4 FM","streamUrl":"https://stream.zeno.fm/kgdue4hmffhvv","codec":"MP3","votes":1621},"geometry":{"type":"Point","coordinates":[85.94024062156679,24.30352865994961]}},{"type":"Feature","id":"7de24679-ec4a-482c-8772-9a2ad9c8b93f","properties":{"stationUuid":"7de24679-ec4a-482c-8772-9a2ad9c8b93f","name":"Jil FM","country":"Algeria","countryCode":"DZ","language":"arabic,english,french","freqLabel":null,"streamUrl":"https://radiojeunesse.ice.infomaniak.ch/jeunesse.mp3","codec":"AAC","votes":1618},"geometry":{"type":"Point","coordinates":[3.049928474169659,36.74759144622673]}},{"type":"Feature","id":"1e13ed4e-daa9-4728-8550-e08d89c1c8e7","properties":{"stationUuid":"1e13ed4e-daa9-4728-8550-e08d89c1c8e7","name":"FM4 | ORF | HQ","country":"Austria","countryCode":"AT","language":"english,german","freqLabel":null,"streamUrl":"https://orf-live.ors-shoutcast.at/fm4-q2a","codec":"MP3","votes":1614},"geometry":{"type":"Point","coordinates":[16.2877707,48.1776994]}},{"type":"Feature","id":"af566e6b-3d2b-4b96-92ca-a9cb183e6fd8","properties":{"stationUuid":"af566e6b-3d2b-4b96-92ca-a9cb183e6fd8","name":"Free FM Tokyo","country":"Japan","countryCode":"JP","language":"english,japanese,spanish","freqLabel":null,"streamUrl":"https://rocafmadrid.radioca.st/","codec":"MP3","votes":1613},"geometry":{"type":"Point","coordinates":[139.79003906250003,35.37225482334387]}},{"type":"Feature","id":"0af2ed70-732c-4475-b206-6a937bb895ed","properties":{"stationUuid":"0af2ed70-732c-4475-b206-6a937bb895ed","name":"Amharic Live Sport የኳስ  ኮሜኔታተር","country":"Ethiopia","countryCode":"ET","language":"amharic","freqLabel":null,"streamUrl":"https://stream.zeno.fm/bqtruhn4q98uv","codec":"MP3","votes":1608},"geometry":{"type":"Point","coordinates":[38.77075195312501,8.941968528742152]}},{"type":"Feature","id":"1e1113a5-7de2-4b9f-922c-ff56026f8759","properties":{"stationUuid":"1e1113a5-7de2-4b9f-922c-ff56026f8759","name":"BKK.FM","country":"Thailand","countryCode":"TH","language":null,"freqLabel":null,"streamUrl":"https://rsas.bkk.fm/radio","codec":"AAC","votes":1604},"geometry":{"type":"Point","coordinates":[100.6144452095032,13.685060157552996]}},{"type":"Feature","id":"6a11c952-ea0c-4887-99a3-96b0139ee3fc","properties":{"stationUuid":"6a11c952-ea0c-4887-99a3-96b0139ee3fc","name":"Rap Lbeldi Maroc - Hip Hop Music from Morocco FR AR","country":"Morocco","countryCode":"MA","language":"english,french,moroccan arabic","freqLabel":null,"streamUrl":"https://stream.zeno.fm/ivdufrl7q0quv","codec":"MP3","votes":1602},"geometry":{"type":"Point","coordinates":[-7.415771484375001,33.79312909288509]}},{"type":"Feature","id":"5b59ea80-6ce9-11e8-b15b-52543be04c81","properties":{"stationUuid":"5b59ea80-6ce9-11e8-b15b-52543be04c81","name":"SomaFM DEF CON Radio (128k AAC)","country":"The United States Of America","countryCode":"US","language":"english","freqLabel":null,"streamUrl":"https://ice5.somafm.com/defcon-128-aac","codec":"AAC","votes":1600},"geometry":{"type":"Point","coordinates":[-121.286316,37.809784]}},{"type":"Feature","id":"717e3749-b9e8-4497-bd6a-61ccec935922","properties":{"stationUuid":"717e3749-b9e8-4497-bd6a-61ccec935922","name":"Deutschlandfunk | DLF | AAC 192k","country":"Germany","countryCode":"DE","language":"german","freqLabel":null,"streamUrl":"https://st01.sslstream.dlf.de/dlf/01/high/aac/stream.aac?aggregator=web","codec":"AAC","votes":1598},"geometry":{"type":"Point","coordinates":[13.3347639,52.4802578]}},{"type":"Feature","id":"21b074e0-dd20-41cc-9d3d-ad4b9b5b4afe","properties":{"stationUuid":"21b074e0-dd20-41cc-9d3d-ad4b9b5b4afe","name":"Power 98.7","country":"South Africa","countryCode":"ZA","language":"english","freqLabel":null,"streamUrl":"https://edge.iono.fm/xice/65_medium.aac","codec":"AAC","votes":1586},"geometry":{"type":"Point","coordinates":[28.058052062988285,-26.154979569323213]}},{"type":"Feature","id":"3a83ee6a-b61d-4649-9be0-b4357a00329f","properties":{"stationUuid":"3a83ee6a-b61d-4649-9be0-b4357a00329f","name":"VOV1","country":"Vietnam","countryCode":"VN","language":"vietnamese","freqLabel":null,"streamUrl":"https://str.vov.gov.vn/vovlive/vov1vov5Vietnamese.sdp_aac/playlist.m3u8","codec":"AAC","votes":1568},"geometry":{"type":"Point","coordinates":[105.83816528320314,21.024945412407845]}},{"type":"Feature","id":"ba71845c-3ceb-4278-9bb7-7b2e3cc6bc41","properties":{"stationUuid":"ba71845c-3ceb-4278-9bb7-7b2e3cc6bc41","name":"Flaix FM","country":"Spain","countryCode":"ES","language":"catalan","freqLabel":null,"streamUrl":"https://stream.flaixfm.cat/icecast","codec":"AAC","votes":1565},"geometry":{"type":"Point","coordinates":[2.1638613939285283,41.39255286564529]}},{"type":"Feature","id":"4a3bd909-1245-43bd-b77d-58053ad16f50","properties":{"stationUuid":"4a3bd909-1245-43bd-b77d-58053ad16f50","name":"__80 EXITOS","country":"Spain","countryCode":"ES","language":"english,spanish","freqLabel":null,"streamUrl":"https://80sexitos.stream.laut.fm/80sexitos","codec":"MP3","votes":1553},"geometry":{"type":"Point","coordinates":[-3.704710006713867,40.414903107605824]}},{"type":"Feature","id":"465760fe-5aa9-4117-8145-b3f128f1f034","properties":{"stationUuid":"465760fe-5aa9-4117-8145-b3f128f1f034","name":"Radio Złote Przeboje Białystok","country":"Poland","countryCode":"PL","language":"polish","freqLabel":null,"streamUrl":"https://radiostream.pl/tuba8900-1.mp3?cache=1647512038","codec":"MP3","votes":1551},"geometry":{"type":"Point","coordinates":[23.15112416634304,53.13241183378915]}},{"type":"Feature","id":"cbcff885-49bb-4db1-8b78-7060e70ff06d","properties":{"stationUuid":"cbcff885-49bb-4db1-8b78-7060e70ff06d","name":"Technolovers DRUM N BASS","country":"Germany","countryCode":"DE","language":"english,german","freqLabel":null,"streamUrl":"https://stream.technolovers.fm/drummnbass?ref=radiobrowser","codec":"MP3","votes":1545},"geometry":{"type":"Point","coordinates":[7.910156250000001,50.68427770577119]}},{"type":"Feature","id":"01683d91-4e1e-4152-b1bc-30f2f1360b98","properties":{"stationUuid":"01683d91-4e1e-4152-b1bc-30f2f1360b98","name":"Deutschlandfunk | DLF | AAC 96k","country":"Germany","countryCode":"DE","language":"german","freqLabel":null,"streamUrl":"https://st01.sslstream.dlf.de/dlf/01/mid/aac/stream.aac?aggregator=web","codec":"AAC","votes":1545},"geometry":{"type":"Point","coordinates":[13.3347639,52.4802578]}},{"type":"Feature","id":"5638e14e-6971-4b21-9626-6a9404ed7b56","properties":{"stationUuid":"5638e14e-6971-4b21-9626-6a9404ed7b56","name":"Radio Audio","country":"Nepal","countryCode":"NP","language":"hindi,nepali","freqLabel":null,"streamUrl":"https://stream.zeno.fm/fvrx47wpg0quv","codec":"MP3","votes":1525},"geometry":{"type":"Point","coordinates":[85.33132106060293,27.69594048204452]}},{"type":"Feature","id":"14db05f4-b028-40dc-a13f-c53d068d929e","properties":{"stationUuid":"14db05f4-b028-40dc-a13f-c53d068d929e","name":"Habertürk Radyo","country":"Türkiye","countryCode":"TR","language":null,"freqLabel":null,"streamUrl":"https://haberturkradyo.radyotvonline.net/haberturkradyo","codec":"AAC","votes":1521},"geometry":{"type":"Point","coordinates":[28.973693847656257,41.03057575479761]}},{"type":"Feature","id":"bc0fc480-9229-4d6a-85b8-b91f38191f43","properties":{"stationUuid":"bc0fc480-9229-4d6a-85b8-b91f38191f43","name":"Epic Lounge - IBIZA CHILLOUT LOUNGE","country":"Germany","countryCode":"DE","language":"american english,english,german","freqLabel":null,"streamUrl":"https://stream.epic-lounge.com/ibiza-chillout-lounge?ref=radiobrowser","codec":"MP3","votes":1505},"geometry":{"type":"Point","coordinates":[8.554685711860659,50.74804449852182]}},{"type":"Feature","id":"ed1fb9a0-6416-11e9-a622-52543be04c81","properties":{"stationUuid":"ed1fb9a0-6416-11e9-a622-52543be04c81","name":"SomaFM Underground 80s (256k MP3)","country":"The United States Of America","countryCode":"US","language":"english","freqLabel":null,"streamUrl":"https://ice6.somafm.com/u80s-256-mp3","codec":"MP3","votes":1502},"geometry":{"type":"Point","coordinates":[-121.286316,37.809784]}},{"type":"Feature","id":"64d74c72-025e-4cea-8a32-906812691731","properties":{"stationUuid":"64d74c72-025e-4cea-8a32-906812691731","name":" #100 BEST IBIZA DEEP HOUSE","country":"Canada","countryCode":"CA","language":"english","freqLabel":null,"streamUrl":"https://stream.zeno.fm/lwv6zqgtv1dtv","codec":"MP3","votes":1502},"geometry":{"type":"Point","coordinates":[-79.34124744351426,43.75076120459581]}},{"type":"Feature","id":"21a282be-44f4-4b8e-aae9-b4c2041af4a5","properties":{"stationUuid":"21a282be-44f4-4b8e-aae9-b4c2041af4a5","name":"Radio Paradise World/Etc Mix 320k AAC","country":"The United States Of America","countryCode":"US","language":"english","freqLabel":null,"streamUrl":"https://stream.radioparadise.com/world-etc-320","codec":"AAC","votes":1496},"geometry":{"type":"Point","coordinates":[-124.183922,40.785114]}},{"type":"Feature","id":"0534207e-dea1-4239-a4be-d38017df2e61","properties":{"stationUuid":"0534207e-dea1-4239-a4be-d38017df2e61","name":"Mega 96.3 (Los Angeles) - 96.3 FM - KXOL-FM - Spanish Broadcasting System - Los Angeles, California","country":"The United States Of America","countryCode":"US","language":"spanish","freqLabel":"96.3 FM","streamUrl":"https://liveaudio.lamusica.com/LA_KXOL_icy","codec":"AAC","votes":1488},"geometry":{"type":"Point","coordinates":[-118.24687957763672,34.05764605443855]}},{"type":"Feature","id":"a0fa6a9b-cd73-41f7-ae5b-611d87b82d98","properties":{"stationUuid":"a0fa6a9b-cd73-41f7-ae5b-611d87b82d98","name":"La Tribu FM","country":"El Salvador","countryCode":"SV","language":"espanish","freqLabel":null,"streamUrl":"https://streamer.radio.co/s3a3c12873/listen","codec":"MP3","votes":1485},"geometry":{"type":"Point","coordinates":[-89.2412205694877,13.70827312916402]}},{"type":"Feature","id":"5143bb9a-3c5e-4c53-a6ec-0108435caf5a","properties":{"stationUuid":"5143bb9a-3c5e-4c53-a6ec-0108435caf5a","name":"CHILLOUT PIANO by Epic Piano","country":"Germany","countryCode":"DE","language":"american english,deutsch fränkisch,english,german","freqLabel":null,"streamUrl":"https://stream.epic-piano.com/chillout-piano?ref=radiobrowser","codec":"MP3","votes":1485},"geometry":{"type":"Point","coordinates":[7.910156250000001,50.23666548810372]}},{"type":"Feature","id":"d6d00207-f360-11e8-a471-52543be04c81","properties":{"stationUuid":"d6d00207-f360-11e8-a471-52543be04c81","name":"- 0 N - Disco on Radio","country":"Germany","countryCode":"DE","language":"german","freqLabel":null,"streamUrl":"https://0n-disco.radionetz.de/0n-disco.mp3","codec":"MP3","votes":1471},"geometry":{"type":"Point","coordinates":[11.923,50.3115]}},{"type":"Feature","id":"1711b4da-1e44-49c1-98be-a690d8decacb","properties":{"stationUuid":"1711b4da-1e44-49c1-98be-a690d8decacb","name":"Tizta ትዝታ FM","country":"Ethiopia","countryCode":"ET","language":"amharic","freqLabel":null,"streamUrl":"https://stream.zeno.fm/55nlq5yzqlftv","codec":"MP3","votes":1467},"geometry":{"type":"Point","coordinates":[38.79272460937501,9.017930205677102]}},{"type":"Feature","id":"f837704e-40df-4302-b546-c8401348e51c","properties":{"stationUuid":"f837704e-40df-4302-b546-c8401348e51c","name":"Radio Republika","country":"Poland","countryCode":"PL","language":"polish","freqLabel":null,"streamUrl":"https://ssl-1.radiotvrepublika.pl:12698/stream","codec":"MP3","votes":1458},"geometry":{"type":"Point","coordinates":[21.011725366115577,52.229819389893976]}},{"type":"Feature","id":"fa9cdf67-3a94-11e9-9b4e-52543be04c81","properties":{"stationUuid":"fa9cdf67-3a94-11e9-9b4e-52543be04c81","name":"- 0 N - Movies on Radio","country":"Germany","countryCode":"DE","language":"german","freqLabel":null,"streamUrl":"https://0n-movies.radionetz.de/0n-movies.mp3","codec":"MP3","votes":1446},"geometry":{"type":"Point","coordinates":[11.923,50.3115]}},{"type":"Feature","id":"0ade8f6a-7c48-4c82-8441-44297f396b9b","properties":{"stationUuid":"0ade8f6a-7c48-4c82-8441-44297f396b9b","name":"Radio Folklorica Uyuni","country":"Bolivia","countryCode":"BO","language":"castilian,spanish","freqLabel":null,"streamUrl":"https://emiteradio.com/proxy/uyuni?mp=/stream","codec":"MP3","votes":1445},"geometry":{"type":"Point","coordinates":[-66.80236816406251,-20.491860650687467]}},{"type":"Feature","id":"55112aa4-5fca-4201-bc53-ae2b467ee087","properties":{"stationUuid":"55112aa4-5fca-4201-bc53-ae2b467ee087","name":"EsRadio Principal","country":"Spain","countryCode":"ES","language":null,"freqLabel":null,"streamUrl":"https://libertaddigital-radio-live1.flumotion.com/libertaddigital/ld-live1-low.mp3","codec":"MP3","votes":1438},"geometry":{"type":"Point","coordinates":[-3.702993392944336,40.41596399755652]}},{"type":"Feature","id":"6cb69b95-72d9-4ea6-859f-52546a85c1fe","properties":{"stationUuid":"6cb69b95-72d9-4ea6-859f-52546a85c1fe","name":" # RdMix DJSET 70s 80s 90s","country":"Canada","countryCode":"CA","language":"english","freqLabel":null,"streamUrl":"https://cast1.torontocast.com:4560/stream","codec":"MP3","votes":1418},"geometry":{"type":"Point","coordinates":[-79.37886240880593,43.639442304264115]}},{"type":"Feature","id":"960cfee5-0601-11e8-ae97-52543be04c81","properties":{"stationUuid":"960cfee5-0601-11e8-ae97-52543be04c81","name":"Christian Rock Dot Net","country":"The United States Of America","countryCode":"US","language":"english","freqLabel":null,"streamUrl":"https://listen.christianrock.net/stream/11/","codec":"AAC","votes":1417},"geometry":{"type":"Point","coordinates":[-93.28977,37.21158]}},{"type":"Feature","id":"3f107ac4-949c-4c65-8bea-d1cba3a7e728","properties":{"stationUuid":"3f107ac4-949c-4c65-8bea-d1cba3a7e728","name":"Vanilla","country":"Bulgaria","countryCode":"BG","language":"bulgarian","freqLabel":null,"streamUrl":"https://play.global.audio/vanillahi.aac","codec":"AAC","votes":1416},"geometry":{"type":"Point","coordinates":[23.3219,42.6977]}},{"type":"Feature","id":"841ec916-508c-4948-9c16-6208f1e5015c","properties":{"stationUuid":"841ec916-508c-4948-9c16-6208f1e5015c","name":"Raadio Kuku","country":"Estonia","countryCode":"EE","language":null,"freqLabel":null,"streamUrl":"https://le301.euddn.net/f28dd5c8ba3b7e50b5a2bce19f1c625ece39e8a6f37eda019074705ec9f8bdfbe63b76e7a04e30d8ec94f598430c2a9a02260d46b50d703346729c8f29de4cf4e9e99532fd5ce429d16c3b99ef231ae34c923570ae0024d10edb08f528d364a3b26fd77d2882f0bcbadf99af5b0fe1ccf6eb21c493afdaadef2aaae19a94c3b2af4351914d4499eac9bb58a0ef62aaade6f41fc5aee9cbaa063a3e13068eee2fcce9029d26c41fb2fb221e89e56a77fa/kuku_high.mp3","codec":"MP3","votes":1406},"geometry":{"type":"Point","coordinates":[24.771423339843754,59.43096988687643]}},{"type":"Feature","id":"8b596ce2-3a96-11e9-9b4e-52543be04c81","properties":{"stationUuid":"8b596ce2-3a96-11e9-9b4e-52543be04c81","name":"- 0 N - Dance on Radio","country":"Germany","countryCode":"DE","language":"german","freqLabel":null,"streamUrl":"https://0n-dance.radionetz.de/0n-dance.mp3","codec":"MP3","votes":1400},"geometry":{"type":"Point","coordinates":[11.923,50.3115]}},{"type":"Feature","id":"6e36299b-6a91-4022-9db4-f72a2c8e9fef","properties":{"stationUuid":"6e36299b-6a91-4022-9db4-f72a2c8e9fef","name":"RAC1 +1","country":"Spain","countryCode":"ES","language":"catalan","freqLabel":null,"streamUrl":"https://playerservices.streamtheworld.com/api/livestream-redirect/RAC_MES_1.mp3","codec":"MP3","votes":1385},"geometry":{"type":"Point","coordinates":[2.145788669586182,41.392553003933905]}},{"type":"Feature","id":"f28d16cd-4515-43ed-9cc8-c25e56190e23","properties":{"stationUuid":"f28d16cd-4515-43ed-9cc8-c25e56190e23","name":"Pepper 96.6","country":"Greece","countryCode":"GR","language":"greek","freqLabel":null,"streamUrl":"https://stream.radiojar.com/pepper","codec":"MP3","votes":1384},"geometry":{"type":"Point","coordinates":[23.733215332031257,37.977113045155235]}},{"type":"Feature","id":"9494e8b3-79b6-4a13-a51f-e36d75b120b6","properties":{"stationUuid":"9494e8b3-79b6-4a13-a51f-e36d75b120b6","name":"Radio Bizi Inter","country":"Burkina Faso","countryCode":"BF","language":"french","freqLabel":null,"streamUrl":"https://sonic.mediacp.eu/8040/;","codec":"MP3","votes":1382},"geometry":{"type":"Point","coordinates":[-1.845703125,11.654926370243752]}},{"type":"Feature","id":"8b6000a2-0eeb-4eb2-8511-a168de0e9ce9","properties":{"stationUuid":"8b6000a2-0eeb-4eb2-8511-a168de0e9ce9","name":"Kiss FM Moldova","country":"The Republic Of Moldova","countryCode":"MD","language":"moldovian","freqLabel":null,"streamUrl":"https://live.kissfm.md/kissfm.chisinau","codec":"AAC","votes":1369},"geometry":{"type":"Point","coordinates":[28.851814270019535,47.01912074293779]}},{"type":"Feature","id":"92ec65ea-0324-4d45-bc55-d66955af4a1f","properties":{"stationUuid":"92ec65ea-0324-4d45-bc55-d66955af4a1f","name":"Радио Шоколад","country":"The Russian Federation","countryCode":"RU","language":"english,russian","freqLabel":null,"streamUrl":"https://choco.hostingradio.ru:10010/fm","codec":"MP3","votes":1367},"geometry":{"type":"Point","coordinates":[37.62336730957032,55.75553237074231]}},{"type":"Feature","id":"e75c8795-d8e6-456e-a0b2-6f5992966969","properties":{"stationUuid":"e75c8795-d8e6-456e-a0b2-6f5992966969","name":"Хіт FM","country":"Ukraine","countryCode":"UA","language":"ukrainian","freqLabel":null,"streamUrl":"https://online.hitfm.ua/HitFM_HD","codec":"MP3","votes":1364},"geometry":{"type":"Point","coordinates":[30.520463999273993,50.45583580067931]}},{"type":"Feature","id":"17e85b1e-1eaf-465e-8753-4178e605f7b9","properties":{"stationUuid":"17e85b1e-1eaf-465e-8753-4178e605f7b9","name":"Arab Mix 256","country":"Egypt","countryCode":"EG","language":null,"freqLabel":null,"streamUrl":"https://stream.zeno.fm/wvqgc9kb1d0uv","codec":"MP3","votes":1362},"geometry":{"type":"Point","coordinates":[29.531250000000004,17.214264312027566]}},{"type":"Feature","id":"e6fa9a8a-02a8-11e9-a1be-52543be04c81","properties":{"stationUuid":"e6fa9a8a-02a8-11e9-a1be-52543be04c81","name":"SomaFM Groove Salad Classic (128k MP3)","country":"The United States Of America","countryCode":"US","language":"english","freqLabel":null,"streamUrl":"https://ice6.somafm.com/gsclassic-128-mp3","codec":"MP3","votes":1361},"geometry":{"type":"Point","coordinates":[-121.286316,37.809784]}},{"type":"Feature","id":"1101a723-5f31-4634-beff-4e846d6893bf","properties":{"stationUuid":"1101a723-5f31-4634-beff-4e846d6893bf","name":"Radio Fórmula - 103.3 FM - XERFR-FM - Grupo Fórmula - Ciudad de México","country":"Mexico","countryCode":"MX","language":"spanish","freqLabel":"103.3 FM","streamUrl":"https://mdstrm.com/audio/6102ce7ef33d0b0830ec3adc/live.m3u8","codec":"AAC","votes":1359},"geometry":{"type":"Point","coordinates":[-99.13247108459474,19.433533832191916]}},{"type":"Feature","id":"2de45b1a-f916-43a5-94f4-4292b9bfc31f","properties":{"stationUuid":"2de45b1a-f916-43a5-94f4-4292b9bfc31f","name":"Radio El Bahdja","country":"Algeria","countryCode":"DZ","language":"arabic,french","freqLabel":null,"streamUrl":"https://radioelbahdja.ice.infomaniak.ch/elbahdja.mp3","codec":"AAC","votes":1349},"geometry":{"type":"Point","coordinates":[3.05026899646518,36.74700686223639]}},{"type":"Feature","id":"4cd97318-3a95-11e9-9b4e-52543be04c81","properties":{"stationUuid":"4cd97318-3a95-11e9-9b4e-52543be04c81","name":"- 0 N - Smooth Jazz on Radio","country":"Germany","countryCode":"DE","language":"german","freqLabel":null,"streamUrl":"https://0n-smoothjazz.radionetz.de/0n-smoothjazz.mp3","codec":"MP3","votes":1331},"geometry":{"type":"Point","coordinates":[11.923,50.3115]}},{"type":"Feature","id":"f1e65b1b-fb00-47a1-8826-eff02dc7fef8","properties":{"stationUuid":"f1e65b1b-fb00-47a1-8826-eff02dc7fef8","name":"SWR Aktuell","country":"Germany","countryCode":"DE","language":"german","freqLabel":null,"streamUrl":"https://liveradio.swr.de/sw282p3/swraktuell/play.aac","codec":"MP3","votes":1324},"geometry":{"type":"Point","coordinates":[9.203809797763826,48.793135162711295]}},{"type":"Feature","id":"ea360929-b30d-4c00-b7c4-a95e77e48eb7","properties":{"stationUuid":"ea360929-b30d-4c00-b7c4-a95e77e48eb7","name":"Polynésie 1ère","country":"French Polynesia","countryCode":"PF","language":"french","freqLabel":null,"streamUrl":"https://polynesie.ice.infomaniak.ch/polynesie-128.mp3","codec":"MP3","votes":1318},"geometry":{"type":"Point","coordinates":[-149.58390265703204,-17.55169087038195]}},{"type":"Feature","id":"3deb2ce9-86d6-4a4a-bdaa-7dbf96f5bc92","properties":{"stationUuid":"3deb2ce9-86d6-4a4a-bdaa-7dbf96f5bc92","name":"Capitalk 100.4FM Harare","country":"Zimbabwe","countryCode":"ZW","language":"english","freqLabel":null,"streamUrl":"https://edge.iono.fm/xice/162_medium.aac","codec":"AAC","votes":1316},"geometry":{"type":"Point","coordinates":[31.05148315429688,-17.8643597784372]}},{"type":"Feature","id":"6a2591f4-7286-4c65-a7bd-6c491b6e672b","properties":{"stationUuid":"6a2591f4-7286-4c65-a7bd-6c491b6e672b","name":"Radio Złote Przeboje Wrocław","country":"Poland","countryCode":"PL","language":null,"freqLabel":null,"streamUrl":"https://radiostream.pl/tuba9-1.mp3","codec":"MP3","votes":1313},"geometry":{"type":"Point","coordinates":[17.031211853027347,51.10514548255657]}},{"type":"Feature","id":"00c4c0c7-bf13-4a8b-b14f-05f9e5a4a116","properties":{"stationUuid":"00c4c0c7-bf13-4a8b-b14f-05f9e5a4a116","name":"Technolovers VOCAL TRANCE","country":"Germany","countryCode":"DE","language":"english,german","freqLabel":null,"streamUrl":"https://stream.technolovers.fm/vocal-trance?ref=radiobrowser","codec":"MP3","votes":1311},"geometry":{"type":"Point","coordinates":[8.906242847442629,51.11731684874898]}},{"type":"Feature","id":"9192cd80-b402-4b63-b265-066d065b8659","properties":{"stationUuid":"9192cd80-b402-4b63-b265-066d065b8659","name":"Taem Radio ጣዕም ሬድዮ","country":"Ethiopia","countryCode":"ET","language":"amharic","freqLabel":null,"streamUrl":"https://stream.zeno.fm/ffg8htkh1k0uv","codec":"MP3","votes":1308},"geometry":{"type":"Point","coordinates":[38.77075195312501,8.985377150376285]}},{"type":"Feature","id":"e9577c10-e299-4bb8-9313-c6cc2070c1f3","properties":{"stationUuid":"e9577c10-e299-4bb8-9313-c6cc2070c1f3","name":" # RdMix Italo Disco 80s","country":"Canada","countryCode":"CA","language":"english","freqLabel":null,"streamUrl":"https://cast1.torontocast.com:2130/stream","codec":"MP3","votes":1277},"geometry":{"type":"Point","coordinates":[-79.3958848826397,43.63981794511032]}},{"type":"Feature","id":"274dff6e-7019-4dc4-8b19-ec93c6b8140d","properties":{"stationUuid":"274dff6e-7019-4dc4-8b19-ec93c6b8140d","name":"Kosmos 94.1","country":"Namibia","countryCode":"NA","language":"afrikaans,english","freqLabel":null,"streamUrl":"https://edge.iono.fm/xice/88_high.mp3","codec":"MP3","votes":1276},"geometry":{"type":"Point","coordinates":[17.07491683540866,-22.577369247440284]}},{"type":"Feature","id":"1ee96040-bfb6-4209-9ab8-14a26ff73ad0","properties":{"stationUuid":"1ee96040-bfb6-4209-9ab8-14a26ff73ad0","name":"Raadio Elmar","country":"Estonia","countryCode":"EE","language":null,"freqLabel":null,"streamUrl":"https://le303.euddn.net/352739527270043eac8309634bcd14e92c92c9c02baf5f22e271a8840df32cc4b7d9ad9bfc40cb13a2fb6bcaa1b60e4cb4b469003681eb97ba047875c9f0ee624fec7bb9da738f8ca41bbb1172c07e21ba86941eecb7b9af2d3b091316a5d6a256d52b81da316b2a853d5869034b691e47fe41d03dd59bb27c7506bd241b77d938bcebde46fcf2c2cf0b93270e5fea8ee7ffaf988c85514255e5077c128434b11ca503466ec88b4d4adf0a4653e68c54/elmar.aac","codec":"AAC","votes":1276},"geometry":{"type":"Point","coordinates":[24.76249694824219,59.43166830264149]}},{"type":"Feature","id":"2f2875a6-bf0a-41bc-b31b-d181c323654d","properties":{"stationUuid":"2f2875a6-bf0a-41bc-b31b-d181c323654d","name":"Europe 2 Radio Officiel","country":"France","countryCode":"FR","language":"french","freqLabel":null,"streamUrl":"https://europe2.lmn.fm/europe2-57600/playlist.m3u8?aw_0_1st.playerid=lagardereappEurope2","codec":"AAC","votes":1267},"geometry":{"type":"Point","coordinates":[2.3483276367187504,48.852969123136674]}},{"type":"Feature","id":"14b795df-4210-49e2-b491-189523b49f4d","properties":{"stationUuid":"14b795df-4210-49e2-b491-189523b49f4d","name":" Radio ZET Chilli ","country":"Poland","countryCode":"PL","language":null,"freqLabel":null,"streamUrl":"https://ch.cdn.eurozet.pl/chi-net.mp3","codec":"MP3","votes":1265},"geometry":{"type":"Point","coordinates":[18.61785862486835,50.28933925329178]}},{"type":"Feature","id":"960a0bed-9524-4ea1-b6e8-b6d2431d5c26","properties":{"stationUuid":"960a0bed-9524-4ea1-b6e8-b6d2431d5c26","name":"NRJ Ukraine","country":"Ukraine","countryCode":"UA","language":"ukrainian","freqLabel":null,"streamUrl":"https://cast.mediaonline.net.ua/nrj320","codec":"MP3","votes":1255},"geometry":{"type":"Point","coordinates":[30.479716658592228,50.48089798430852]}},{"type":"Feature","id":"5dd6437a-3a93-11e9-9b4e-52543be04c81","properties":{"stationUuid":"5dd6437a-3a93-11e9-9b4e-52543be04c81","name":"- 0 N - Country on Radio","country":"Germany","countryCode":"DE","language":"german","freqLabel":null,"streamUrl":"https://0n-country.radionetz.de/0n-country.mp3","codec":"MP3","votes":1248},"geometry":{"type":"Point","coordinates":[11.923,50.3115]}},{"type":"Feature","id":"da7c8174-3e94-4fa7-966a-cf9907a4b0d1","properties":{"stationUuid":"da7c8174-3e94-4fa7-966a-cf9907a4b0d1","name":"Dance FM","country":"Romania","countryCode":"RO","language":"romanian","freqLabel":null,"streamUrl":"https://edge126.rcs-rds.ro/profm/dancefm.mp3","codec":"MP3","votes":1230},"geometry":{"type":"Point","coordinates":[26.114501953125004,44.40160686488045]}},{"type":"Feature","id":"04e50d31-07d9-4e6a-927a-b22fb034eb3c","properties":{"stationUuid":"04e50d31-07d9-4e6a-927a-b22fb034eb3c","name":"Cadena SER - Ràdio Barcelona","country":"Spain","countryCode":"ES","language":"catalan","freqLabel":null,"streamUrl":"https://playerservices.streamtheworld.com/api/livestream-redirect/SER_BARCELONA.mp3","codec":"MP3","votes":1226},"geometry":{"type":"Point","coordinates":[2.1703469753265385,41.38907344001612]}},{"type":"Feature","id":"95e91688-897b-4900-9406-ca4b744effdf","properties":{"stationUuid":"95e91688-897b-4900-9406-ca4b744effdf","name":"Rai 1 Friuli Venezia Giulia","country":"Italy","countryCode":"IT","language":"italian","freqLabel":null,"streamUrl":"https://icestreaming.rai.it/1.mp3","codec":"MP3","votes":1212},"geometry":{"type":"Point","coordinates":[13.77728193998337,45.65519592674424]}},{"type":"Feature","id":"b7360bff-4ce0-4d37-b173-72369a707d45","properties":{"stationUuid":"b7360bff-4ce0-4d37-b173-72369a707d45","name":"La Mejor Monterrey - 92.5 FM - XHSRO-FM - MVS Radio - Monterrey, NL","country":"Mexico","countryCode":"MX","language":"spanish","freqLabel":"92.5 FM","streamUrl":"https://playerservices.streamtheworld.com/api/livestream-redirect/XHSROFM_SC","codec":"MP3","votes":1211},"geometry":{"type":"Point","coordinates":[-100.31847953796388,25.68546898634433]}},{"type":"Feature","id":"5dc97c2f-566f-47df-8236-021db5906dde","properties":{"stationUuid":"5dc97c2f-566f-47df-8236-021db5906dde","name":"0nlineradio BACH","country":"Germany","countryCode":"DE","language":"english,german","freqLabel":null,"streamUrl":"https://stream.0nlineradio.com/bach?ref=radiobrowser","codec":"MP3","votes":1209},"geometry":{"type":"Point","coordinates":[8.964843750000002,51.127660326365735]}},{"type":"Feature","id":"0a97035a-bd76-46da-acbb-894f0876da1f","properties":{"stationUuid":"0a97035a-bd76-46da-acbb-894f0876da1f","name":"Quran Radio راديو القرآن - Muhammad Al-Minshawi محمد صديق المنشاوي","country":"Kuwait","countryCode":"KW","language":"arabic","freqLabel":null,"streamUrl":"https://radio.mp3islam.com/listen/minshawi/radio.mp3","codec":"AAC","votes":1209},"geometry":{"type":"Point","coordinates":[47.970428466796875,29.347047640104552]}},{"type":"Feature","id":"9f6810fc-61ca-45db-a01c-af74d7a46a95","properties":{"stationUuid":"9f6810fc-61ca-45db-a01c-af74d7a46a95","name":"إذاعة نور الإيمان المسموعة 105.7 FM","country":"Libya","countryCode":"LY","language":"arabic","freqLabel":"105.7 FM","streamUrl":"https://stream.zeno.fm/r6eprdta6nhvv","codec":"AAC","votes":1201},"geometry":{"type":"Point","coordinates":[14.578591883182527,32.462786864082425]}},{"type":"Feature","id":"7e785439-4534-4d27-b8d9-5dbffc94281e","properties":{"stationUuid":"7e785439-4534-4d27-b8d9-5dbffc94281e","name":"Tiare FM","country":"French Polynesia","countryCode":"PF","language":"french","freqLabel":null,"streamUrl":"https://live.tiarefm.pf:8443/tiarefm","codec":"MP3","votes":1199},"geometry":{"type":"Point","coordinates":[-149.50744628906253,-17.646076193959995]}},{"type":"Feature","id":"964a4b64-ea9c-486f-a1b5-84ad484d7996","properties":{"stationUuid":"964a4b64-ea9c-486f-a1b5-84ad484d7996","name":"Danubius","country":"Hungary","countryCode":"HU","language":null,"freqLabel":null,"streamUrl":"https://stream.danubiusradio.hu/danubius_320k","codec":"MP3","votes":1197},"geometry":{"type":"Point","coordinates":[19.045442989293317,47.507248173419086]}},{"type":"Feature","id":"c54361d9-0e76-410c-815e-e577acbbcff5","properties":{"stationUuid":"c54361d9-0e76-410c-815e-e577acbbcff5","name":"Radio Mil Recuerdos Stereo","country":"Costa Rica","countryCode":"CR","language":null,"freqLabel":null,"streamUrl":"https://sechin.grupocentroserver.com/radio/8060/radio.mp3","codec":"MP3","votes":1193},"geometry":{"type":"Point","coordinates":[-84.09484863281251,9.836442317442208]}},{"type":"Feature","id":"6787cf45-924e-4cac-84e1-7f6675712ae3","properties":{"stationUuid":"6787cf45-924e-4cac-84e1-7f6675712ae3","name":"Radio Express FM","country":"Tunisia","countryCode":"TN","language":"arabic,french,tunisian","freqLabel":null,"streamUrl":"https://expressfm.ice.infomaniak.ch/expressfm-64.mp3","codec":"MP3","votes":1192},"geometry":{"type":"Point","coordinates":[10.183596611022953,36.84509437939624]}},{"type":"Feature","id":"7e290430-d899-4e27-b58b-d224bb14c30a","properties":{"stationUuid":"7e290430-d899-4e27-b58b-d224bb14c30a","name":"Radio Maribor","country":"Slovenia","countryCode":"SI","language":"slovenian","freqLabel":null,"streamUrl":"https://mp3.rtvslo.si/rmb","codec":"AAC","votes":1192},"geometry":{"type":"Point","coordinates":[15.613701939582826,46.546051895137865]}},{"type":"Feature","id":"31f6cf39-1ec0-403a-a399-c13917e701fb","properties":{"stationUuid":"31f6cf39-1ec0-403a-a399-c13917e701fb","name":"70 80 Hits HQ","country":"Italy","countryCode":"IT","language":"italian","freqLabel":null,"streamUrl":"https://nr8.newradio.it:19574/stream","codec":"MP3","votes":1158},"geometry":{"type":"Point","coordinates":[9.172063034838406,45.4281959032707]}},{"type":"Feature","id":"4cc3e959-b572-4285-99e2-069151d03b5e","properties":{"stationUuid":"4cc3e959-b572-4285-99e2-069151d03b5e","name":"# 100 GREATEST JAZZ LOUNGE BAR","country":"Canada","countryCode":"CA","language":"english","freqLabel":null,"streamUrl":"https://cast1.torontocast.com:4640/stream","codec":"MP3","votes":1154},"geometry":{"type":"Point","coordinates":[-79.38681250214887,43.63881128210585]}},{"type":"Feature","id":"cc461784-3150-4a34-81c5-2116fe024740","properties":{"stationUuid":"cc461784-3150-4a34-81c5-2116fe024740","name":"TSF Rádio Notícias","country":"Portugal","countryCode":"PT","language":"portuguese,português  brasil","freqLabel":null,"streamUrl":"https://directo.tsf.pt/tsfdirecto.mp3","codec":"MP3","votes":1149},"geometry":{"type":"Point","coordinates":[-9.065093994140629,38.73940977968836]}},{"type":"Feature","id":"701b70e7-2126-4b4b-b1db-ea5295b43bfe","properties":{"stationUuid":"701b70e7-2126-4b4b-b1db-ea5295b43bfe","name":"Radio Plus Agadir FM 92.4","country":"Morocco","countryCode":"MA","language":"french,moroccan arabic,standard moroccan amazigh","freqLabel":"92.4 FM","streamUrl":"https://stream-158.zeno.fm/bqdbb6hd0neuv","codec":"MP3","votes":1144},"geometry":{"type":"Point","coordinates":[-9.584541320800785,30.42307791561479]}},{"type":"Feature","id":"47efdce4-809f-4cd3-8e3c-85a2eabce1ef","properties":{"stationUuid":"47efdce4-809f-4cd3-8e3c-85a2eabce1ef","name":"Radio One FM 91","country":"Pakistan","countryCode":"PK","language":"english,urdu","freqLabel":"91 FM","streamUrl":"https://cc.vmakerhost.com/proxy/karachi?mp=/stream","codec":"MP3","votes":1144},"geometry":{"type":"Point","coordinates":[74.32800292968751,31.52016648911368]}},{"type":"Feature","id":"62220177-9f8b-48d0-a9bc-df4c9a3927c9","properties":{"stationUuid":"62220177-9f8b-48d0-a9bc-df4c9a3927c9","name":"Советская эстрада ","country":"The Russian Federation","countryCode":"RU","language":null,"freqLabel":null,"streamUrl":"https://evcast.mediacp.eu:2075/stream","codec":"MP3","votes":1143},"geometry":{"type":"Point","coordinates":[37.48239342137847,55.72334931805194]}},{"type":"Feature","id":"f503d591-56b7-45d2-9a31-df046af717ae","properties":{"stationUuid":"f503d591-56b7-45d2-9a31-df046af717ae","name":"Rádió 1","country":"Hungary","countryCode":"HU","language":"hungarian","freqLabel":null,"streamUrl":"https://icast.connectmedia.hu/5201/live.mp3","codec":"MP3","votes":1143},"geometry":{"type":"Point","coordinates":[19.03362035751343,47.489038391040786]}},{"type":"Feature","id":"470448e5-8166-4054-bd96-ce8f764d4eb3","properties":{"stationUuid":"470448e5-8166-4054-bd96-ce8f764d4eb3","name":"BFM.ru","country":"The Russian Federation","countryCode":"RU","language":"russian","freqLabel":null,"streamUrl":"https://bfm.hostingradio.ru:9075/fm","codec":"MP3","votes":1138},"geometry":{"type":"Point","coordinates":[37.61047787450101,55.72112911021862]}},{"type":"Feature","id":"9649888d-0601-11e8-ae97-52543be04c81","properties":{"stationUuid":"9649888d-0601-11e8-ae97-52543be04c81","name":"Deutschlandfunk Dokumente und Debatten | DLF | AAC 96k","country":"Germany","countryCode":"DE","language":"german","freqLabel":null,"streamUrl":"https://st04.sslstream.dlf.de/dlf/04/mid/aac/stream.aac?aggregator=web","codec":"AAC","votes":1135},"geometry":{"type":"Point","coordinates":[13.3347639,52.4802578]}},{"type":"Feature","id":"f8c657d3-5221-4e32-96d6-15db1cd1a662","properties":{"stationUuid":"f8c657d3-5221-4e32-96d6-15db1cd1a662","name":"P5 Nonstop Hits (AAC HQ)","country":"Norway","countryCode":"NO","language":"norwegian","freqLabel":null,"streamUrl":"https://p5n.p4groupaudio.com/P05AAH","codec":"AAC","votes":1128},"geometry":{"type":"Point","coordinates":[10.462401226998631,61.120930879735546]}},{"type":"Feature","id":"960eb3a4-0601-11e8-ae97-52543be04c81","properties":{"stationUuid":"960eb3a4-0601-11e8-ae97-52543be04c81","name":"SomaFM Dub Step Beyond (128k MP3)","country":"The United States Of America","countryCode":"US","language":"english","freqLabel":null,"streamUrl":"https://ice6.somafm.com/dubstep-128-mp3","codec":"MP3","votes":1103},"geometry":{"type":"Point","coordinates":[-121.286316,37.809784]}},{"type":"Feature","id":"b25710a3-fb1b-4aa7-ba81-142ee6f5bea9","properties":{"stationUuid":"b25710a3-fb1b-4aa7-ba81-142ee6f5bea9","name":"Radio Freccia","country":"Italy","countryCode":"IT","language":"italian","freqLabel":null,"streamUrl":"https://dd782ed59e2a4e86aabf6fc508674b59.msvdn.net/live/S3160845/0tuSetc8UFkF/playlist_audio.m3u8","codec":"AAC","votes":1101},"geometry":{"type":"Point","coordinates":[9.26581,45.52378]}},{"type":"Feature","id":"4ff249e9-131b-4fae-88f0-d93c744240ee","properties":{"stationUuid":"4ff249e9-131b-4fae-88f0-d93c744240ee","name":"Metro 95.1","country":"Argentina","countryCode":"AR","language":"spanish","freqLabel":null,"streamUrl":"https://playerservices.streamtheworld.com/api/livestream-redirect/METRO.mp3","codec":"MP3","votes":1095},"geometry":{"type":"Point","coordinates":[-58.42597961425782,-34.60747982285075]}},{"type":"Feature","id":"ebdd105b-6d6d-41df-b783-20d32d6dc281","properties":{"stationUuid":"ebdd105b-6d6d-41df-b783-20d32d6dc281","name":"Radio Campursari Yogyakarta","country":"Indonesia","countryCode":"ID","language":"javanese","freqLabel":null,"streamUrl":"https://a8.siar.us/listen/campursari/stream","codec":"AAC","votes":1092},"geometry":{"type":"Point","coordinates":[110.32784622162582,-7.921905808955437]}},{"type":"Feature","id":"d11f4ae1-8302-4883-b4b3-f02d308e3dda","properties":{"stationUuid":"d11f4ae1-8302-4883-b4b3-f02d308e3dda","name":"Hot 102","country":"Puerto Rico","countryCode":"PR","language":"english,spanish","freqLabel":null,"streamUrl":"https://server7.servistreaming.com/proxy/hot?mp=%2Fstream%3Ftype%3D.mp3&_=1","codec":"MP3","votes":1088},"geometry":{"type":"Point","coordinates":[-66.09718322753908,18.456032561247593]}},{"type":"Feature","id":"8e6207f4-ed81-4ba0-980b-f612221b4b27","properties":{"stationUuid":"8e6207f4-ed81-4ba0-980b-f612221b4b27","name":"Єдині новини 24 - BREAKING - LIVE","country":"Ukraine","countryCode":"UA","language":"ukrainian","freqLabel":null,"streamUrl":"https://online-news.radioplayer.ua/RadioNews","codec":"MP3","votes":1088},"geometry":{"type":"Point","coordinates":[30.52442595461635,50.44991100658927]}},{"type":"Feature","id":"bb4c2226-6ccd-4470-b8b3-d6ba0f9ac353","properties":{"stationUuid":"bb4c2226-6ccd-4470-b8b3-d6ba0f9ac353","name":"Ritmo 96.5 FM","country":"The Dominican Republic","countryCode":"DO","language":"english,spanish","freqLabel":"96.5 FM","streamUrl":"https://stream-49.zeno.fm/y0br5ck4ququv?zs=2R5Njz6XShSzNF_ProbdIA","codec":"MP3","votes":1085},"geometry":{"type":"Point","coordinates":[-69.92681980394993,18.467349029558903]}},{"type":"Feature","id":"7f06cacb-f36f-11e8-a471-52543be04c81","properties":{"stationUuid":"7f06cacb-f36f-11e8-a471-52543be04c81","name":"- 1 A - NDW (Neue Deutsche Welle) von 1A Radio","country":"Germany","countryCode":"DE","language":"german","freqLabel":null,"streamUrl":"https://1a-ndw.radionetz.de/1a-ndw.mp3","codec":"MP3","votes":1084},"geometry":{"type":"Point","coordinates":[11.923,50.3115]}},{"type":"Feature","id":"5188257a-5ae1-4294-b6b5-479caae85f31","properties":{"stationUuid":"5188257a-5ae1-4294-b6b5-479caae85f31","name":"Addis Music","country":"Ethiopia","countryCode":"ET","language":"amharic","freqLabel":null,"streamUrl":"https://stream.zeno.fm/umguj2baxdctv","codec":"MP3","votes":1076},"geometry":{"type":"Point","coordinates":[38.74877929687501,8.963673487993978]}},{"type":"Feature","id":"e7fa0b65-8f5e-41dc-ad7e-b0697166475d","properties":{"stationUuid":"e7fa0b65-8f5e-41dc-ad7e-b0697166475d","name":"Вести ФМ","country":"The Russian Federation","countryCode":"RU","language":"russian","freqLabel":null,"streamUrl":"https://icecast-vgtrk.cdnvideo.ru/vestifm_mp3_64kbps","codec":"MP3","votes":1075},"geometry":{"type":"Point","coordinates":[38.14453125000001,54.11416300731598]}},{"type":"Feature","id":"a08d74ca-2172-447a-941a-b5c5c20afdd6","properties":{"stationUuid":"a08d74ca-2172-447a-941a-b5c5c20afdd6","name":" M80 Rádio – Ballads","country":"Portugal","countryCode":"PT","language":"portuguese","freqLabel":null,"streamUrl":"https://stream-icy.bauermedia.pt/m80ballads.aac","codec":"AAC","votes":1069},"geometry":{"type":"Point","coordinates":[-9.14113998413086,38.706883259341794]}},{"type":"Feature","id":"6d264e68-5179-4e0f-ad2e-fca103afba28","properties":{"stationUuid":"6d264e68-5179-4e0f-ad2e-fca103afba28","name":"Radio Paradise Mellow Mix 64k AAC","country":"The United States Of America","countryCode":"US","language":"english","freqLabel":null,"streamUrl":"https://stream.radioparadise.com/mellow-64","codec":"AAC","votes":1060},"geometry":{"type":"Point","coordinates":[-124.183922,40.785114]}},{"type":"Feature","id":"73b1c888-e135-49db-a5c5-09e104088c13","properties":{"stationUuid":"73b1c888-e135-49db-a5c5-09e104088c13","name":"Tipik","country":"Belgium","countryCode":"BE","language":"french","freqLabel":null,"streamUrl":"https://radios.rtbf.be/pure-128.mp3","codec":"MP3","votes":1058},"geometry":{"type":"Point","coordinates":[4.401629609696115,50.85291573861285]}},{"type":"Feature","id":"9a22e57f-7b7c-4e10-84db-e9b46479a8d6","properties":{"stationUuid":"9a22e57f-7b7c-4e10-84db-e9b46479a8d6","name":"TOP radio","country":"Latvia","countryCode":"LV","language":"english,latvian,russian","freqLabel":null,"streamUrl":"https://topradio.live.advailo.com/topradio/mp3/icecast.audio","codec":"MP3","votes":1057},"geometry":{"type":"Point","coordinates":[24.057148282896332,56.958437707931544]}},{"type":"Feature","id":"ce7d2197-eca5-4188-b8d2-c550992160e5","properties":{"stationUuid":"ce7d2197-eca5-4188-b8d2-c550992160e5","name":"Christian Mezmur Ethiopia","country":"Ethiopia","countryCode":"ET","language":"amharic","freqLabel":null,"streamUrl":"https://stream.zeno.fm/0bws6ct0ey8uv","codec":"MP3","votes":1054},"geometry":{"type":"Point","coordinates":[38.803185899225554,8.97441940633495]}},{"type":"Feature","id":"c2f56cc5-f369-11e8-a471-52543be04c81","properties":{"stationUuid":"c2f56cc5-f369-11e8-a471-52543be04c81","name":"- 0 N - Gothic on Radio","country":"Germany","countryCode":"DE","language":"german","freqLabel":null,"streamUrl":"https://0n-gothic.radionetz.de/0n-gothic.mp3","codec":"MP3","votes":1051},"geometry":{"type":"Point","coordinates":[11.923,50.3115]}},{"type":"Feature","id":"05a9eb02-33b0-11e9-8f31-52543be04c81","properties":{"stationUuid":"05a9eb02-33b0-11e9-8f31-52543be04c81","name":"- 1 A - Oldies von 1A Radio","country":"Germany","countryCode":"DE","language":"german","freqLabel":null,"streamUrl":"https://1a-oldies.radionetz.de/1a-oldies.mp3","codec":"MP3","votes":1044},"geometry":{"type":"Point","coordinates":[11.923,50.3115]}},{"type":"Feature","id":"9a1f94c7-63dd-4978-89e8-37ec8d4cd01f","properties":{"stationUuid":"9a1f94c7-63dd-4978-89e8-37ec8d4cd01f","name":"Algérie Chaine 1","country":"Algeria","countryCode":"DZ","language":"arabic,french","freqLabel":null,"streamUrl":"https://radiochaine1.ice.infomaniak.ch/chaine1.mp3","codec":"AAC","votes":1042},"geometry":{"type":"Point","coordinates":[3.0558261885201476,36.752602649042906]}},{"type":"Feature","id":"c06d6586-9fa8-49cf-9731-7c582430a588","properties":{"stationUuid":"c06d6586-9fa8-49cf-9731-7c582430a588","name":"Hiti FM","country":"French Polynesia","countryCode":"PF","language":"english,french","freqLabel":null,"streamUrl":"https://n01.radiojar.com/u0yz7p0mb.mp3","codec":"MP3","votes":1040},"geometry":{"type":"Point","coordinates":[-149.48547363281253,-17.6460802119512]}},{"type":"Feature","id":"28444f06-3a91-11e9-9b4e-52543be04c81","properties":{"stationUuid":"28444f06-3a91-11e9-9b4e-52543be04c81","name":"- 0 N - Pop on Radio","country":"Germany","countryCode":"DE","language":"german","freqLabel":null,"streamUrl":"https://0n-pop.radionetz.de/0n-pop.mp3","codec":"MP3","votes":1038},"geometry":{"type":"Point","coordinates":[11.923,50.3115]}},{"type":"Feature","id":"351d3f42-337c-4f00-a088-7a49d939ef1b","properties":{"stationUuid":"351d3f42-337c-4f00-a088-7a49d939ef1b","name":"Fm La Paz 96.7","country":"Bolivia","countryCode":"BO","language":"spanish","freqLabel":"96.7 FM","streamUrl":"https://spanel.gcomstreaming.com/8018/stream","codec":"MP3","votes":1037},"geometry":{"type":"Point","coordinates":[-68.07597756385805,-16.539256138422637]}},{"type":"Feature","id":"9e6c1b64-5395-4e2c-b71d-59a324fd266d","properties":{"stationUuid":"9e6c1b64-5395-4e2c-b71d-59a324fd266d","name":"Colombia Salsa Dura","country":"Colombia","countryCode":"CO","language":"spanish","freqLabel":null,"streamUrl":"https://play10.tikast.com/proxy/colsalsadura?mp=/stream","codec":"AAC","votes":1033},"geometry":{"type":"Point","coordinates":[-75.50542831420898,5.050852479320202]}},{"type":"Feature","id":"1aa5a707-c24c-4c5d-abcc-6f9b7a8f2f2e","properties":{"stationUuid":"1aa5a707-c24c-4c5d-abcc-6f9b7a8f2f2e","name":"Melodic House & Techno @ Technolovers.FM (Chillout, Beach, Festival, Sundowner, Relax, Ibiza, Sea, Ocean Music, Beachclub, Cocktailbar, 2024, 2025, 2026 Future Rave 126, 128, 124 Beats per Minute , BPM)","country":"Germany","countryCode":"DE","language":"english,german","freqLabel":"126 FM","streamUrl":"https://stream.technolovers.fm/melodic-house-techno?ref=radiobrowser-2","codec":"MP3","votes":1025},"geometry":{"type":"Point","coordinates":[8.699906696484529,49.92838768380921]}},{"type":"Feature","id":"21ab678c-ff19-4314-9969-165e15b4210d","properties":{"stationUuid":"21ab678c-ff19-4314-9969-165e15b4210d","name":"Deutschlandfunk Nova | DLF | AAC 192k","country":"Germany","countryCode":"DE","language":"german","freqLabel":null,"streamUrl":"https://st03.sslstream.dlf.de/dlf/03/high/aac/stream.aac?aggregator=web","codec":"AAC","votes":1020},"geometry":{"type":"Point","coordinates":[13.3347639,52.4802578]}},{"type":"Feature","id":"3d9dcff7-8fd2-4eda-9d77-cfe259c62a70","properties":{"stationUuid":"3d9dcff7-8fd2-4eda-9d77-cfe259c62a70","name":" - DJ & CLUB CHARTS ---> Club Classics, Festival-Hits, Remixes, Single Charts, Mashups, DJ Sets, Club Edits, Dancefloor, Underground, Nightlife, Party Anthems, Ibiza, Miami, Clubbing, Festival, Remix, Mashup, DJ, EDM,  RAVE, Dance, Urban, Latin, Beachclub, Lounge","country":"Germany","countryCode":"DE","language":"english,german","freqLabel":null,"streamUrl":"https://breakz-2012-high.rautemusik.fm/?ref=rb-djclubcharts","codec":"MP3","votes":1019},"geometry":{"type":"Point","coordinates":[11.565427975272248,48.139375222954875]}},{"type":"Feature","id":"377ec7c3-41fd-48d0-ab98-0c2485ec7d4d","properties":{"stationUuid":"377ec7c3-41fd-48d0-ab98-0c2485ec7d4d","name":"Radio MFM","country":"Morocco","countryCode":"MA","language":null,"freqLabel":null,"streamUrl":"https://a5.asurahosting.com:7980/radio.mp3","codec":"MP3","votes":1017},"geometry":{"type":"Point","coordinates":[-7.518444769375861,31.293578364885537]}},{"type":"Feature","id":"153777aa-209e-4769-bde5-46abafd375e7","properties":{"stationUuid":"153777aa-209e-4769-bde5-46abafd375e7","name":"INFORMA RADIO","country":"Spain","countryCode":"ES","language":"castellano. español,españa,español internacional,espaňol,spanish","freqLabel":null,"streamUrl":"https://24x7.red:42045/informa","codec":"MP3","votes":1014},"geometry":{"type":"Point","coordinates":[-3.68504673242569,40.43089248799817]}},{"type":"Feature","id":"09149337-5dea-4c9d-af18-145febeaf94a","properties":{"stationUuid":"09149337-5dea-4c9d-af18-145febeaf94a","name":"Mix80Radio","country":"Spain","countryCode":"ES","language":"spanish","freqLabel":null,"streamUrl":"https://stream.tunerplay.com/radio/8040/radio.mp3","codec":"MP3","votes":1008},"geometry":{"type":"Point","coordinates":[-3.828735351562501,40.42826358582734]}},{"type":"Feature","id":"fd6e2783-293c-476e-8201-ddeda1336ca3","properties":{"stationUuid":"fd6e2783-293c-476e-8201-ddeda1336ca3","name":"Campursari FM Jakarta","country":"Indonesia","countryCode":"ID","language":"indonesian,javanese","freqLabel":null,"streamUrl":"https://streaming.campursarifm.com/listen/campursari/campursari892","codec":"AAC","votes":1006},"geometry":{"type":"Point","coordinates":[106.84753417968751,-6.2017814333275]}},{"type":"Feature","id":"a14b9dde-af38-4bf1-beb5-d1ece9062b35","properties":{"stationUuid":"a14b9dde-af38-4bf1-beb5-d1ece9062b35","name":"Wonder 80's Flashback","country":"Mexico","countryCode":"MX","language":"english,spanish","freqLabel":null,"streamUrl":"https://80.streeemer.com/listen/80s/radio.aac","codec":"AAC","votes":1001},"geometry":{"type":"Point","coordinates":[-99.151611328125,19.45416166292327]}},{"type":"Feature","id":"43003dc7-d9a2-4931-aeb0-2433a5fe10a7","properties":{"stationUuid":"43003dc7-d9a2-4931-aeb0-2433a5fe10a7","name":"Los 40 Ecuador","country":"Ecuador","countryCode":"EC","language":"español internacional","freqLabel":null,"streamUrl":"https://streamingecuador.com:7051/stream","codec":"AAC","votes":997},"geometry":{"type":"Point","coordinates":[-78.51864337921144,-0.22927327360954372]}},{"type":"Feature","id":"c1d4ec99-96bc-482b-929e-652ddd03ef78","properties":{"stationUuid":"c1d4ec99-96bc-482b-929e-652ddd03ef78","name":"Ретро FM — Вечеринка","country":"The Russian Federation","countryCode":"RU","language":"english,russian","freqLabel":null,"streamUrl":"https://hls-01-retro-vecherinka.emgsound.ru/20/playlist.m3u8","codec":"AAC","votes":996},"geometry":{"type":"Point","coordinates":[37.61718750000001,55.76668545855488]}},{"type":"Feature","id":"0beeb085-5116-4f2a-a543-cdcb837f8116","properties":{"stationUuid":"0beeb085-5116-4f2a-a543-cdcb837f8116","name":"Technolovers HANDSUP","country":"Germany","countryCode":"DE","language":"english,german","freqLabel":null,"streamUrl":"https://stream.technolovers.fm/handsup?ref=radiobrowser","codec":"MP3","votes":994},"geometry":{"type":"Point","coordinates":[7.207031250000001,50.90649688226162]}},{"type":"Feature","id":"960d67e8-0601-11e8-ae97-52543be04c81","properties":{"stationUuid":"960d67e8-0601-11e8-ae97-52543be04c81","name":"SomaFM Illinois Street Lounge (128k MP3)","country":"The United States Of America","countryCode":"US","language":"english","freqLabel":null,"streamUrl":"https://ice5.somafm.com/illstreet-128-mp3","codec":"MP3","votes":991},"geometry":{"type":"Point","coordinates":[-121.286316,37.809784]}},{"type":"Feature","id":"0de5bbfc-01ba-42d7-a249-56a1fc286003","properties":{"stationUuid":"0de5bbfc-01ba-42d7-a249-56a1fc286003","name":"La x Bogota","country":"Colombia","countryCode":"CO","language":"spanish","freqLabel":null,"streamUrl":"https://www.laxmasmusica.com/static/web_dataNormal.mp3","codec":"MP3","votes":987},"geometry":{"type":"Point","coordinates":[-74.08081054687501,4.613658322870578]}},{"type":"Feature","id":"7ce0842a-0414-4d3e-8c16-e39030c4bfb8","properties":{"stationUuid":"7ce0842a-0414-4d3e-8c16-e39030c4bfb8","name":"SomaFM Vaporwaves (128k AAC)","country":"The United States Of America","countryCode":"US","language":"english","freqLabel":null,"streamUrl":"https://ice2.somafm.com/vaporwaves-128-aac","codec":"AAC","votes":986},"geometry":{"type":"Point","coordinates":[-121.286316,37.809784]}},{"type":"Feature","id":"7a3745cd-bf32-493d-97b7-dac324354b7c","properties":{"stationUuid":"7a3745cd-bf32-493d-97b7-dac324354b7c","name":"Radio Relax","country":"Ukraine","countryCode":"UA","language":"ukrainian","freqLabel":null,"streamUrl":"https://online.radiorelax.ua/RadioRelax","codec":"MP3","votes":978},"geometry":{"type":"Point","coordinates":[30.484349370690325,50.48363582265559]}},{"type":"Feature","id":"4a29dbc1-77e1-449a-b6b5-62e19f66a8fc","properties":{"stationUuid":"4a29dbc1-77e1-449a-b6b5-62e19f66a8fc","name":"Aladin Radio Network","country":"Pakistan","countryCode":"PK","language":"urdu","freqLabel":null,"streamUrl":"https://cc.vmakerhost.com/proxy/magic?mp=/live","codec":"MP3","votes":977},"geometry":{"type":"Point","coordinates":[73.0693817138672,33.664657282179306]}},{"type":"Feature","id":"47d1e0f9-ce15-4557-a73c-a703b3762d06","properties":{"stationUuid":"47d1e0f9-ce15-4557-a73c-a703b3762d06","name":"La Popu","country":"Argentina","countryCode":"AR","language":"spanish","freqLabel":null,"streamUrl":"https://liveradio.mediainbox.net/popular.mp3","codec":"MP3","votes":976},"geometry":{"type":"Point","coordinates":[-64.1808307170868,-31.414866720812977]}},{"type":"Feature","id":"8545fda3-dab7-4897-9263-462815742015","properties":{"stationUuid":"8545fda3-dab7-4897-9263-462815742015","name":"Sky Plus","country":"Estonia","countryCode":"EE","language":"estonian","freqLabel":null,"streamUrl":"https://stream.skymedia.ee/live/SKYPLUS","codec":"MP3","votes":971},"geometry":{"type":"Point","coordinates":[24.72747802734375,59.43045480454073]}},{"type":"Feature","id":"a4ce32b4-3c4c-11e8-b74d-52543be04c81","properties":{"stationUuid":"a4ce32b4-3c4c-11e8-b74d-52543be04c81","name":"SomaFM Boot Liquor (128k AAC)","country":"The United States Of America","countryCode":"US","language":"english","freqLabel":null,"streamUrl":"https://ice6.somafm.com/bootliquor-128-aac","codec":"AAC","votes":971},"geometry":{"type":"Point","coordinates":[-121.286316,37.809784]}},{"type":"Feature","id":"8a1f1b95-2db1-4dd4-8514-b75eee2a6529","properties":{"stationUuid":"8a1f1b95-2db1-4dd4-8514-b75eee2a6529","name":"Next FM (Ciudad de México) - Online - Next FM Radio - Ciudad de México","country":"Mexico","countryCode":"MX","language":"spanish","freqLabel":null,"streamUrl":"https://s5.radio.co/seec9ed903/listen","codec":"MP3","votes":969},"geometry":{"type":"Point","coordinates":[-99.13427352905272,19.439647273150275]}},{"type":"Feature","id":"33cab88d-c3d9-42f9-abaa-fd8c320fde8f","properties":{"stationUuid":"33cab88d-c3d9-42f9-abaa-fd8c320fde8f","name":"City FM 89 Islamabad","country":"Pakistan","countryCode":"PK","language":"english,urdu","freqLabel":"89 FM","streamUrl":"https://radio.cityfm89.com/stream","codec":"AAC","votes":968},"geometry":{"type":"Point","coordinates":[73.02886962890626,33.640990668362946]}},{"type":"Feature","id":"4748a2a9-2f27-4e4d-a15f-a91448a75830","properties":{"stationUuid":"4748a2a9-2f27-4e4d-a15f-a91448a75830","name":"Radio ROCKS Kyiv 103.6FM HD","country":"Ukraine","countryCode":"UA","language":"english,ukrainian","freqLabel":null,"streamUrl":"https://online.radioroks.ua/RadioROKS_HD","codec":"MP3","votes":967},"geometry":{"type":"Point","coordinates":[30.4828816652298,50.48296656203639]}},{"type":"Feature","id":"335fb169-04dc-427e-a50f-ba9d47e6fd13","properties":{"stationUuid":"335fb169-04dc-427e-a50f-ba9d47e6fd13","name":"Oldies Internet Radio (Monterrey) - Online - www.oldiesinternetradio.com - Grupo Digital Retroland - Monterrey, Nuevo León","country":"Mexico","countryCode":"MX","language":"spanish","freqLabel":null,"streamUrl":"https://panel.retrolandigital.com/listen/oldies_internet_radio/listen","codec":"AAC","votes":966},"geometry":{"type":"Point","coordinates":[-100.31753540039064,25.683849470212373]}},{"type":"Feature","id":"dad8c8b3-f2c2-11e8-a471-52543be04c81","properties":{"stationUuid":"dad8c8b3-f2c2-11e8-a471-52543be04c81","name":"- 0 N - Oldies on Radio","country":"Germany","countryCode":"DE","language":"german","freqLabel":null,"streamUrl":"https://0n-oldies.radionetz.de/0n-oldies.mp3","codec":"MP3","votes":965},"geometry":{"type":"Point","coordinates":[11.923,50.3115]}},{"type":"Feature","id":"2a24228f-7084-4cc5-9f88-9e7449698a98","properties":{"stationUuid":"2a24228f-7084-4cc5-9f88-9e7449698a98","name":"Krajiški Radio Dubica","country":"Bosnia And Herzegovina","countryCode":"BA","language":null,"freqLabel":null,"streamUrl":"https://stream1.srvnetplus.com:18039/","codec":"MP3","votes":964},"geometry":{"type":"Point","coordinates":[17.963152262651462,43.426377161339715]}},{"type":"Feature","id":"b78fd386-08ec-4246-8372-d5f97c56a8ee","properties":{"stationUuid":"b78fd386-08ec-4246-8372-d5f97c56a8ee","name":"ROMANTIC PIANO by Epic Piano","country":"Germany","countryCode":"DE","language":"american english,deutsch fränkisch,english,german","freqLabel":null,"streamUrl":"https://stream.epic-piano.com/romantic-piano?ref=radiobrowser","codec":"MP3","votes":955},"geometry":{"type":"Point","coordinates":[7.910156250000001,51.127660326365735]}},{"type":"Feature","id":"9614eb15-0601-11e8-ae97-52543be04c81","properties":{"stationUuid":"9614eb15-0601-11e8-ae97-52543be04c81","name":"SomaFM Mission Control (128k MP3)","country":"The United States Of America","countryCode":"US","language":"english","freqLabel":null,"streamUrl":"https://ice5.somafm.com/missioncontrol-128-mp3","codec":"MP3","votes":951},"geometry":{"type":"Point","coordinates":[-121.286316,37.809784]}},{"type":"Feature","id":"960eb467-0601-11e8-ae97-52543be04c81","properties":{"stationUuid":"960eb467-0601-11e8-ae97-52543be04c81","name":"SomaFM CliqHop IDM (128k MP3)","country":"The United States Of America","countryCode":"US","language":"english","freqLabel":null,"streamUrl":"https://ice2.somafm.com/cliqhop-128-mp3","codec":"MP3","votes":947},"geometry":{"type":"Point","coordinates":[-121.286316,37.809784]}},{"type":"Feature","id":"6df8b651-cc31-44ed-bdbe-c602f85b707e","properties":{"stationUuid":"6df8b651-cc31-44ed-bdbe-c602f85b707e","name":"Marrakechplus","country":"Morocco","countryCode":"MA","language":"arabic,french","freqLabel":null,"streamUrl":"https://cast5.my-control-panel.com/proxy/marrakec/stream","codec":"MP3","votes":944},"geometry":{"type":"Point","coordinates":[-7.98858404159546,31.63199963400534]}},{"type":"Feature","id":"4fecec89-df93-4bc7-ac73-5506ed313128","properties":{"stationUuid":"4fecec89-df93-4bc7-ac73-5506ed313128","name":"Radio Guyana Inc - Georgetown 89.5 FM | Essequibo 89.3 FM | Berbice 89.7 FM","country":"Guyana","countryCode":"GY","language":"english","freqLabel":"89.5 FM","streamUrl":"https://stream.radio.co/s9668e2ab5/listen","codec":"AAC","votes":940},"geometry":{"type":"Point","coordinates":[-58.16222190856934,6.816290186796732]}},{"type":"Feature","id":"3586ad23-e161-4dd2-aaa8-b8dc372ab0e9","properties":{"stationUuid":"3586ad23-e161-4dd2-aaa8-b8dc372ab0e9","name":"Retro FM Estonia","country":"Estonia","countryCode":"EE","language":null,"freqLabel":null,"streamUrl":"https://edge02.cdn.bitflip.ee:8888/RETRO?_i=258f436b","codec":"MP3","votes":938},"geometry":{"type":"Point","coordinates":[24.77897644042969,59.42677908959534]}},{"type":"Feature","id":"21dbb37d-60a6-4ec2-b5c8-28b46fc2bfea","properties":{"stationUuid":"21dbb37d-60a6-4ec2-b5c8-28b46fc2bfea","name":"Happy Hardcore","country":"The United Kingdom Of Great Britain And Northern Ireland","countryCode":"GB","language":"english","freqLabel":null,"streamUrl":"https://audio-edge-3mayu.fra.h.radiomast.io/73055724-1141-41e2-a69b-24a6ca96c8e7","codec":"MP3","votes":937},"geometry":{"type":"Point","coordinates":[-0.31860351562500006,51.481382896100975]}},{"type":"Feature","id":"536669d5-9b8e-4d4d-b462-caf9fdb9ab2a","properties":{"stationUuid":"536669d5-9b8e-4d4d-b462-caf9fdb9ab2a","name":"Afrobeats Gospel Radio","country":"Nigeria","countryCode":"NG","language":null,"freqLabel":null,"streamUrl":"https://stream.zeno.fm/zyd9stmdlnlvv","codec":"MP3","votes":930},"geometry":{"type":"Point","coordinates":[7.927322387695313,5.0275515138905185]}},{"type":"Feature","id":"a75b2642-a237-4cc5-bf65-784acd358075","properties":{"stationUuid":"a75b2642-a237-4cc5-bf65-784acd358075","name":"Radiomundo","country":"Uruguay","countryCode":"UY","language":"spanish","freqLabel":null,"streamUrl":"https://stream1.enperspectiva.net:8443/radio.mp4","codec":"AAC","votes":925},"geometry":{"type":"Point","coordinates":[-56.1996,-34.9055]}},{"type":"Feature","id":"68f52212-e3b0-479b-9da6-962a6c5e713d","properties":{"stationUuid":"68f52212-e3b0-479b-9da6-962a6c5e713d","name":"ROKit Radio Science Fiction","country":"The United Kingdom Of Great Britain And Northern Ireland","countryCode":"GB","language":"english","freqLabel":null,"streamUrl":"https://streaming05.liveboxstream.uk/proxy/roksta12/stream","codec":"MP3","votes":925},"geometry":{"type":"Point","coordinates":[-0.12246677657005604,51.506877151537445]}},{"type":"Feature","id":"83144f00-2e72-43a8-853e-a3a2f5643413","properties":{"stationUuid":"83144f00-2e72-43a8-853e-a3a2f5643413","name":"Caboradio","country":"Cabo Verde","countryCode":"CV","language":null,"freqLabel":null,"streamUrl":"https://listen.radioking.com/radio/281506/stream/327253","codec":"MP3","votes":925},"geometry":{"type":"Point","coordinates":[-23.444824218750004,15.909168583480565]}},{"type":"Feature","id":"bbae7603-b9c0-42fe-a1f5-da8f424baa8b","properties":{"stationUuid":"bbae7603-b9c0-42fe-a1f5-da8f424baa8b","name":"PerfectMoods – 24/7 Quality Lounge","country":"The Netherlands","countryCode":"NL","language":"english","freqLabel":null,"streamUrl":"https://www.radioking.com/play/perfectmoods/104227","codec":"MP3","votes":921},"geometry":{"type":"Point","coordinates":[4.901103973388673,52.3713652018166]}},{"type":"Feature","id":"65f5549e-a554-4386-9249-7f9651fd40f6","properties":{"stationUuid":"65f5549e-a554-4386-9249-7f9651fd40f6","name":"Schwarzwaldradio","country":"Germany","countryCode":"DE","language":"german","freqLabel":null,"streamUrl":"https://edge15.streamonkey.net/fho-schwarzwaldradiolive/stream/mp3?aggregator=smk-m3u-mp3","codec":"MP3","votes":917},"geometry":{"type":"Point","coordinates":[-38.92186400853982,18.812717856407776]}},{"type":"Feature","id":"79feed6a-4975-4bf1-995c-822e0f41426b","properties":{"stationUuid":"79feed6a-4975-4bf1-995c-822e0f41426b","name":"Mazaj FM","country":"Jordan","countryCode":"JO","language":null,"freqLabel":null,"streamUrl":"https://mazajfm.ice.infomaniak.ch/mazajfm-192.mp3","codec":"MP3","votes":913},"geometry":{"type":"Point","coordinates":[35.90332031250001,31.959619255319147]}},{"type":"Feature","id":"26b0e463-5912-4758-86f7-d93749ea93b1","properties":{"stationUuid":"26b0e463-5912-4758-86f7-d93749ea93b1","name":"YOU FM (mp3/high)","country":"Germany","countryCode":"DE","language":"german","freqLabel":null,"streamUrl":"https://dispatcher.rndfnk.com/hr/youfm/live/mp3/high","codec":"MP3","votes":910},"geometry":{"type":"Point","coordinates":[8.679778575897219,50.136587100112365]}},{"type":"Feature","id":"395c7b09-6311-44d2-9593-61185e2c6b7a","properties":{"stationUuid":"395c7b09-6311-44d2-9593-61185e2c6b7a","name":"Newstalk Ireland","country":"Ireland","countryCode":"IE","language":"english","freqLabel":null,"streamUrl":"https://edge.audioxi.com/NT","codec":"MP3","votes":910},"geometry":{"type":"Point","coordinates":[-7.492675781250001,52.98213663041763]}},{"type":"Feature","id":"c0c02d01-f94e-11e8-a97a-52543be04c81","properties":{"stationUuid":"c0c02d01-f94e-11e8-a97a-52543be04c81","name":"SomaFM Christmas Lounge 256k","country":"The United States Of America","countryCode":"US","language":"english","freqLabel":null,"streamUrl":"https://ice2.somafm.com/christmas-256-mp3","codec":"MP3","votes":906},"geometry":{"type":"Point","coordinates":[-121.286316,37.809784]}},{"type":"Feature","id":"c4eb7648-e867-4545-bdda-71b1368db779","properties":{"stationUuid":"c4eb7648-e867-4545-bdda-71b1368db779","name":"Atmospheric dnb s0urce","country":"Romania","countryCode":"RO","language":"english","freqLabel":null,"streamUrl":"https://brokenbeats.net/stream/aac","codec":"AAC","votes":903},"geometry":{"type":"Point","coordinates":[26.10282321719695,44.42678192621299]}},{"type":"Feature","id":"f1d7a979-b94d-4929-a4ca-758901029ecb","properties":{"stationUuid":"f1d7a979-b94d-4929-a4ca-758901029ecb","name":"Free FM Top 100 India","country":"India","countryCode":"IN","language":"english,hindi","freqLabel":"100 FM","streamUrl":"https://stream.zeno.fm/a5h7vfret68uv","codec":"AAC","votes":899},"geometry":{"type":"Point","coordinates":[77.36572265625001,28.63274679922588]}},{"type":"Feature","id":"05ac2e34-a4a2-4719-bd85-05b7a54aeacf","properties":{"stationUuid":"05ac2e34-a4a2-4719-bd85-05b7a54aeacf","name":"YeneVibe Radio","country":"Ethiopia","countryCode":"ET","language":"amharic","freqLabel":null,"streamUrl":"https://stream.zeno.fm/5mz3qqftsnhvv","codec":"MP3","votes":898},"geometry":{"type":"Point","coordinates":[38.80371093750001,8.985377150376285]}},{"type":"Feature","id":"7cecc2a0-6167-49fa-aad5-abcfec674430","properties":{"stationUuid":"7cecc2a0-6167-49fa-aad5-abcfec674430","name":"100 BEST IBIZA DEEP HOUSE","country":"Canada","countryCode":"CA","language":"english","freqLabel":null,"streamUrl":"https://stream.zeno.fm/lwv6zqgtv1dtv","codec":"MP3","votes":890},"geometry":{"type":"Point","coordinates":[-79.40613684618643,43.660752153845344]}},{"type":"Feature","id":"c7e5b008-2c9f-4a10-b431-41b7d0b06af2","properties":{"stationUuid":"c7e5b008-2c9f-4a10-b431-41b7d0b06af2","name":"Free FM New York","country":"The United States Of America","countryCode":"US","language":"english,german,spanish","freqLabel":null,"streamUrl":"https://rocafmadrid.radioca.st/","codec":"MP3","votes":882},"geometry":{"type":"Point","coordinates":[-74.24560546875001,40.372182016401034]}},{"type":"Feature","id":"d1229ae6-3fa4-4d02-8d83-7b6ab8b6b08e","properties":{"stationUuid":"d1229ae6-3fa4-4d02-8d83-7b6ab8b6b08e","name":"Radio Canada Ici Première - Montréal, QC","country":"Canada","countryCode":"CA","language":"french","freqLabel":null,"streamUrl":"https://rcavliveaudio.akamaized.net/hls/live/2006635/P-2QMTL0_MTL/master.m3u8","codec":"AAC","votes":881},"geometry":{"type":"Point","coordinates":[-73.56994628906251,45.4859393957969]}},{"type":"Feature","id":"6d69c0fb-3cc2-11e8-b74d-52543be04c81","properties":{"stationUuid":"6d69c0fb-3cc2-11e8-b74d-52543be04c81","name":"SomaFM Sonic Universe (128k AAC)","country":"The United States Of America","countryCode":"US","language":"english","freqLabel":null,"streamUrl":"https://ice2.somafm.com/sonicuniverse-128-aac","codec":"AAC","votes":874},"geometry":{"type":"Point","coordinates":[-121.286316,37.809784]}},{"type":"Feature","id":"39a19b72-7c6d-11e9-aa30-52543be04c81","properties":{"stationUuid":"39a19b72-7c6d-11e9-aa30-52543be04c81","name":"SomaFM Beat Blender (128k AAC)","country":"The United States Of America","countryCode":"US","language":"english","freqLabel":null,"streamUrl":"https://ice5.somafm.com/beatblender-128-aac","codec":"AAC","votes":866},"geometry":{"type":"Point","coordinates":[-121.286316,37.809784]}},{"type":"Feature","id":"7fa6df4e-7e8a-4f84-9fa2-095a79a81b71","properties":{"stationUuid":"7fa6df4e-7e8a-4f84-9fa2-095a79a81b71","name":"80s80 Summerhits","country":"Germany","countryCode":"DE","language":"german","freqLabel":null,"streamUrl":"https://streams.80s80s.de/summerhits/mp3-192/streams.80s80s.de/","codec":"MP3","votes":861},"geometry":{"type":"Point","coordinates":[12.129592895507814,54.090919261865594]}},{"type":"Feature","id":"bdc74cec-d57e-49bf-be8d-41b93086a34f","properties":{"stationUuid":"bdc74cec-d57e-49bf-be8d-41b93086a34f","name":"La Poderosa (Ciudad Juárez) - 107.5 FM - XHNZ-FM - Radiorama - Ciudad Juárez, Chihuahua","country":"Mexico","countryCode":"MX","language":"spanish","freqLabel":"107.5 FM","streamUrl":"https://stream.zeno.fm/96vgk4yv538uv","codec":"MP3","votes":858},"geometry":{"type":"Point","coordinates":[-106.453914642334,31.71174446144794]}},{"type":"Feature","id":"0d37b24b-204c-47f9-84df-4dcbfa97ba33","properties":{"stationUuid":"0d37b24b-204c-47f9-84df-4dcbfa97ba33","name":"Radio Vorarlberg","country":"Austria","countryCode":"AT","language":"german","freqLabel":null,"streamUrl":"https://orf-live.ors-shoutcast.at/vbg-q1a","codec":"MP3","votes":856},"geometry":{"type":"Point","coordinates":[9.7258041,47.4122943]}},{"type":"Feature","id":"74cb6221-f1ad-45a3-99d1-34ecf7ad5a9b","properties":{"stationUuid":"74cb6221-f1ad-45a3-99d1-34ecf7ad5a9b","name":"El Espectador 810","country":"Uruguay","countryCode":"UY","language":"castellano. español,spanish","freqLabel":null,"streamUrl":"https://espectador-1.nty.uy/","codec":"MP3","votes":847},"geometry":{"type":"Point","coordinates":[-56.17058783769608,-34.91037506940214]}},{"type":"Feature","id":"8247894d-8dd6-49fd-a5f6-407b0a9446a8","properties":{"stationUuid":"8247894d-8dd6-49fd-a5f6-407b0a9446a8","name":"Tu Estación (Aguascalientes) - 92.7 FM - XHRTA-FM - RYTA (Radio y Televisión de Aguascalientes) - Aguascalientes, Aguascalientes","country":"Mexico","countryCode":"MX","language":"spanish","freqLabel":"92.7 FM","streamUrl":"https://streamingcwsradio30.com:7008/;","codec":"MP3","votes":843},"geometry":{"type":"Point","coordinates":[-102.30005264282228,21.88181513860397]}},{"type":"Feature","id":"02734cfa-5c5b-46f2-85c6-a5a654be7a24","properties":{"stationUuid":"02734cfa-5c5b-46f2-85c6-a5a654be7a24","name":"#TOP 200 DJ CHARTS - JUST MUSIC - DJ REMIX & CHARTS RADIO @ TikTok Charts, Electronic Music, EDM, House, Deep House, Dance Music, Techno & Hypertechno, Top40, Latin Charts, Reggaeton, Urban, HipHop, Club & Party Radio - & LIVE DJ SETS @ Festival Melodic House, Melodic Techno. Best 100 Lounge, Mixed Radio Station @ PartyHits / Schlager Remix Top 50","country":"Germany","countryCode":"DE","language":"english,german","freqLabel":null,"streamUrl":"https://breakz-high.rautemusik.fm/stream.mp3?ref=DJCHARTSRB","codec":"MP3","votes":842},"geometry":{"type":"Point","coordinates":[8.644635463064004,49.99398360338093]}},{"type":"Feature","id":"9b64520a-ae4e-4f41-aaeb-9fc3f635bd4a","properties":{"stationUuid":"9b64520a-ae4e-4f41-aaeb-9fc3f635bd4a","name":"Radio Actitud","country":"Guatemala","countryCode":"GT","language":"english,spanish","freqLabel":null,"streamUrl":"https://ss.redradios.net:8002/stream?type=.mp3","codec":"MP3","votes":838},"geometry":{"type":"Point","coordinates":[-90.48063576221467,14.510775054300057]}},{"type":"Feature","id":"957804bb-ed53-4da1-9aa3-390a4a90559c","properties":{"stationUuid":"957804bb-ed53-4da1-9aa3-390a4a90559c","name":"Rádio Cidade - Beira 105.2 FM","country":"Mozambique","countryCode":"MZ","language":"portuguese","freqLabel":"105.2 FM","streamUrl":"https://node.stream-africa.com:8443/RadioCidadeBeira","codec":"MP3","votes":834},"geometry":{"type":"Point","coordinates":[34.84313964843751,-19.828854582485828]}},{"type":"Feature","id":"979f5cb0-a052-456d-95e7-48d032aedd00","properties":{"stationUuid":"979f5cb0-a052-456d-95e7-48d032aedd00","name":"Radio Svoboda (ru) (official stream)","country":"Czechia","countryCode":"CZ","language":"russian","freqLabel":null,"streamUrl":"https://stream.radiojar.com/hcrb063nn3quv","codec":"MP3","votes":833},"geometry":{"type":"Point","coordinates":[14.421154260635378,50.087643636150176]}},{"type":"Feature","id":"24d57937-7c9a-4aa8-b3a8-3355f2b212a4","properties":{"stationUuid":"24d57937-7c9a-4aa8-b3a8-3355f2b212a4","name":"Radio Transmundial Bonaire 800 Khz","country":"Bonaire","countryCode":"BQ","language":"spanish","freqLabel":null,"streamUrl":"https://cdn.instream.audio/:9050/stream","codec":"MP3","votes":833},"geometry":{"type":"Point","coordinates":[-68.25393676757814,12.132690669127369]}},{"type":"Feature","id":"3702ba9c-e1fa-446e-9afe-dfdd1d16b42e","properties":{"stationUuid":"3702ba9c-e1fa-446e-9afe-dfdd1d16b42e","name":"Clubmix","country":"The Philippines","countryCode":"PH","language":"english","freqLabel":null,"streamUrl":"https://stream.zeno.fm/vztn8ux96zhvv","codec":"MP3","votes":822},"geometry":{"type":"Point","coordinates":[121.10383722375624,13.878365168137464]}},{"type":"Feature","id":"da5d71d1-d8cc-4301-9f86-b6abaa1201bd","properties":{"stationUuid":"da5d71d1-d8cc-4301-9f86-b6abaa1201bd","name":"BNR Nieuwsradio","country":"The Netherlands","countryCode":"NL","language":"dutch","freqLabel":null,"streamUrl":"https://stream.bnr.nl/bnr_mp3_128_20","codec":"MP3","votes":821},"geometry":{"type":"Point","coordinates":[4.917610287666321,52.348556083081114]}},{"type":"Feature","id":"92aef6af-edb6-4fae-b212-c990deb76efc","properties":{"stationUuid":"92aef6af-edb6-4fae-b212-c990deb76efc","name":"Lounge Radio Ibiza","country":"Germany","countryCode":"DE","language":"english","freqLabel":null,"streamUrl":"https://stream.laut.fm/lounge-radio-ibiza","codec":"MP3","votes":820},"geometry":{"type":"Point","coordinates":[8.806411027908327,53.076596875598035]}},{"type":"Feature","id":"5b678fec-f777-44e7-be8d-87c7c391814d","properties":{"stationUuid":"5b678fec-f777-44e7-be8d-87c7c391814d","name":"Radio Televisión Martí","country":"The United States Of America","countryCode":"US","language":"espanish","freqLabel":null,"streamUrl":"https://ocb01.akacast.akamaistream.net/7/365/437903/v1/ibb.akacast.akamaistream.net/ocb01","codec":"MP3","votes":819},"geometry":{"type":"Point","coordinates":[-80.22153124220476,25.462274019408767]}},{"type":"Feature","id":"d382abcc-961a-4458-9eba-fee99e94c6bc","properties":{"stationUuid":"d382abcc-961a-4458-9eba-fee99e94c6bc","name":"# PartyHits - Dein Musikmix aus Ballermann, Apres Ski, Wiesn, Karneval, Silvesterparty, TOP 100 Party, Malle, Nonstop, DJ LIVE, Abriss, Feier, Bass, Feiermusik, Partymusik, Apres ski Party, Fussball Hits","country":"Germany","countryCode":"DE","language":"english,german","freqLabel":null,"streamUrl":"https://partyhits-high.rautemusik.fm/?ref=radio-browser-ph2","codec":"MP3","votes":817},"geometry":{"type":"Point","coordinates":[6.940612792968751,50.94228599975825]}},{"type":"Feature","id":"c64f60f5-594a-43ab-bf7b-02c883ca2ab5","properties":{"stationUuid":"c64f60f5-594a-43ab-bf7b-02c883ca2ab5","name":"Polskie Radio 24 (NEW STREAM)","country":"Poland","countryCode":"PL","language":"polish","freqLabel":null,"streamUrl":"https://stream15.polskieradio.pl/pr24/pr24.sdp/playlist.m3u8","codec":"AAC","votes":809},"geometry":{"type":"Point","coordinates":[21.036071777343754,52.237555934842206]}},{"type":"Feature","id":"ece826dd-3eba-4c89-ab1c-24e34bfc6407","properties":{"stationUuid":"ece826dd-3eba-4c89-ab1c-24e34bfc6407","name":"Smooth Jazz Portugal","country":"Portugal","countryCode":"PT","language":"portuguese","freqLabel":null,"streamUrl":"https://stream-hls.bauermedia.pt/smojazz.aac/playlist.m3u8","codec":"AAC","votes":806},"geometry":{"type":"Point","coordinates":[-8.607788085937502,41.14308771439009]}},{"type":"Feature","id":"7f1ae162-78ab-41c1-8e49-1e3d3df39d73","properties":{"stationUuid":"7f1ae162-78ab-41c1-8e49-1e3d3df39d73","name":"RDMIX ITALIAN VINTAGE 70 80 90","country":"Canada","countryCode":"CA","language":"english,italian","freqLabel":null,"streamUrl":"https://maggie.torontocast.com:2020/stream/rdmixitalianvintage","codec":"MP3","votes":801},"geometry":{"type":"Point","coordinates":[-79.37800018842105,43.65010488721757]}},{"type":"Feature","id":"bbaa52e1-c9ab-4795-8410-dfbecf85efb6","properties":{"stationUuid":"bbaa52e1-c9ab-4795-8410-dfbecf85efb6","name":"Misterio FM","country":"Spain","countryCode":"ES","language":"spanish","freqLabel":null,"streamUrl":"https://stream-38.zeno.fm/zr1ntv61fchvv?zs=B6YIARuRSaujjyuQoZxg0g","codec":"MP3","votes":801},"geometry":{"type":"Point","coordinates":[-3.71337890625,40.38643560668616]}},{"type":"Feature","id":"34a15ee8-a71b-4004-8fce-83650b46af66","properties":{"stationUuid":"34a15ee8-a71b-4004-8fce-83650b46af66","name":"100% ACID JAZZ","country":"Canada","countryCode":"CA","language":"english","freqLabel":null,"streamUrl":"https://mpc1.mediacp.eu:8356/stream","codec":"MP3","votes":799},"geometry":{"type":"Point","coordinates":[-79.65087890625,43.85879188670806]}},{"type":"Feature","id":"2d8ae9e8-d207-44fe-8a35-196388626837","properties":{"stationUuid":"2d8ae9e8-d207-44fe-8a35-196388626837","name":"Pyongyang Radio FM","country":"The Democratic Peoples Republic Of Korea","countryCode":"KP","language":"spanish","freqLabel":null,"streamUrl":"https://listen7.myradio24.com/69366","codec":"MP3","votes":798},"geometry":{"type":"Point","coordinates":[125.826416015625,38.86991912631935]}},{"type":"Feature","id":"2a3873b3-6e5c-4d5d-8846-3650ed8868ce","properties":{"stationUuid":"2a3873b3-6e5c-4d5d-8846-3650ed8868ce","name":"Radio Plus 106.1 Kraków","country":"Poland","countryCode":"PL","language":"polish","freqLabel":null,"streamUrl":"https://waw.ic.smcdn.pl/4070-1.mp3","codec":"MP3","votes":798},"geometry":{"type":"Point","coordinates":[19.863281250000004,51.83577752045248]}},{"type":"Feature","id":"90bb3e88-c954-4a6d-a5fa-781643e4adfb","properties":{"stationUuid":"90bb3e88-c954-4a6d-a5fa-781643e4adfb","name":"Femenina","country":"El Salvador","countryCode":"SV","language":null,"freqLabel":null,"streamUrl":"https://sp4.colombiatelecom.com.co/8028/stream","codec":"AAC","votes":795},"geometry":{"type":"Point","coordinates":[-89.17465209960938,13.755125691464809]}},{"type":"Feature","id":"9f5946d9-301f-4cf7-a1e8-7bdf7280d924","properties":{"stationUuid":"9f5946d9-301f-4cf7-a1e8-7bdf7280d924","name":"City HipHop R&B","country":"Bulgaria","countryCode":"BG","language":"bulgarian","freqLabel":null,"streamUrl":"https://play.global.audio/cityrabhi.aac","codec":"AAC","votes":788},"geometry":{"type":"Point","coordinates":[23.3219,42.6977]}},{"type":"Feature","id":"3d3fc522-0a50-11ea-a87e-52543be04c81","properties":{"stationUuid":"3d3fc522-0a50-11ea-a87e-52543be04c81","name":"- 0 N - Top 40 on Radio","country":"Germany","countryCode":"DE","language":"german","freqLabel":null,"streamUrl":"https://0n-top40.radionetz.de/0n-top40.mp3","codec":"MP3","votes":785},"geometry":{"type":"Point","coordinates":[11.923,50.3115]}},{"type":"Feature","id":"ec7bc4ac-3a3a-4caf-ab46-c22865f534a9","properties":{"stationUuid":"ec7bc4ac-3a3a-4caf-ab46-c22865f534a9","name":"Radio YSUCA, 91.7 FM","country":"El Salvador","countryCode":"SV","language":"castellano. español","freqLabel":"91.7 FM","streamUrl":"https://fast.citrus3.com:8314/stream","codec":"MP3","votes":784},"geometry":{"type":"Point","coordinates":[-89.19387817382812,13.696067911634076]}},{"type":"Feature","id":"8b423272-a116-42a8-9d1c-d825bbb34134","properties":{"stationUuid":"8b423272-a116-42a8-9d1c-d825bbb34134","name":"Pure Ibiza Radio","country":"Spain","countryCode":"ES","language":"english,spanish","freqLabel":null,"streamUrl":"https://pureibizaradio.clubbingradios.com:9518/PureIbizaRadio","codec":"MP3","votes":783},"geometry":{"type":"Point","coordinates":[1.4231586456298828,38.9106396448979]}},{"type":"Feature","id":"ff871225-7731-45a1-aee0-9e8fa463dfc3","properties":{"stationUuid":"ff871225-7731-45a1-aee0-9e8fa463dfc3","name":"Fun Kids","country":"The United Kingdom Of Great Britain And Northern Ireland","countryCode":"GB","language":"english","freqLabel":null,"streamUrl":"https://listen-funkids.sharp-stream.com/funkids.mp3","codec":"MP3","votes":783},"geometry":{"type":"Point","coordinates":[-0.11725544929504396,51.51967834813212]}},{"type":"Feature","id":"ca6de309-f3fc-4e52-80e7-eacb885dd318","properties":{"stationUuid":"ca6de309-f3fc-4e52-80e7-eacb885dd318","name":"RTÉ Radio 1","country":"Ireland","countryCode":"IE","language":"english","freqLabel":null,"streamUrl":"https://liveaudio.rte.ie/hls-radio/radio1/chunklist.m3u8","codec":"AAC","votes":779},"geometry":{"type":"Point","coordinates":[-6.236307621002197,53.32220658378357]}},{"type":"Feature","id":"9c5b9610-805c-478f-ac5d-b6b561b78cab","properties":{"stationUuid":"9c5b9610-805c-478f-ac5d-b6b561b78cab","name":"Kosmos Jazz GR","country":"Greece","countryCode":"GR","language":"greek","freqLabel":null,"streamUrl":"https://radiostreaming.ert.gr/ert-webjazz","codec":"MP3","votes":775},"geometry":{"type":"Point","coordinates":[23.82556915283203,38.01373996014649]}},{"type":"Feature","id":"834ac917-6231-4807-a309-9e2f4de66d30","properties":{"stationUuid":"834ac917-6231-4807-a309-9e2f4de66d30","name":"Caspian Business Radio BOSS","country":"Azerbaijan","countryCode":"AZ","language":"azerbaijani,azeri,english,russian","freqLabel":null,"streamUrl":"https://myradio24.org/bosscomaz","codec":"MP3","votes":774},"geometry":{"type":"Point","coordinates":[49.79147169739008,40.33369698231379]}},{"type":"Feature","id":"b6bfa020-8770-40d5-b295-ff93368cc02f","properties":{"stationUuid":"b6bfa020-8770-40d5-b295-ff93368cc02f","name":"บ้านธัมมะ","country":"Thailand","countryCode":"TH","language":"thai,ภาษาไทย","freqLabel":null,"streamUrl":"https://radio10.plathong.net/7238/;stream.mp3","codec":"MP3","votes":774},"geometry":{"type":"Point","coordinates":[100.48633153506672,13.696218031027946]}},{"type":"Feature","id":"05d3034c-7599-4fa4-a2c5-3b8cfb055849","properties":{"stationUuid":"05d3034c-7599-4fa4-a2c5-3b8cfb055849","name":"Sky Plus DnB","country":"Estonia","countryCode":"EE","language":"estonian","freqLabel":null,"streamUrl":"https://edge03.cdn.bitflip.ee:8888/NRJdnb","codec":"MP3","votes":769},"geometry":{"type":"Point","coordinates":[24.7796630859375,59.43986197380305]}},{"type":"Feature","id":"59ff05a8-bba6-4b42-ab6c-6a6f5355c92b","properties":{"stationUuid":"59ff05a8-bba6-4b42-ab6c-6a6f5355c92b","name":" Bremen Zwei NEU","country":"Germany","countryCode":"DE","language":"german","freqLabel":null,"streamUrl":"https://icecast.radiobremen.de/rb/bremenzwei/live/mp3/128/stream.mp3","codec":"MP3","votes":768},"geometry":{"type":"Point","coordinates":[8.805541992187502,53.079067535458144]}},{"type":"Feature","id":"00d1815f-8752-472b-8e1f-805431e96952","properties":{"stationUuid":"00d1815f-8752-472b-8e1f-805431e96952","name":"Radio Impuls Romania","country":"Romania","countryCode":"RO","language":"romanian","freqLabel":null,"streamUrl":"https://live.radio-impuls.ro/stream","codec":"MP3","votes":758},"geometry":{"type":"Point","coordinates":[26.07328176498413,44.47111000609648]}},{"type":"Feature","id":"8dd6a16d-f994-455f-8f6a-a285f07abebd","properties":{"stationUuid":"8dd6a16d-f994-455f-8f6a-a285f07abebd","name":"Elshinta FM Jakarta","country":"Indonesia","countryCode":"ID","language":"indonesian","freqLabel":null,"streamUrl":"https://stream-ssl.arenastreaming.com:8000/jakarta","codec":"MP3","votes":757},"geometry":{"type":"Point","coordinates":[106.7235233859312,-6.218551906221569]}},{"type":"Feature","id":"fc1d4165-28ef-465e-96e9-77f0b24b5361","properties":{"stationUuid":"fc1d4165-28ef-465e-96e9-77f0b24b5361","name":"Radio Motown","country":"The United States Of America","countryCode":"US","language":"english","freqLabel":null,"streamUrl":"https://broadcast.miami/proxy/motown?mp=/stream/;","codec":"MP3","votes":757},"geometry":{"type":"Point","coordinates":[-80.28144478797913,25.78319859594811]}},{"type":"Feature","id":"2f1079f1-0986-4e33-99a7-009f723726b7","properties":{"stationUuid":"2f1079f1-0986-4e33-99a7-009f723726b7","name":"Free FM Rock Austral","country":"Australia","countryCode":"AU","language":"american english,english,spanish","freqLabel":null,"streamUrl":"https://freefmrock.radioca.st/","codec":"MP3","votes":754},"geometry":{"type":"Point","coordinates":[141.85546875000003,-35.81335872633349]}},{"type":"Feature","id":"5532c4d9-616e-4d62-a49f-984a13e3189c","properties":{"stationUuid":"5532c4d9-616e-4d62-a49f-984a13e3189c","name":" 50s 60s RETRO HITS","country":"Italy","countryCode":"IT","language":"english","freqLabel":null,"streamUrl":"https://stream.zeno.fm/pxzwykxbluitv","codec":"MP3","votes":752},"geometry":{"type":"Point","coordinates":[13.34703019410145,41.35825713137815]}},{"type":"Feature","id":"880cb524-8432-48d0-adf3-be96949c0171","properties":{"stationUuid":"880cb524-8432-48d0-adf3-be96949c0171","name":"Radio Kledu","country":"Mali","countryCode":"ML","language":"bambara,french","freqLabel":null,"streamUrl":"https://stream.zeno.fm/f38bxpt3v2quv","codec":"MP3","votes":749},"geometry":{"type":"Point","coordinates":[-8.002973584940053,12.645296283722566]}},{"type":"Feature","id":"a2b92b15-ce28-4007-a756-b431abeb1059","properties":{"stationUuid":"a2b92b15-ce28-4007-a756-b431abeb1059","name":"A MISSISSIPPI BLUES","country":"Canada","countryCode":"CA","language":"english","freqLabel":null,"streamUrl":"https://cast1.torontocast.com:4450/;?type=http&nocache=1745625391","codec":"MP3","votes":747},"geometry":{"type":"Point","coordinates":[-79.16748046875001,43.82709671571044]}}]}
