{"type":"FeatureCollection","_provenance":{"id":"radio-towers","source":"OpenStreetMap (Overpass API)","url":"https://overpass-api.de/api/interpreter","license":"ODbL 1.0","attribution":"Radio towers: © OpenStreetMap contributors, ODbL","retrievedAt":"2026-09-22T23:42:46.231Z","transform":"Per-country Overpass area queries (ISO3166-1: AF, PK, CD, RW, EC, MX, ET, ER, PS, IL, IN, IR, IQ, LY, MD, MM, PL, RO, EE, LV, LT, ML, BF, NE, SO, PH, VN, SD, SS, TW, TH, KH, UA, YE) for nodes tagged man_made=tower|mast with communication:radio set, deduped by OSM id, capped at 800 towers per country (named first, then heightM descending, then osmId ascending)","featureCount":1572},"features":[{"type":"Feature","id":"5682455239","properties":{"osmId":"5682455239","name":null,"heightM":null,"radioBand":"yes","countryCode":"AF"},"geometry":{"type":"Point","coordinates":[69.3467095,34.5383981]}},{"type":"Feature","id":"5682455240","properties":{"osmId":"5682455240","name":null,"heightM":null,"radioBand":"yes","countryCode":"AF"},"geometry":{"type":"Point","coordinates":[69.3471426,34.5389379]}},{"type":"Feature","id":"5682455241","properties":{"osmId":"5682455241","name":null,"heightM":null,"radioBand":"yes","countryCode":"AF"},"geometry":{"type":"Point","coordinates":[69.3475703,34.5394777]}},{"type":"Feature","id":"5682455242","properties":{"osmId":"5682455242","name":null,"heightM":null,"radioBand":"yes","countryCode":"AF"},"geometry":{"type":"Point","coordinates":[69.3480812,34.5400587]}},{"type":"Feature","id":"11765246933","properties":{"osmId":"11765246933","name":null,"heightM":null,"radioBand":"yes","countryCode":"AF"},"geometry":{"type":"Point","coordinates":[71.3715561,38.2572148]}},{"type":"Feature","id":"2597637485","properties":{"osmId":"2597637485","name":null,"heightM":null,"radioBand":"yes","countryCode":"PK"},"geometry":{"type":"Point","coordinates":[73.200283,33.4935443]}},{"type":"Feature","id":"9572315988","properties":{"osmId":"9572315988","name":null,"heightM":null,"radioBand":"yes","countryCode":"PK"},"geometry":{"type":"Point","coordinates":[67.0965161,24.8982198]}},{"type":"Feature","id":"10897609647","properties":{"osmId":"10897609647","name":null,"heightM":null,"radioBand":"yes","countryCode":"PK"},"geometry":{"type":"Point","coordinates":[73.0981056,33.6916749]}},{"type":"Feature","id":"10897609656","properties":{"osmId":"10897609656","name":null,"heightM":null,"radioBand":"yes","countryCode":"PK"},"geometry":{"type":"Point","coordinates":[73.0986455,33.6922132]}},{"type":"Feature","id":"11929978962","properties":{"osmId":"11929978962","name":null,"heightM":null,"radioBand":"yes","countryCode":"PK"},"geometry":{"type":"Point","coordinates":[66.9670855,24.8716563]}},{"type":"Feature","id":"11941156047","properties":{"osmId":"11941156047","name":null,"heightM":null,"radioBand":"yes","countryCode":"PK"},"geometry":{"type":"Point","coordinates":[66.9091526,24.8536496]}},{"type":"Feature","id":"12091495833","properties":{"osmId":"12091495833","name":null,"heightM":null,"radioBand":"yes","countryCode":"PK"},"geometry":{"type":"Point","coordinates":[67.1683815,24.8880435]}},{"type":"Feature","id":"12350444202","properties":{"osmId":"12350444202","name":null,"heightM":null,"radioBand":"yes","countryCode":"PK"},"geometry":{"type":"Point","coordinates":[67.5955248,24.740096]}},{"type":"Feature","id":"415536379","properties":{"osmId":"415536379","name":"Raga","heightM":80,"radioBand":"yes","countryCode":"CD"},"geometry":{"type":"Point","coordinates":[15.2631819,-4.4020438]}},{"type":"Feature","id":"439734868","properties":{"osmId":"439734868","name":"Raga","heightM":null,"radioBand":"yes","countryCode":"CD"},"geometry":{"type":"Point","coordinates":[15.3091157,-4.3003084]}},{"type":"Feature","id":"9195656997","properties":{"osmId":"9195656997","name":"Radio Moungano Beni","heightM":null,"radioBand":"yes","countryCode":"CD"},"geometry":{"type":"Point","coordinates":[29.4658996,0.4767028]}},{"type":"Feature","id":"11716914374","properties":{"osmId":"11716914374","name":"Mugogo","heightM":45,"radioBand":"yes","countryCode":"RW"},"geometry":{"type":"Point","coordinates":[29.5656208,-1.5863001]}},{"type":"Feature","id":"1642869537","properties":{"osmId":"1642869537","name":"Huye","heightM":null,"radioBand":"yes","countryCode":"RW"},"geometry":{"type":"Point","coordinates":[29.6845889,-2.5647198]}},{"type":"Feature","id":"8100848931","properties":{"osmId":"8100848931","name":"Gekenke","heightM":null,"radioBand":"yes","countryCode":"RW"},"geometry":{"type":"Point","coordinates":[29.8008862,-1.5930538]}},{"type":"Feature","id":"10210004107","properties":{"osmId":"10210004107","name":null,"heightM":56,"radioBand":"yes","countryCode":"RW"},"geometry":{"type":"Point","coordinates":[29.264223,-1.7257024]}},{"type":"Feature","id":"5834480465","properties":{"osmId":"5834480465","name":null,"heightM":null,"radioBand":"yes","countryCode":"RW"},"geometry":{"type":"Point","coordinates":[30.0709014,-1.9951133]}},{"type":"Feature","id":"8080427780","properties":{"osmId":"8080427780","name":null,"heightM":null,"radioBand":"yes","countryCode":"RW"},"geometry":{"type":"Point","coordinates":[30.6615266,-2.1326226]}},{"type":"Feature","id":"8080431370","properties":{"osmId":"8080431370","name":null,"heightM":null,"radioBand":"yes","countryCode":"RW"},"geometry":{"type":"Point","coordinates":[28.9180955,-2.4757329]}},{"type":"Feature","id":"8090628222","properties":{"osmId":"8090628222","name":null,"heightM":null,"radioBand":"yes","countryCode":"RW"},"geometry":{"type":"Point","coordinates":[30.0670614,-1.5805033]}},{"type":"Feature","id":"8112547893","properties":{"osmId":"8112547893","name":null,"heightM":null,"radioBand":"yes","countryCode":"RW"},"geometry":{"type":"Point","coordinates":[28.9200121,-2.4987514]}},{"type":"Feature","id":"4565431320","properties":{"osmId":"4565431320","name":"Estación Meteorologica - EMD-G","heightM":12,"radioBand":"yes","countryCode":"EC"},"geometry":{"type":"Point","coordinates":[-79.003073,-1.5895217]}},{"type":"Feature","id":"13391147611","properties":{"osmId":"13391147611","name":null,"heightM":35,"radioBand":"yes","countryCode":"EC"},"geometry":{"type":"Point","coordinates":[-76.2788023,0.0205055]}},{"type":"Feature","id":"7205008491","properties":{"osmId":"7205008491","name":null,"heightM":null,"radioBand":"yes","countryCode":"EC"},"geometry":{"type":"Point","coordinates":[-78.8589775,-2.8346952]}},{"type":"Feature","id":"8168732541","properties":{"osmId":"8168732541","name":null,"heightM":null,"radioBand":"yes","countryCode":"EC"},"geometry":{"type":"Point","coordinates":[-79.5585557,-4.3611246]}},{"type":"Feature","id":"11994715346","properties":{"osmId":"11994715346","name":null,"heightM":null,"radioBand":"yes","countryCode":"EC"},"geometry":{"type":"Point","coordinates":[-77.8574303,-0.6379604]}},{"type":"Feature","id":"3218758000","properties":{"osmId":"3218758000","name":"Repetidora","heightM":null,"radioBand":"yes","countryCode":"MX"},"geometry":{"type":"Point","coordinates":[-100.0909614,25.8177052]}},{"type":"Feature","id":"13374948778","properties":{"osmId":"13374948778","name":"Planta Transmisora XHSAV-FM 92.7 MHz Radio La Primerisima","heightM":null,"radioBand":"yes","countryCode":"MX"},"geometry":{"type":"Point","coordinates":[-95.2739217,18.4488734]}},{"type":"Feature","id":"7034712972","properties":{"osmId":"7034712972","name":null,"heightM":150,"radioBand":"yes","countryCode":"MX"},"geometry":{"type":"Point","coordinates":[-104.627769,24.0516767]}},{"type":"Feature","id":"9261372363","properties":{"osmId":"9261372363","name":null,"heightM":50,"radioBand":"yes","countryCode":"MX"},"geometry":{"type":"Point","coordinates":[-98.7398131,20.1404609]}},{"type":"Feature","id":"9261372364","properties":{"osmId":"9261372364","name":null,"heightM":50,"radioBand":"yes","countryCode":"MX"},"geometry":{"type":"Point","coordinates":[-98.7430068,20.1425109]}},{"type":"Feature","id":"9261372365","properties":{"osmId":"9261372365","name":null,"heightM":50,"radioBand":"yes","countryCode":"MX"},"geometry":{"type":"Point","coordinates":[-98.7441987,20.1425486]}},{"type":"Feature","id":"9261372366","properties":{"osmId":"9261372366","name":null,"heightM":50,"radioBand":"yes","countryCode":"MX"},"geometry":{"type":"Point","coordinates":[-98.7438653,20.1425467]}},{"type":"Feature","id":"8935104560","properties":{"osmId":"8935104560","name":null,"heightM":45,"radioBand":"yes","countryCode":"MX"},"geometry":{"type":"Point","coordinates":[-101.9516732,21.3578695]}},{"type":"Feature","id":"7143393510","properties":{"osmId":"7143393510","name":null,"heightM":27,"radioBand":"yes","countryCode":"MX"},"geometry":{"type":"Point","coordinates":[-98.2420935,16.7939825]}},{"type":"Feature","id":"6217473335","properties":{"osmId":"6217473335","name":null,"heightM":20,"radioBand":"yes","countryCode":"MX"},"geometry":{"type":"Point","coordinates":[-102.2704382,22.0375556]}},{"type":"Feature","id":"3448024881","properties":{"osmId":"3448024881","name":null,"heightM":null,"radioBand":"yes","countryCode":"MX"},"geometry":{"type":"Point","coordinates":[-104.8695625,21.520046]}},{"type":"Feature","id":"3448025103","properties":{"osmId":"3448025103","name":null,"heightM":null,"radioBand":"yes","countryCode":"MX"},"geometry":{"type":"Point","coordinates":[-104.8707093,21.5206819]}},{"type":"Feature","id":"5424230381","properties":{"osmId":"5424230381","name":null,"heightM":null,"radioBand":"yes","countryCode":"MX"},"geometry":{"type":"Point","coordinates":[-99.0883959,19.419848]}},{"type":"Feature","id":"5436642522","properties":{"osmId":"5436642522","name":null,"heightM":null,"radioBand":"yes","countryCode":"MX"},"geometry":{"type":"Point","coordinates":[-99.088371,19.4199878]}},{"type":"Feature","id":"6298659014","properties":{"osmId":"6298659014","name":null,"heightM":null,"radioBand":"yes","countryCode":"MX"},"geometry":{"type":"Point","coordinates":[-99.0380998,19.51065]}},{"type":"Feature","id":"6424411751","properties":{"osmId":"6424411751","name":null,"heightM":null,"radioBand":"yes","countryCode":"MX"},"geometry":{"type":"Point","coordinates":[-98.3471331,21.0189905]}},{"type":"Feature","id":"6464191793","properties":{"osmId":"6464191793","name":null,"heightM":null,"radioBand":"yes","countryCode":"MX"},"geometry":{"type":"Point","coordinates":[-99.2264848,19.9980288]}},{"type":"Feature","id":"6483123002","properties":{"osmId":"6483123002","name":null,"heightM":null,"radioBand":"yes","countryCode":"MX"},"geometry":{"type":"Point","coordinates":[-99.1146764,20.6142315]}},{"type":"Feature","id":"6975564767","properties":{"osmId":"6975564767","name":null,"heightM":null,"radioBand":"yes","countryCode":"MX"},"geometry":{"type":"Point","coordinates":[-109.6249614,26.7551035]}},{"type":"Feature","id":"7059180573","properties":{"osmId":"7059180573","name":null,"heightM":null,"radioBand":"yes","countryCode":"MX"},"geometry":{"type":"Point","coordinates":[-110.9927547,31.2890164]}},{"type":"Feature","id":"7059180574","properties":{"osmId":"7059180574","name":null,"heightM":null,"radioBand":"yes","countryCode":"MX"},"geometry":{"type":"Point","coordinates":[-110.9926946,31.2892765]}},{"type":"Feature","id":"7059180575","properties":{"osmId":"7059180575","name":null,"heightM":null,"radioBand":"yes","countryCode":"MX"},"geometry":{"type":"Point","coordinates":[-110.9963899,31.2921917]}},{"type":"Feature","id":"7960282384","properties":{"osmId":"7960282384","name":null,"heightM":null,"radioBand":"yes","countryCode":"MX"},"geometry":{"type":"Point","coordinates":[-96.1085384,19.1540661]}},{"type":"Feature","id":"9179062269","properties":{"osmId":"9179062269","name":null,"heightM":null,"radioBand":"yes","countryCode":"MX"},"geometry":{"type":"Point","coordinates":[-100.5261419,21.2206489]}},{"type":"Feature","id":"9179062271","properties":{"osmId":"9179062271","name":null,"heightM":null,"radioBand":"yes","countryCode":"MX"},"geometry":{"type":"Point","coordinates":[-100.5258409,21.2212113]}},{"type":"Feature","id":"10254806146","properties":{"osmId":"10254806146","name":null,"heightM":null,"radioBand":"yes","countryCode":"MX"},"geometry":{"type":"Point","coordinates":[-104.7382799,21.5074695]}},{"type":"Feature","id":"10254806147","properties":{"osmId":"10254806147","name":null,"heightM":null,"radioBand":"yes","countryCode":"MX"},"geometry":{"type":"Point","coordinates":[-104.7431696,21.5070853]}},{"type":"Feature","id":"10920318716","properties":{"osmId":"10920318716","name":null,"heightM":null,"radioBand":"yes","countryCode":"MX"},"geometry":{"type":"Point","coordinates":[-99.9893631,25.3445268]}},{"type":"Feature","id":"10968889784","properties":{"osmId":"10968889784","name":null,"heightM":null,"radioBand":"yes","countryCode":"MX"},"geometry":{"type":"Point","coordinates":[-110.9502585,29.0729668]}},{"type":"Feature","id":"10968916225","properties":{"osmId":"10968916225","name":null,"heightM":null,"radioBand":"yes","countryCode":"MX"},"geometry":{"type":"Point","coordinates":[-110.9505429,29.0731515]}},{"type":"Feature","id":"11406748852","properties":{"osmId":"11406748852","name":null,"heightM":null,"radioBand":"yes","countryCode":"MX"},"geometry":{"type":"Point","coordinates":[-110.9555255,31.3308086]}},{"type":"Feature","id":"11513108832","properties":{"osmId":"11513108832","name":null,"heightM":null,"radioBand":"yes","countryCode":"MX"},"geometry":{"type":"Point","coordinates":[-104.525629,22.2542054]}},{"type":"Feature","id":"12887964862","properties":{"osmId":"12887964862","name":null,"heightM":null,"radioBand":"yes","countryCode":"MX"},"geometry":{"type":"Point","coordinates":[-109.7488665,31.2796591]}},{"type":"Feature","id":"12887964863","properties":{"osmId":"12887964863","name":null,"heightM":null,"radioBand":"yes","countryCode":"MX"},"geometry":{"type":"Point","coordinates":[-109.7490016,31.279929]}},{"type":"Feature","id":"12887964864","properties":{"osmId":"12887964864","name":null,"heightM":null,"radioBand":"yes","countryCode":"MX"},"geometry":{"type":"Point","coordinates":[-109.7480298,31.2786783]}},{"type":"Feature","id":"12887964865","properties":{"osmId":"12887964865","name":null,"heightM":null,"radioBand":"yes","countryCode":"MX"},"geometry":{"type":"Point","coordinates":[-109.7484815,31.2791326]}},{"type":"Feature","id":"12887964866","properties":{"osmId":"12887964866","name":null,"heightM":null,"radioBand":"yes","countryCode":"MX"},"geometry":{"type":"Point","coordinates":[-109.7481933,31.2782722]}},{"type":"Feature","id":"12888030686","properties":{"osmId":"12888030686","name":null,"heightM":null,"radioBand":"yes","countryCode":"MX"},"geometry":{"type":"Point","coordinates":[-112.8428266,31.8789509]}},{"type":"Feature","id":"12888030687","properties":{"osmId":"12888030687","name":null,"heightM":null,"radioBand":"yes","countryCode":"MX"},"geometry":{"type":"Point","coordinates":[-112.8447168,31.8817855]}},{"type":"Feature","id":"13197998991","properties":{"osmId":"13197998991","name":null,"heightM":null,"radioBand":"yes","countryCode":"MX"},"geometry":{"type":"Point","coordinates":[-103.4820022,19.7030499]}},{"type":"Feature","id":"13247121917","properties":{"osmId":"13247121917","name":null,"heightM":null,"radioBand":"yes","countryCode":"MX"},"geometry":{"type":"Point","coordinates":[-105.1822445,22.6994419]}},{"type":"Feature","id":"13974256943","properties":{"osmId":"13974256943","name":null,"heightM":null,"radioBand":"yes","countryCode":"MX"},"geometry":{"type":"Point","coordinates":[-99.1031108,19.6802662]}},{"type":"Feature","id":"14112787142","properties":{"osmId":"14112787142","name":null,"heightM":null,"radioBand":"yes","countryCode":"MX"},"geometry":{"type":"Point","coordinates":[-87.0752321,20.6263819]}},{"type":"Feature","id":"6504271108","properties":{"osmId":"6504271108","name":null,"heightM":100,"radioBand":"yes","countryCode":"ET"},"geometry":{"type":"Point","coordinates":[37.5925856,12.7690875]}},{"type":"Feature","id":"12155229624","properties":{"osmId":"12155229624","name":null,"heightM":65,"radioBand":"yes","countryCode":"ET"},"geometry":{"type":"Point","coordinates":[36.3669603,8.46654]}},{"type":"Feature","id":"6368920516","properties":{"osmId":"6368920516","name":null,"heightM":45,"radioBand":"yes","countryCode":"ET"},"geometry":{"type":"Point","coordinates":[35.8404949,9.1633974]}},{"type":"Feature","id":"3881748798","properties":{"osmId":"3881748798","name":null,"heightM":null,"radioBand":"yes","countryCode":"ET"},"geometry":{"type":"Point","coordinates":[38.7660822,9.1032033]}},{"type":"Feature","id":"6503089146","properties":{"osmId":"6503089146","name":null,"heightM":null,"radioBand":"yes","countryCode":"ET"},"geometry":{"type":"Point","coordinates":[37.4671897,12.6232906]}},{"type":"Feature","id":"6506513108","properties":{"osmId":"6506513108","name":null,"heightM":null,"radioBand":"yes","countryCode":"ET"},"geometry":{"type":"Point","coordinates":[37.4798396,12.6420397]}},{"type":"Feature","id":"6622593881","properties":{"osmId":"6622593881","name":null,"heightM":null,"radioBand":"yes","countryCode":"ET"},"geometry":{"type":"Point","coordinates":[38.7662171,9.0519805]}},{"type":"Feature","id":"6842649085","properties":{"osmId":"6842649085","name":null,"heightM":null,"radioBand":"yes","countryCode":"ET"},"geometry":{"type":"Point","coordinates":[37.7484738,10.2954527]}},{"type":"Feature","id":"8662211051","properties":{"osmId":"8662211051","name":null,"heightM":null,"radioBand":"yes","countryCode":"ET"},"geometry":{"type":"Point","coordinates":[36.6048856,14.27806]}},{"type":"Feature","id":"10965707104","properties":{"osmId":"10965707104","name":null,"heightM":null,"radioBand":"yes","countryCode":"ET"},"geometry":{"type":"Point","coordinates":[36.0793963,5.3287287]}},{"type":"Feature","id":"12651839843","properties":{"osmId":"12651839843","name":null,"heightM":null,"radioBand":"yes","countryCode":"ET"},"geometry":{"type":"Point","coordinates":[38.9542798,9.0910211]}},{"type":"Feature","id":"13006124428","properties":{"osmId":"13006124428","name":null,"heightM":null,"radioBand":"yes","countryCode":"ER"},"geometry":{"type":"Point","coordinates":[38.8746969,15.2194508]}},{"type":"Feature","id":"13006124429","properties":{"osmId":"13006124429","name":null,"heightM":null,"radioBand":"yes","countryCode":"ER"},"geometry":{"type":"Point","coordinates":[38.8771016,15.217605]}},{"type":"Feature","id":"13006124430","properties":{"osmId":"13006124430","name":null,"heightM":null,"radioBand":"yes","countryCode":"ER"},"geometry":{"type":"Point","coordinates":[38.8767201,15.2176691]}},{"type":"Feature","id":"13006124431","properties":{"osmId":"13006124431","name":null,"heightM":null,"radioBand":"yes","countryCode":"ER"},"geometry":{"type":"Point","coordinates":[38.8763541,15.2153933]}},{"type":"Feature","id":"13006124432","properties":{"osmId":"13006124432","name":null,"heightM":null,"radioBand":"yes","countryCode":"ER"},"geometry":{"type":"Point","coordinates":[38.8736485,15.2168118]}},{"type":"Feature","id":"13006124433","properties":{"osmId":"13006124433","name":null,"heightM":null,"radioBand":"yes","countryCode":"ER"},"geometry":{"type":"Point","coordinates":[38.873561,15.2164268]}},{"type":"Feature","id":"1794170516","properties":{"osmId":"1794170516","name":"All India Radio Jammu","heightM":null,"radioBand":"yes","countryCode":"IN"},"geometry":{"type":"Point","coordinates":[74.8699521,32.7426646]}},{"type":"Feature","id":"6005643231","properties":{"osmId":"6005643231","name":"Wireless Bell Tower","heightM":null,"radioBand":"yes","countryCode":"IN"},"geometry":{"type":"Point","coordinates":[76.4890993,9.3616383]}},{"type":"Feature","id":"9032834585","properties":{"osmId":"9032834585","name":"Radar station","heightM":null,"radioBand":"yes","countryCode":"IN"},"geometry":{"type":"Point","coordinates":[76.4091887,10.1486667]}},{"type":"Feature","id":"10838722903","properties":{"osmId":"10838722903","name":"All India Radio FM Transmitter Tower","heightM":null,"radioBand":"yes","countryCode":"IN"},"geometry":{"type":"Point","coordinates":[77.0184721,10.9389577]}},{"type":"Feature","id":"10838722904","properties":{"osmId":"10838722904","name":"All India Radio AM Transmitter Tower","heightM":null,"radioBand":"yes","countryCode":"IN"},"geometry":{"type":"Point","coordinates":[77.0184637,10.9400577]}},{"type":"Feature","id":"11865106348","properties":{"osmId":"11865106348","name":"All India Radio Transmitter","heightM":null,"radioBand":"yes","countryCode":"IN"},"geometry":{"type":"Point","coordinates":[76.3344155,10.0202782]}},{"type":"Feature","id":"12738731758","properties":{"osmId":"12738731758","name":"Srinagar Radio Transmission Station Narbal","heightM":null,"radioBand":"yes","countryCode":"IN"},"geometry":{"type":"Point","coordinates":[74.6929002,34.1171934]}},{"type":"Feature","id":"12833470941","properties":{"osmId":"12833470941","name":null,"heightM":30,"radioBand":"yes","countryCode":"IN"},"geometry":{"type":"Point","coordinates":[75.9468272,33.1364771]}},{"type":"Feature","id":"11483601021","properties":{"osmId":"11483601021","name":null,"heightM":25,"radioBand":"yes","countryCode":"IN"},"geometry":{"type":"Point","coordinates":[81.9298557,16.9331273]}},{"type":"Feature","id":"11483601022","properties":{"osmId":"11483601022","name":null,"heightM":25,"radioBand":"yes","countryCode":"IN"},"geometry":{"type":"Point","coordinates":[81.9295652,16.9335915]}},{"type":"Feature","id":"11483601023","properties":{"osmId":"11483601023","name":null,"heightM":25,"radioBand":"yes","countryCode":"IN"},"geometry":{"type":"Point","coordinates":[81.9295504,16.9335339]}},{"type":"Feature","id":"1710208374","properties":{"osmId":"1710208374","name":null,"heightM":null,"radioBand":"sw","countryCode":"IN"},"geometry":{"type":"Point","coordinates":[77.4941379,13.2375116]}},{"type":"Feature","id":"1710208409","properties":{"osmId":"1710208409","name":null,"heightM":null,"radioBand":"sw","countryCode":"IN"},"geometry":{"type":"Point","coordinates":[77.4934126,13.2381047]}},{"type":"Feature","id":"1710208413","properties":{"osmId":"1710208413","name":null,"heightM":null,"radioBand":"sw","countryCode":"IN"},"geometry":{"type":"Point","coordinates":[77.4926549,13.2387242]}},{"type":"Feature","id":"1710208419","properties":{"osmId":"1710208419","name":null,"heightM":null,"radioBand":"sw","countryCode":"IN"},"geometry":{"type":"Point","coordinates":[77.4952338,13.2366155]}},{"type":"Feature","id":"1710208630","properties":{"osmId":"1710208630","name":null,"heightM":null,"radioBand":"sw","countryCode":"IN"},"geometry":{"type":"Point","coordinates":[77.4905978,13.2496657]}},{"type":"Feature","id":"1710208632","properties":{"osmId":"1710208632","name":null,"heightM":null,"radioBand":"sw","countryCode":"IN"},"geometry":{"type":"Point","coordinates":[77.4895839,13.2456095]}},{"type":"Feature","id":"1710208640","properties":{"osmId":"1710208640","name":null,"heightM":null,"radioBand":"sw","countryCode":"IN"},"geometry":{"type":"Point","coordinates":[77.4894946,13.251572]}},{"type":"Feature","id":"1710208641","properties":{"osmId":"1710208641","name":null,"heightM":null,"radioBand":"sw","countryCode":"IN"},"geometry":{"type":"Point","coordinates":[77.4900751,13.2505689]}},{"type":"Feature","id":"1710208659","properties":{"osmId":"1710208659","name":null,"heightM":null,"radioBand":"sw","countryCode":"IN"},"geometry":{"type":"Point","coordinates":[77.4889099,13.2525822]}},{"type":"Feature","id":"1710208663","properties":{"osmId":"1710208663","name":null,"heightM":null,"radioBand":"sw","countryCode":"IN"},"geometry":{"type":"Point","coordinates":[77.4884096,13.2534466]}},{"type":"Feature","id":"1710208665","properties":{"osmId":"1710208665","name":null,"heightM":null,"radioBand":"sw","countryCode":"IN"},"geometry":{"type":"Point","coordinates":[77.4889461,13.254491]}},{"type":"Feature","id":"1710208676","properties":{"osmId":"1710208676","name":null,"heightM":null,"radioBand":"sw","countryCode":"IN"},"geometry":{"type":"Point","coordinates":[77.4896102,13.2554809]}},{"type":"Feature","id":"1710208683","properties":{"osmId":"1710208683","name":null,"heightM":null,"radioBand":"sw","countryCode":"IN"},"geometry":{"type":"Point","coordinates":[77.4895994,13.2568699]}},{"type":"Feature","id":"1710208694","properties":{"osmId":"1710208694","name":null,"heightM":null,"radioBand":"sw","countryCode":"IN"},"geometry":{"type":"Point","coordinates":[77.4889312,13.2443922]}},{"type":"Feature","id":"1710208704","properties":{"osmId":"1710208704","name":null,"heightM":null,"radioBand":"sw","countryCode":"IN"},"geometry":{"type":"Point","coordinates":[77.4882446,13.2433061]}},{"type":"Feature","id":"1710208707","properties":{"osmId":"1710208707","name":null,"heightM":null,"radioBand":"sw","countryCode":"IN"},"geometry":{"type":"Point","coordinates":[77.4873852,13.2427296]}},{"type":"Feature","id":"1710208718","properties":{"osmId":"1710208718","name":null,"heightM":null,"radioBand":"sw","countryCode":"IN"},"geometry":{"type":"Point","coordinates":[77.486323,13.2419986]}},{"type":"Feature","id":"1710208729","properties":{"osmId":"1710208729","name":null,"heightM":null,"radioBand":"sw","countryCode":"IN"},"geometry":{"type":"Point","coordinates":[77.4858091,13.2416456]}},{"type":"Feature","id":"1710208731","properties":{"osmId":"1710208731","name":null,"heightM":null,"radioBand":"sw","countryCode":"IN"},"geometry":{"type":"Point","coordinates":[77.48466,13.2408811]}},{"type":"Feature","id":"1710208740","properties":{"osmId":"1710208740","name":null,"heightM":null,"radioBand":"sw","countryCode":"IN"},"geometry":{"type":"Point","coordinates":[77.4846933,13.2395986]}},{"type":"Feature","id":"1710208758","properties":{"osmId":"1710208758","name":null,"heightM":null,"radioBand":"sw","countryCode":"IN"},"geometry":{"type":"Point","coordinates":[77.4918394,13.2393911]}},{"type":"Feature","id":"2939229863","properties":{"osmId":"2939229863","name":null,"heightM":null,"radioBand":"yes","countryCode":"IN"},"geometry":{"type":"Point","coordinates":[73.8494198,18.5305408]}},{"type":"Feature","id":"6958643768","properties":{"osmId":"6958643768","name":null,"heightM":null,"radioBand":"yes","countryCode":"IN"},"geometry":{"type":"Point","coordinates":[76.1643647,11.0104729]}},{"type":"Feature","id":"8916834989","properties":{"osmId":"8916834989","name":null,"heightM":null,"radioBand":"yes","countryCode":"IN"},"geometry":{"type":"Point","coordinates":[82.1858044,22.1002814]}},{"type":"Feature","id":"9057575654","properties":{"osmId":"9057575654","name":null,"heightM":null,"radioBand":"sw","countryCode":"IN"},"geometry":{"type":"Point","coordinates":[73.8451838,15.4584267]}},{"type":"Feature","id":"9057575655","properties":{"osmId":"9057575655","name":null,"heightM":null,"radioBand":"sw","countryCode":"IN"},"geometry":{"type":"Point","coordinates":[73.844347,15.4572323]}},{"type":"Feature","id":"9057575656","properties":{"osmId":"9057575656","name":null,"heightM":null,"radioBand":"sw","countryCode":"IN"},"geometry":{"type":"Point","coordinates":[73.8454574,15.4566274]}},{"type":"Feature","id":"10151761083","properties":{"osmId":"10151761083","name":null,"heightM":null,"radioBand":"yes","countryCode":"IN"},"geometry":{"type":"Point","coordinates":[79.5306259,29.2172192]}},{"type":"Feature","id":"11692927060","properties":{"osmId":"11692927060","name":null,"heightM":null,"radioBand":"yes","countryCode":"IN"},"geometry":{"type":"Point","coordinates":[75.3875771,28.114694]}},{"type":"Feature","id":"11698546452","properties":{"osmId":"11698546452","name":null,"heightM":null,"radioBand":"yes","countryCode":"IN"},"geometry":{"type":"Point","coordinates":[85.1706344,25.5958367]}},{"type":"Feature","id":"12246749442","properties":{"osmId":"12246749442","name":null,"heightM":null,"radioBand":"yes","countryCode":"IN"},"geometry":{"type":"Point","coordinates":[74.9550032,30.1921526]}},{"type":"Feature","id":"13008791772","properties":{"osmId":"13008791772","name":null,"heightM":null,"radioBand":"yes","countryCode":"IN"},"geometry":{"type":"Point","coordinates":[72.8098953,19.180505]}},{"type":"Feature","id":"13008800312","properties":{"osmId":"13008800312","name":null,"heightM":null,"radioBand":"sw","countryCode":"IN"},"geometry":{"type":"Point","coordinates":[72.8104052,19.1784729]}},{"type":"Feature","id":"13008800313","properties":{"osmId":"13008800313","name":null,"heightM":null,"radioBand":"sw","countryCode":"IN"},"geometry":{"type":"Point","coordinates":[72.8095899,19.1785992]}},{"type":"Feature","id":"13008800314","properties":{"osmId":"13008800314","name":null,"heightM":null,"radioBand":"sw","countryCode":"IN"},"geometry":{"type":"Point","coordinates":[72.8089974,19.1786875]}},{"type":"Feature","id":"13008800315","properties":{"osmId":"13008800315","name":null,"heightM":null,"radioBand":"sw","countryCode":"IN"},"geometry":{"type":"Point","coordinates":[72.8081777,19.1788096]}},{"type":"Feature","id":"13008800316","properties":{"osmId":"13008800316","name":null,"heightM":null,"radioBand":"sw","countryCode":"IN"},"geometry":{"type":"Point","coordinates":[72.8074426,19.1789106]}},{"type":"Feature","id":"13008800317","properties":{"osmId":"13008800317","name":null,"heightM":null,"radioBand":"sw","countryCode":"IN"},"geometry":{"type":"Point","coordinates":[72.8069615,19.1789947]}},{"type":"Feature","id":"13008800318","properties":{"osmId":"13008800318","name":null,"heightM":null,"radioBand":"sw","countryCode":"IN"},"geometry":{"type":"Point","coordinates":[72.8066452,19.1788264]}},{"type":"Feature","id":"13008800319","properties":{"osmId":"13008800319","name":null,"heightM":null,"radioBand":"sw","countryCode":"IN"},"geometry":{"type":"Point","coordinates":[72.8061417,19.1800971]}},{"type":"Feature","id":"13008800320","properties":{"osmId":"13008800320","name":null,"heightM":null,"radioBand":"sw","countryCode":"IN"},"geometry":{"type":"Point","coordinates":[72.8058076,19.181027]}},{"type":"Feature","id":"13008800321","properties":{"osmId":"13008800321","name":null,"heightM":null,"radioBand":"sw","countryCode":"IN"},"geometry":{"type":"Point","coordinates":[72.805518,19.1818139]}},{"type":"Feature","id":"13008800322","properties":{"osmId":"13008800322","name":null,"heightM":null,"radioBand":"sw","countryCode":"IN"},"geometry":{"type":"Point","coordinates":[72.8051305,19.1828531]}},{"type":"Feature","id":"13008800323","properties":{"osmId":"13008800323","name":null,"heightM":null,"radioBand":"sw","countryCode":"IN"},"geometry":{"type":"Point","coordinates":[72.8046716,19.1838924]}},{"type":"Feature","id":"13008800324","properties":{"osmId":"13008800324","name":null,"heightM":null,"radioBand":"sw","countryCode":"IN"},"geometry":{"type":"Point","coordinates":[72.8045157,19.1844647]}},{"type":"Feature","id":"13008800325","properties":{"osmId":"13008800325","name":null,"heightM":null,"radioBand":"sw","countryCode":"IN"},"geometry":{"type":"Point","coordinates":[72.8103095,19.1832836]}},{"type":"Feature","id":"13008800326","properties":{"osmId":"13008800326","name":null,"heightM":null,"radioBand":"sw","countryCode":"IN"},"geometry":{"type":"Point","coordinates":[72.8102215,19.1826971]}},{"type":"Feature","id":"13008800327","properties":{"osmId":"13008800327","name":null,"heightM":null,"radioBand":"yes","countryCode":"IN"},"geometry":{"type":"Point","coordinates":[72.8121059,19.1869685]}},{"type":"Feature","id":"13008800328","properties":{"osmId":"13008800328","name":null,"heightM":null,"radioBand":"yes","countryCode":"IN"},"geometry":{"type":"Point","coordinates":[72.8108511,19.1869498]}},{"type":"Feature","id":"13008817020","properties":{"osmId":"13008817020","name":null,"heightM":null,"radioBand":"sw","countryCode":"IN"},"geometry":{"type":"Point","coordinates":[73.8457597,15.459381]}},{"type":"Feature","id":"13008817021","properties":{"osmId":"13008817021","name":null,"heightM":null,"radioBand":"sw","countryCode":"IN"},"geometry":{"type":"Point","coordinates":[73.8461786,15.4600471]}},{"type":"Feature","id":"13008817022","properties":{"osmId":"13008817022","name":null,"heightM":null,"radioBand":"sw","countryCode":"IN"},"geometry":{"type":"Point","coordinates":[73.8468208,15.45601]}},{"type":"Feature","id":"13008817023","properties":{"osmId":"13008817023","name":null,"heightM":null,"radioBand":"yes","countryCode":"IN"},"geometry":{"type":"Point","coordinates":[73.8475154,15.4589598]}},{"type":"Feature","id":"13008817024","properties":{"osmId":"13008817024","name":null,"heightM":null,"radioBand":"yes","countryCode":"IN"},"geometry":{"type":"Point","coordinates":[73.8482817,15.4592475]}},{"type":"Feature","id":"13008817025","properties":{"osmId":"13008817025","name":null,"heightM":null,"radioBand":"yes","countryCode":"IN"},"geometry":{"type":"Point","coordinates":[73.8499567,15.459372]}},{"type":"Feature","id":"13008820717","properties":{"osmId":"13008820717","name":null,"heightM":null,"radioBand":"sw","countryCode":"IN"},"geometry":{"type":"Point","coordinates":[80.1283143,13.1391648]}},{"type":"Feature","id":"13008820718","properties":{"osmId":"13008820718","name":null,"heightM":null,"radioBand":"sw","countryCode":"IN"},"geometry":{"type":"Point","coordinates":[80.1281021,13.1385702]}},{"type":"Feature","id":"13008820719","properties":{"osmId":"13008820719","name":null,"heightM":null,"radioBand":"sw","countryCode":"IN"},"geometry":{"type":"Point","coordinates":[80.1277089,13.1375272]}},{"type":"Feature","id":"13008820720","properties":{"osmId":"13008820720","name":null,"heightM":null,"radioBand":"sw","countryCode":"IN"},"geometry":{"type":"Point","coordinates":[80.1274088,13.1365244]}},{"type":"Feature","id":"13008820721","properties":{"osmId":"13008820721","name":null,"heightM":null,"radioBand":"sw","countryCode":"IN"},"geometry":{"type":"Point","coordinates":[80.125959,13.1327708]}},{"type":"Feature","id":"13008820722","properties":{"osmId":"13008820722","name":null,"heightM":null,"radioBand":"sw","countryCode":"IN"},"geometry":{"type":"Point","coordinates":[80.1260166,13.1322479]}},{"type":"Feature","id":"13008820723","properties":{"osmId":"13008820723","name":null,"heightM":null,"radioBand":"sw","countryCode":"IN"},"geometry":{"type":"Point","coordinates":[80.1251536,13.1322516]}},{"type":"Feature","id":"13008820724","properties":{"osmId":"13008820724","name":null,"heightM":null,"radioBand":"sw","countryCode":"IN"},"geometry":{"type":"Point","coordinates":[80.1245667,13.1322516]}},{"type":"Feature","id":"13008820725","properties":{"osmId":"13008820725","name":null,"heightM":null,"radioBand":"sw","countryCode":"IN"},"geometry":{"type":"Point","coordinates":[80.1238188,13.1322516]}},{"type":"Feature","id":"13008820726","properties":{"osmId":"13008820726","name":null,"heightM":null,"radioBand":"sw","countryCode":"IN"},"geometry":{"type":"Point","coordinates":[80.1230977,13.1322366]}},{"type":"Feature","id":"13008820727","properties":{"osmId":"13008820727","name":null,"heightM":null,"radioBand":"yes","countryCode":"IN"},"geometry":{"type":"Point","coordinates":[80.127045,13.1414029]}},{"type":"Feature","id":"13008820728","properties":{"osmId":"13008820728","name":null,"heightM":null,"radioBand":"yes","countryCode":"IN"},"geometry":{"type":"Point","coordinates":[80.1281717,13.1479713]}},{"type":"Feature","id":"13008820729","properties":{"osmId":"13008820729","name":null,"heightM":null,"radioBand":"yes","countryCode":"IN"},"geometry":{"type":"Point","coordinates":[80.1279378,13.1476837]}},{"type":"Feature","id":"13009123746","properties":{"osmId":"13009123746","name":null,"heightM":null,"radioBand":"yes","countryCode":"IN"},"geometry":{"type":"Point","coordinates":[77.1995235,28.7112332]}},{"type":"Feature","id":"13009123747","properties":{"osmId":"13009123747","name":null,"heightM":null,"radioBand":"yes","countryCode":"IN"},"geometry":{"type":"Point","coordinates":[77.1998228,28.7113194]}},{"type":"Feature","id":"13009123748","properties":{"osmId":"13009123748","name":null,"heightM":null,"radioBand":"yes","countryCode":"IN"},"geometry":{"type":"Point","coordinates":[77.2004149,28.7115053]}},{"type":"Feature","id":"13009123749","properties":{"osmId":"13009123749","name":null,"heightM":null,"radioBand":"yes","countryCode":"IN"},"geometry":{"type":"Point","coordinates":[77.2006574,28.71158]}},{"type":"Feature","id":"13009123750","properties":{"osmId":"13009123750","name":null,"heightM":null,"radioBand":"yes","countryCode":"IN"},"geometry":{"type":"Point","coordinates":[77.199683,28.7116528]}},{"type":"Feature","id":"13327358026","properties":{"osmId":"13327358026","name":null,"heightM":null,"radioBand":"yes","countryCode":"IN"},"geometry":{"type":"Point","coordinates":[76.3066702,32.2483623]}},{"type":"Feature","id":"9593872407","properties":{"osmId":"9593872407","name":"ایستگاه فرستنده رادیویی و تلویزیونی پرند","heightM":70,"radioBand":"yes","countryCode":"IR"},"geometry":{"type":"Point","coordinates":[50.9619358,35.4838765]}},{"type":"Feature","id":"3395244937","properties":{"osmId":"3395244937","name":"ایستگاه فرستنده رادیویی و تلویزیونی کمرکوه قم","heightM":null,"radioBand":"yes","countryCode":"IR"},"geometry":{"type":"Point","coordinates":[50.6999353,34.6596351]}},{"type":"Feature","id":"6355610763","properties":{"osmId":"6355610763","name":"رادیو دزفول","heightM":null,"radioBand":"yes","countryCode":"IR"},"geometry":{"type":"Point","coordinates":[48.3933755,32.3882923]}},{"type":"Feature","id":"6455432770","properties":{"osmId":"6455432770","name":"فرستنده رادیویی چالوس","heightM":null,"radioBand":"yes","countryCode":"IR"},"geometry":{"type":"Point","coordinates":[51.4348769,36.679343]}},{"type":"Feature","id":"7486899398","properties":{"osmId":"7486899398","name":"ایستگاه فرستنده رادیویی و تلویزیونی کوه قوچ","heightM":null,"radioBand":"yes","countryCode":"IR"},"geometry":{"type":"Point","coordinates":[52.0926885,35.5585936]}},{"type":"Feature","id":"7872821825","properties":{"osmId":"7872821825","name":"ایستگاه فرستنده رادیویی و تلویزیونی کوه پناه تفرش","heightM":null,"radioBand":"yes","countryCode":"IR"},"geometry":{"type":"Point","coordinates":[49.8846745,34.6893618]}},{"type":"Feature","id":"9593837099","properties":{"osmId":"9593837099","name":"ایستگاه فرستنده رادیویی و تلویزیونی جماران","heightM":null,"radioBand":"yes","countryCode":"IR"},"geometry":{"type":"Point","coordinates":[51.4468645,35.8278515]}},{"type":"Feature","id":"11020141827","properties":{"osmId":"11020141827","name":"فرستنده رادیویی فردوس","heightM":null,"radioBand":"yes","countryCode":"IR"},"geometry":{"type":"Point","coordinates":[58.1727015,34.0293342]}},{"type":"Feature","id":"11127225856","properties":{"osmId":"11127225856","name":"ایستگاه فرستنده رادیویی و تلویزیونی بره سر","heightM":null,"radioBand":"yes","countryCode":"IR"},"geometry":{"type":"Point","coordinates":[49.7451455,36.777397]}},{"type":"Feature","id":"12331495101","properties":{"osmId":"12331495101","name":"آنتن رادیو و تلویزیون","heightM":null,"radioBand":"yes","countryCode":"IR"},"geometry":{"type":"Point","coordinates":[51.781651,35.7599943]}},{"type":"Feature","id":"8206716199","properties":{"osmId":"8206716199","name":null,"heightM":20,"radioBand":"yes","countryCode":"IR"},"geometry":{"type":"Point","coordinates":[46.0231623,37.4290653]}},{"type":"Feature","id":"8730076035","properties":{"osmId":"8730076035","name":null,"heightM":20,"radioBand":"yes","countryCode":"IR"},"geometry":{"type":"Point","coordinates":[57.0903195,27.0960113]}},{"type":"Feature","id":"8064160533","properties":{"osmId":"8064160533","name":null,"heightM":10,"radioBand":"yes","countryCode":"IR"},"geometry":{"type":"Point","coordinates":[49.5471852,33.8915074]}},{"type":"Feature","id":"1332191144","properties":{"osmId":"1332191144","name":null,"heightM":null,"radioBand":"yes","countryCode":"IR"},"geometry":{"type":"Point","coordinates":[55.7874176,29.605791]}},{"type":"Feature","id":"3502011397","properties":{"osmId":"3502011397","name":null,"heightM":null,"radioBand":"yes","countryCode":"IR"},"geometry":{"type":"Point","coordinates":[57.606501,36.388328]}},{"type":"Feature","id":"3502011398","properties":{"osmId":"3502011398","name":null,"heightM":null,"radioBand":"yes","countryCode":"IR"},"geometry":{"type":"Point","coordinates":[57.6074856,36.3885353]}},{"type":"Feature","id":"3502011400","properties":{"osmId":"3502011400","name":null,"heightM":null,"radioBand":"yes","countryCode":"IR"},"geometry":{"type":"Point","coordinates":[57.6057856,36.3886633]}},{"type":"Feature","id":"3502011401","properties":{"osmId":"3502011401","name":null,"heightM":null,"radioBand":"yes","countryCode":"IR"},"geometry":{"type":"Point","coordinates":[57.6059231,36.3887568]}},{"type":"Feature","id":"4572640294","properties":{"osmId":"4572640294","name":null,"heightM":null,"radioBand":"yes","countryCode":"IR"},"geometry":{"type":"Point","coordinates":[57.6068561,36.388558]}},{"type":"Feature","id":"4572640295","properties":{"osmId":"4572640295","name":null,"heightM":null,"radioBand":"yes","countryCode":"IR"},"geometry":{"type":"Point","coordinates":[57.607346,36.3886104]}},{"type":"Feature","id":"6733329695","properties":{"osmId":"6733329695","name":null,"heightM":null,"radioBand":"yes","countryCode":"IR"},"geometry":{"type":"Point","coordinates":[52.9350713,35.8316642]}},{"type":"Feature","id":"7499074987","properties":{"osmId":"7499074987","name":null,"heightM":null,"radioBand":"yes","countryCode":"IR"},"geometry":{"type":"Point","coordinates":[52.1703578,35.5125758]}},{"type":"Feature","id":"7775661249","properties":{"osmId":"7775661249","name":null,"heightM":null,"radioBand":"yes","countryCode":"IR"},"geometry":{"type":"Point","coordinates":[54.0066862,31.6319524]}},{"type":"Feature","id":"8015166947","properties":{"osmId":"8015166947","name":null,"heightM":null,"radioBand":"yes","countryCode":"IR"},"geometry":{"type":"Point","coordinates":[55.8046384,29.6136976]}},{"type":"Feature","id":"8756622644","properties":{"osmId":"8756622644","name":null,"heightM":null,"radioBand":"yes","countryCode":"IR"},"geometry":{"type":"Point","coordinates":[57.0707616,27.1500003]}},{"type":"Feature","id":"8914900887","properties":{"osmId":"8914900887","name":null,"heightM":null,"radioBand":"yes","countryCode":"IR"},"geometry":{"type":"Point","coordinates":[46.0457296,37.3068349]}},{"type":"Feature","id":"8962804729","properties":{"osmId":"8962804729","name":null,"heightM":null,"radioBand":"yes","countryCode":"IR"},"geometry":{"type":"Point","coordinates":[46.2094228,37.3970192]}},{"type":"Feature","id":"8962804730","properties":{"osmId":"8962804730","name":null,"heightM":null,"radioBand":"yes","countryCode":"IR"},"geometry":{"type":"Point","coordinates":[46.2100933,37.3977181]}},{"type":"Feature","id":"8962804731","properties":{"osmId":"8962804731","name":null,"heightM":null,"radioBand":"yes","countryCode":"IR"},"geometry":{"type":"Point","coordinates":[46.2103401,37.3924121]}},{"type":"Feature","id":"8962804732","properties":{"osmId":"8962804732","name":null,"heightM":null,"radioBand":"yes","countryCode":"IR"},"geometry":{"type":"Point","coordinates":[46.2100665,37.3915341]}},{"type":"Feature","id":"8962804733","properties":{"osmId":"8962804733","name":null,"heightM":null,"radioBand":"yes","countryCode":"IR"},"geometry":{"type":"Point","coordinates":[46.2098626,37.3905581]}},{"type":"Feature","id":"8962804734","properties":{"osmId":"8962804734","name":null,"heightM":null,"radioBand":"yes","countryCode":"IR"},"geometry":{"type":"Point","coordinates":[46.2067304,37.3924467]}},{"type":"Feature","id":"9155721520","properties":{"osmId":"9155721520","name":null,"heightM":null,"radioBand":"yes","countryCode":"IR"},"geometry":{"type":"Point","coordinates":[49.6768876,34.0779393]}},{"type":"Feature","id":"9576020396","properties":{"osmId":"9576020396","name":null,"heightM":null,"radioBand":"yes","countryCode":"IR"},"geometry":{"type":"Point","coordinates":[46.9759611,37.121294]}},{"type":"Feature","id":"9939682176","properties":{"osmId":"9939682176","name":null,"heightM":null,"radioBand":"yes","countryCode":"IR"},"geometry":{"type":"Point","coordinates":[46.9827768,33.6078748]}},{"type":"Feature","id":"10219404726","properties":{"osmId":"10219404726","name":null,"heightM":null,"radioBand":"yes","countryCode":"IR"},"geometry":{"type":"Point","coordinates":[58.190688,33.9414331]}},{"type":"Feature","id":"10219404728","properties":{"osmId":"10219404728","name":null,"heightM":null,"radioBand":"yes","countryCode":"IR"},"geometry":{"type":"Point","coordinates":[58.3441459,34.3108156]}},{"type":"Feature","id":"10807909470","properties":{"osmId":"10807909470","name":null,"heightM":null,"radioBand":"yes","countryCode":"IR"},"geometry":{"type":"Point","coordinates":[59.3643693,36.4146599]}},{"type":"Feature","id":"10831617002","properties":{"osmId":"10831617002","name":null,"heightM":null,"radioBand":"yes","countryCode":"IR"},"geometry":{"type":"Point","coordinates":[50.0387354,36.1069791]}},{"type":"Feature","id":"11055010941","properties":{"osmId":"11055010941","name":null,"heightM":null,"radioBand":"yes","countryCode":"IR"},"geometry":{"type":"Point","coordinates":[46.3005167,33.53741]}},{"type":"Feature","id":"11804553578","properties":{"osmId":"11804553578","name":null,"heightM":null,"radioBand":"yes","countryCode":"IR"},"geometry":{"type":"Point","coordinates":[52.3920152,36.1030737]}},{"type":"Feature","id":"12063462649","properties":{"osmId":"12063462649","name":null,"heightM":null,"radioBand":"yes","countryCode":"IR"},"geometry":{"type":"Point","coordinates":[48.6862693,36.5951781]}},{"type":"Feature","id":"12573981543","properties":{"osmId":"12573981543","name":null,"heightM":null,"radioBand":"yes","countryCode":"IR"},"geometry":{"type":"Point","coordinates":[46.592533,34.1125222]}},{"type":"Feature","id":"13008722405","properties":{"osmId":"13008722405","name":null,"heightM":null,"radioBand":"yes","countryCode":"IR"},"geometry":{"type":"Point","coordinates":[60.8610837,29.4787541]}},{"type":"Feature","id":"13008722406","properties":{"osmId":"13008722406","name":null,"heightM":null,"radioBand":"yes","countryCode":"IR"},"geometry":{"type":"Point","coordinates":[60.8633357,29.4766629]}},{"type":"Feature","id":"13008722407","properties":{"osmId":"13008722407","name":null,"heightM":null,"radioBand":"yes","countryCode":"IR"},"geometry":{"type":"Point","coordinates":[60.864209,29.4766629]}},{"type":"Feature","id":"13008722408","properties":{"osmId":"13008722408","name":null,"heightM":null,"radioBand":"yes","countryCode":"IR"},"geometry":{"type":"Point","coordinates":[60.8633112,29.4759027]}},{"type":"Feature","id":"13008722409","properties":{"osmId":"13008722409","name":null,"heightM":null,"radioBand":"yes","countryCode":"IR"},"geometry":{"type":"Point","coordinates":[60.8642029,29.475876]}},{"type":"Feature","id":"13008722410","properties":{"osmId":"13008722410","name":null,"heightM":null,"radioBand":"yes","countryCode":"IR"},"geometry":{"type":"Point","coordinates":[60.8658141,29.4752894]}},{"type":"Feature","id":"13008722411","properties":{"osmId":"13008722411","name":null,"heightM":null,"radioBand":"yes","countryCode":"IR"},"geometry":{"type":"Point","coordinates":[60.8666976,29.4752643]}},{"type":"Feature","id":"13008722412","properties":{"osmId":"13008722412","name":null,"heightM":null,"radioBand":"yes","countryCode":"IR"},"geometry":{"type":"Point","coordinates":[60.8657949,29.474537]}},{"type":"Feature","id":"13008722413","properties":{"osmId":"13008722413","name":null,"heightM":null,"radioBand":"yes","countryCode":"IR"},"geometry":{"type":"Point","coordinates":[60.8666784,29.4744994]}},{"type":"Feature","id":"13008722414","properties":{"osmId":"13008722414","name":null,"heightM":null,"radioBand":"yes","countryCode":"IR"},"geometry":{"type":"Point","coordinates":[60.8649355,29.4739267]}},{"type":"Feature","id":"13008722415","properties":{"osmId":"13008722415","name":null,"heightM":null,"radioBand":"yes","countryCode":"IR"},"geometry":{"type":"Point","coordinates":[60.864561,29.4730448]}},{"type":"Feature","id":"13509950764","properties":{"osmId":"13509950764","name":null,"heightM":null,"radioBand":"yes","countryCode":"IR"},"geometry":{"type":"Point","coordinates":[53.9851669,31.6212306]}},{"type":"Feature","id":"4425013049","properties":{"osmId":"4425013049","name":"فضائية تركمان ايلي - Turkmen Elli TV","heightM":null,"radioBand":"yes","countryCode":"IQ"},"geometry":{"type":"Point","coordinates":[44.3820947,35.452957]}},{"type":"Feature","id":"5024742721","properties":{"osmId":"5024742721","name":"اذاعة صوت البصرة","heightM":null,"radioBand":"yes","countryCode":"IQ"},"geometry":{"type":"Point","coordinates":[47.8086534,30.5438582]}},{"type":"Feature","id":"11813469155","properties":{"osmId":"11813469155","name":null,"heightM":15,"radioBand":"yes","countryCode":"IQ"},"geometry":{"type":"Point","coordinates":[47.6259769,30.126496]}},{"type":"Feature","id":"3918399145","properties":{"osmId":"3918399145","name":null,"heightM":null,"radioBand":"yes","countryCode":"IQ"},"geometry":{"type":"Point","coordinates":[43.6679968,30.7996655]}},{"type":"Feature","id":"4809842432","properties":{"osmId":"4809842432","name":null,"heightM":null,"radioBand":"yes","countryCode":"IQ"},"geometry":{"type":"Point","coordinates":[45.4701208,35.6312306]}},{"type":"Feature","id":"6358676526","properties":{"osmId":"6358676526","name":null,"heightM":null,"radioBand":"yes","countryCode":"IQ"},"geometry":{"type":"Point","coordinates":[44.3820913,35.4646299]}},{"type":"Feature","id":"7669290182","properties":{"osmId":"7669290182","name":null,"heightM":null,"radioBand":"yes","countryCode":"IQ"},"geometry":{"type":"Point","coordinates":[44.402538,35.4915659]}},{"type":"Feature","id":"10687787642","properties":{"osmId":"10687787642","name":null,"heightM":null,"radioBand":"yes","countryCode":"IQ"},"geometry":{"type":"Point","coordinates":[44.3977329,35.4900321]}},{"type":"Feature","id":"10687794353","properties":{"osmId":"10687794353","name":null,"heightM":null,"radioBand":"yes","countryCode":"IQ"},"geometry":{"type":"Point","coordinates":[44.3978849,35.4905544]}},{"type":"Feature","id":"10729009392","properties":{"osmId":"10729009392","name":null,"heightM":null,"radioBand":"yes","countryCode":"IQ"},"geometry":{"type":"Point","coordinates":[44.382209,35.4664948]}},{"type":"Feature","id":"13978934881","properties":{"osmId":"13978934881","name":null,"heightM":null,"radioBand":"yes","countryCode":"IQ"},"geometry":{"type":"Point","coordinates":[44.3584572,32.9992855]}},{"type":"Feature","id":"7136882084","properties":{"osmId":"7136882084","name":"برج الاتصالات","heightM":100,"radioBand":"yes","countryCode":"LY"},"geometry":{"type":"Point","coordinates":[14.0203064,31.7542139]}},{"type":"Feature","id":"1829701126","properties":{"osmId":"1829701126","name":null,"heightM":null,"radioBand":"yes","countryCode":"LY"},"geometry":{"type":"Point","coordinates":[12.338503,32.5983402]}},{"type":"Feature","id":"1829701150","properties":{"osmId":"1829701150","name":null,"heightM":null,"radioBand":"yes","countryCode":"LY"},"geometry":{"type":"Point","coordinates":[12.3545856,32.6008959]}},{"type":"Feature","id":"2187843064","properties":{"osmId":"2187843064","name":null,"heightM":null,"radioBand":"yes","countryCode":"LY"},"geometry":{"type":"Point","coordinates":[14.7203302,31.6708169]}},{"type":"Feature","id":"2783788677","properties":{"osmId":"2783788677","name":null,"heightM":null,"radioBand":"yes","countryCode":"LY"},"geometry":{"type":"Point","coordinates":[15.5887547,27.7136353]}},{"type":"Feature","id":"8446621761","properties":{"osmId":"8446621761","name":null,"heightM":null,"radioBand":"yes","countryCode":"LY"},"geometry":{"type":"Point","coordinates":[22.6494315,32.7514193]}},{"type":"Feature","id":"8887678791","properties":{"osmId":"8887678791","name":null,"heightM":null,"radioBand":"yes","countryCode":"LY"},"geometry":{"type":"Point","coordinates":[15.395819,30.5786819]}},{"type":"Feature","id":"9233244346","properties":{"osmId":"9233244346","name":null,"heightM":null,"radioBand":"yes","countryCode":"LY"},"geometry":{"type":"Point","coordinates":[19.8791004,30.3384348]}},{"type":"Feature","id":"9289965292","properties":{"osmId":"9289965292","name":null,"heightM":null,"radioBand":"yes","countryCode":"LY"},"geometry":{"type":"Point","coordinates":[21.2704818,32.6868051]}},{"type":"Feature","id":"9649064901","properties":{"osmId":"9649064901","name":null,"heightM":null,"radioBand":"yes","countryCode":"LY"},"geometry":{"type":"Point","coordinates":[20.0162541,30.5340852]}},{"type":"Feature","id":"9927274210","properties":{"osmId":"9927274210","name":null,"heightM":null,"radioBand":"yes","countryCode":"LY"},"geometry":{"type":"Point","coordinates":[12.6951094,32.0717086]}},{"type":"Feature","id":"379574181","properties":{"osmId":"379574181","name":"Antena TV din Strășeni","heightM":355,"radioBand":"fm","countryCode":"MD"},"geometry":{"type":"Point","coordinates":[28.5651892,47.1217049]}},{"type":"Feature","id":"2429809632","properties":{"osmId":"2429809632","name":"Radio-Telecentru Mîndreștii Noi","heightM":330,"radioBand":"fm","countryCode":"MD"},"geometry":{"type":"Point","coordinates":[28.0320362,47.7294736]}},{"type":"Feature","id":"309326129","properties":{"osmId":"309326129","name":"Turnul Căușeni","heightM":250,"radioBand":"fm","countryCode":"MD"},"geometry":{"type":"Point","coordinates":[29.4274649,46.6396914]}},{"type":"Feature","id":"266131422","properties":{"osmId":"266131422","name":"Turnul televiziune Cetireni","heightM":235,"radioBand":"fm","countryCode":"MD"},"geometry":{"type":"Point","coordinates":[27.8864746,47.2021702]}},{"type":"Feature","id":"266138000","properties":{"osmId":"266138000","name":"Radio-Telecentru Cimislia","heightM":208,"radioBand":"fm","countryCode":"MD"},"geometry":{"type":"Point","coordinates":[28.77221,46.5114831]}},{"type":"Feature","id":"266136183","properties":{"osmId":"266136183","name":"Radio-Telecentru Edineț","heightM":204,"radioBand":"fm","countryCode":"MD"},"geometry":{"type":"Point","coordinates":[27.2994734,48.1828878]}},{"type":"Feature","id":"300035744","properties":{"osmId":"300035744","name":"Turnul de televiziune din Chișinău","heightM":196,"radioBand":"fm","countryCode":"MD"},"geometry":{"type":"Point","coordinates":[28.8094164,47.000611]}},{"type":"Feature","id":"5240593848","properties":{"osmId":"5240593848","name":"AM-150","heightM":151,"radioBand":"yes","countryCode":"MD"},"geometry":{"type":"Point","coordinates":[29.4398296,47.2829265]}},{"type":"Feature","id":"10588748786","properties":{"osmId":"10588748786","name":"Radio-Telecentru Soroca","heightM":109,"radioBand":"fm","countryCode":"MD"},"geometry":{"type":"Point","coordinates":[28.2757733,48.1535676]}},{"type":"Feature","id":"5240593825","properties":{"osmId":"5240593825","name":"А 30-31","heightM":90,"radioBand":"yes","countryCode":"MD"},"geometry":{"type":"Point","coordinates":[29.4001492,47.2634248]}},{"type":"Feature","id":"266135241","properties":{"osmId":"266135241","name":"Retranslatorul Cornești","heightM":58,"radioBand":"fm","countryCode":"MD"},"geometry":{"type":"Point","coordinates":[28.0096775,47.3682278]}},{"type":"Feature","id":"1219024088","properties":{"osmId":"1219024088","name":"ИДК","heightM":50,"radioBand":"yes","countryCode":"MD"},"geometry":{"type":"Point","coordinates":[29.1031475,47.7076872]}},{"type":"Feature","id":"5376859740","properties":{"osmId":"5376859740","name":"IDC","heightM":25,"radioBand":"yes","countryCode":"MD"},"geometry":{"type":"Point","coordinates":[29.7475241,46.6815823]}},{"type":"Feature","id":"300035745","properties":{"osmId":"300035745","name":"Turnul de retranslare NIT","heightM":null,"radioBand":"yes","countryCode":"MD"},"geometry":{"type":"Point","coordinates":[28.8116266,46.9990523]}},{"type":"Feature","id":"11002099778","properties":{"osmId":"11002099778","name":null,"heightM":253,"radioBand":"am","countryCode":"MD"},"geometry":{"type":"Point","coordinates":[28.2759986,45.9349805]}},{"type":"Feature","id":"9349362738","properties":{"osmId":"9349362738","name":null,"heightM":245,"radioBand":"fm","countryCode":"MD"},"geometry":{"type":"Point","coordinates":[28.8269448,47.6675486]}},{"type":"Feature","id":"300035746","properties":{"osmId":"300035746","name":null,"heightM":150,"radioBand":"am","countryCode":"MD"},"geometry":{"type":"Point","coordinates":[28.8292224,46.9524933]}},{"type":"Feature","id":"1000676846","properties":{"osmId":"1000676846","name":null,"heightM":79,"radioBand":"fm","countryCode":"MD"},"geometry":{"type":"Point","coordinates":[28.7716304,46.5110478]}},{"type":"Feature","id":"385758239","properties":{"osmId":"385758239","name":null,"heightM":77,"radioBand":"yes","countryCode":"MD"},"geometry":{"type":"Point","coordinates":[28.8263372,46.9529875]}},{"type":"Feature","id":"1202057688","properties":{"osmId":"1202057688","name":null,"heightM":77,"radioBand":"am","countryCode":"MD"},"geometry":{"type":"Point","coordinates":[27.3013042,48.1829365]}},{"type":"Feature","id":"1248481043","properties":{"osmId":"1248481043","name":null,"heightM":75,"radioBand":"fm","countryCode":"MD"},"geometry":{"type":"Point","coordinates":[28.2773196,45.9341054]}},{"type":"Feature","id":"540974759","properties":{"osmId":"540974759","name":null,"heightM":70,"radioBand":"fm","countryCode":"MD"},"geometry":{"type":"Point","coordinates":[29.3621544,46.6682377]}},{"type":"Feature","id":"330856665","properties":{"osmId":"330856665","name":null,"heightM":55,"radioBand":"yes","countryCode":"MD"},"geometry":{"type":"Point","coordinates":[28.8297114,46.9538579]}},{"type":"Feature","id":"10592266050","properties":{"osmId":"10592266050","name":null,"heightM":45,"radioBand":"fm","countryCode":"MD"},"geometry":{"type":"Point","coordinates":[29.9192626,46.6234208]}},{"type":"Feature","id":"10592266051","properties":{"osmId":"10592266051","name":null,"heightM":40,"radioBand":"fm","countryCode":"MD"},"geometry":{"type":"Point","coordinates":[29.8987143,46.6239089]}},{"type":"Feature","id":"7229574894","properties":{"osmId":"7229574894","name":null,"heightM":null,"radioBand":"yes","countryCode":"MD"},"geometry":{"type":"Point","coordinates":[27.5747164,48.4643963]}},{"type":"Feature","id":"8661240092","properties":{"osmId":"8661240092","name":null,"heightM":null,"radioBand":"fm","countryCode":"MD"},"geometry":{"type":"Point","coordinates":[28.6795978,48.0160289]}},{"type":"Feature","id":"9364516544","properties":{"osmId":"9364516544","name":null,"heightM":null,"radioBand":"fm","countryCode":"MD"},"geometry":{"type":"Point","coordinates":[26.8328847,48.2806797]}},{"type":"Feature","id":"10588691300","properties":{"osmId":"10588691300","name":null,"heightM":null,"radioBand":"fm","countryCode":"MD"},"geometry":{"type":"Point","coordinates":[28.2182536,45.9213744]}},{"type":"Feature","id":"10588691301","properties":{"osmId":"10588691301","name":null,"heightM":null,"radioBand":"fm","countryCode":"MD"},"geometry":{"type":"Point","coordinates":[27.3263991,48.1641977]}},{"type":"Feature","id":"10588691302","properties":{"osmId":"10588691302","name":null,"heightM":null,"radioBand":"fm","countryCode":"MD"},"geometry":{"type":"Point","coordinates":[27.7981157,47.2052824]}},{"type":"Feature","id":"10588748787","properties":{"osmId":"10588748787","name":null,"heightM":null,"radioBand":"fm","countryCode":"MD"},"geometry":{"type":"Point","coordinates":[28.2830289,46.4884321]}},{"type":"Feature","id":"10592266045","properties":{"osmId":"10592266045","name":null,"heightM":null,"radioBand":"fm","countryCode":"MD"},"geometry":{"type":"Point","coordinates":[29.2371362,46.8746583]}},{"type":"Feature","id":"10592266046","properties":{"osmId":"10592266046","name":null,"heightM":null,"radioBand":"fm","countryCode":"MD"},"geometry":{"type":"Point","coordinates":[29.2264519,46.8763388]}},{"type":"Feature","id":"10592266047","properties":{"osmId":"10592266047","name":null,"heightM":null,"radioBand":"fm","countryCode":"MD"},"geometry":{"type":"Point","coordinates":[29.1402471,47.2310795]}},{"type":"Feature","id":"10592266048","properties":{"osmId":"10592266048","name":null,"heightM":null,"radioBand":"fm","countryCode":"MD"},"geometry":{"type":"Point","coordinates":[29.1494463,47.2253283]}},{"type":"Feature","id":"10592266049","properties":{"osmId":"10592266049","name":null,"heightM":null,"radioBand":"fm","countryCode":"MD"},"geometry":{"type":"Point","coordinates":[29.1551972,47.2199514]}},{"type":"Feature","id":"10592266052","properties":{"osmId":"10592266052","name":null,"heightM":null,"radioBand":"fm","countryCode":"MD"},"geometry":{"type":"Point","coordinates":[29.9082313,46.6215032]}},{"type":"Feature","id":"10713190668","properties":{"osmId":"10713190668","name":null,"heightM":null,"radioBand":"fm","countryCode":"MD"},"geometry":{"type":"Point","coordinates":[28.8548642,47.0054616]}},{"type":"Feature","id":"11731034817","properties":{"osmId":"11731034817","name":null,"heightM":null,"radioBand":"yes","countryCode":"MD"},"geometry":{"type":"Point","coordinates":[28.821106,47.0278387]}},{"type":"Feature","id":"11059050164","properties":{"osmId":"11059050164","name":null,"heightM":120,"radioBand":"yes","countryCode":"MM"},"geometry":{"type":"Point","coordinates":[95.9821608,21.8726212]}},{"type":"Feature","id":"3145402192","properties":{"osmId":"3145402192","name":null,"heightM":null,"radioBand":"yes","countryCode":"MM"},"geometry":{"type":"Point","coordinates":[96.1640675,16.8642013]}},{"type":"Feature","id":"3219038896","properties":{"osmId":"3219038896","name":null,"heightM":null,"radioBand":"yes","countryCode":"MM"},"geometry":{"type":"Point","coordinates":[96.549702,22.0133397]}},{"type":"Feature","id":"3219038898","properties":{"osmId":"3219038898","name":null,"heightM":null,"radioBand":"yes","countryCode":"MM"},"geometry":{"type":"Point","coordinates":[96.549443,22.0136586]}},{"type":"Feature","id":"3219038905","properties":{"osmId":"3219038905","name":null,"heightM":null,"radioBand":"yes","countryCode":"MM"},"geometry":{"type":"Point","coordinates":[96.5480708,22.0163574]}},{"type":"Feature","id":"3219038906","properties":{"osmId":"3219038906","name":null,"heightM":null,"radioBand":"yes","countryCode":"MM"},"geometry":{"type":"Point","coordinates":[96.5499831,22.0176433]}},{"type":"Feature","id":"3219038907","properties":{"osmId":"3219038907","name":null,"heightM":null,"radioBand":"yes","countryCode":"MM"},"geometry":{"type":"Point","coordinates":[96.5505342,22.0176913]}},{"type":"Feature","id":"3234152575","properties":{"osmId":"3234152575","name":null,"heightM":null,"radioBand":"yes","countryCode":"MM"},"geometry":{"type":"Point","coordinates":[96.1610246,16.863113]}},{"type":"Feature","id":"3234152576","properties":{"osmId":"3234152576","name":null,"heightM":null,"radioBand":"yes","countryCode":"MM"},"geometry":{"type":"Point","coordinates":[96.1617869,16.8631722]}},{"type":"Feature","id":"3234152577","properties":{"osmId":"3234152577","name":null,"heightM":null,"radioBand":"yes","countryCode":"MM"},"geometry":{"type":"Point","coordinates":[96.1626498,16.8632796]}},{"type":"Feature","id":"3234152580","properties":{"osmId":"3234152580","name":null,"heightM":null,"radioBand":"yes","countryCode":"MM"},"geometry":{"type":"Point","coordinates":[96.1615888,16.8658733]}},{"type":"Feature","id":"3234152582","properties":{"osmId":"3234152582","name":null,"heightM":null,"radioBand":"yes","countryCode":"MM"},"geometry":{"type":"Point","coordinates":[96.1619938,16.8658942]}},{"type":"Feature","id":"3234152599","properties":{"osmId":"3234152599","name":null,"heightM":null,"radioBand":"yes","countryCode":"MM"},"geometry":{"type":"Point","coordinates":[96.1638572,16.8665541]}},{"type":"Feature","id":"3234152601","properties":{"osmId":"3234152601","name":null,"heightM":null,"radioBand":"yes","countryCode":"MM"},"geometry":{"type":"Point","coordinates":[96.1628201,16.8665881]}},{"type":"Feature","id":"3234152603","properties":{"osmId":"3234152603","name":null,"heightM":null,"radioBand":"yes","countryCode":"MM"},"geometry":{"type":"Point","coordinates":[96.1628256,16.8667007]}},{"type":"Feature","id":"3234152604","properties":{"osmId":"3234152604","name":null,"heightM":null,"radioBand":"yes","countryCode":"MM"},"geometry":{"type":"Point","coordinates":[96.1636383,16.8666876]}},{"type":"Feature","id":"3234152607","properties":{"osmId":"3234152607","name":null,"heightM":null,"radioBand":"yes","countryCode":"MM"},"geometry":{"type":"Point","coordinates":[96.1638271,16.8667243]}},{"type":"Feature","id":"3234152608","properties":{"osmId":"3234152608","name":null,"heightM":null,"radioBand":"yes","countryCode":"MM"},"geometry":{"type":"Point","coordinates":[96.1651214,16.8667531]}},{"type":"Feature","id":"3234152609","properties":{"osmId":"3234152609","name":null,"heightM":null,"radioBand":"yes","countryCode":"MM"},"geometry":{"type":"Point","coordinates":[96.1636301,16.8667872]}},{"type":"Feature","id":"3234152611","properties":{"osmId":"3234152611","name":null,"heightM":null,"radioBand":"yes","countryCode":"MM"},"geometry":{"type":"Point","coordinates":[96.1651241,16.8668657]}},{"type":"Feature","id":"3234152626","properties":{"osmId":"3234152626","name":null,"heightM":null,"radioBand":"yes","countryCode":"MM"},"geometry":{"type":"Point","coordinates":[96.1615818,16.8677119]}},{"type":"Feature","id":"3234152630","properties":{"osmId":"3234152630","name":null,"heightM":null,"radioBand":"yes","countryCode":"MM"},"geometry":{"type":"Point","coordinates":[96.1605107,16.8676382]}},{"type":"Feature","id":"3234152632","properties":{"osmId":"3234152632","name":null,"heightM":null,"radioBand":"yes","countryCode":"MM"},"geometry":{"type":"Point","coordinates":[96.1610881,16.8677037]}},{"type":"Feature","id":"3234152635","properties":{"osmId":"3234152635","name":null,"heightM":null,"radioBand":"yes","countryCode":"MM"},"geometry":{"type":"Point","coordinates":[96.1594913,16.8683668]}},{"type":"Feature","id":"5672863221","properties":{"osmId":"5672863221","name":null,"heightM":null,"radioBand":"yes","countryCode":"MM"},"geometry":{"type":"Point","coordinates":[97.0545369,20.7820106]}},{"type":"Feature","id":"10069750675","properties":{"osmId":"10069750675","name":null,"heightM":null,"radioBand":"yes","countryCode":"MM"},"geometry":{"type":"Point","coordinates":[95.6826319,23.9021984]}},{"type":"Feature","id":"10110328070","properties":{"osmId":"10110328070","name":null,"heightM":null,"radioBand":"yes","countryCode":"MM"},"geometry":{"type":"Point","coordinates":[97.4487552,20.9624465]}},{"type":"Feature","id":"13010689891","properties":{"osmId":"13010689891","name":null,"heightM":null,"radioBand":"yes","countryCode":"MM"},"geometry":{"type":"Point","coordinates":[96.1621128,16.8677022]}},{"type":"Feature","id":"3179403962","properties":{"osmId":"3179403962","name":"RTCN Katowice/Kosztowy","heightM":358,"radioBand":"yes","countryCode":"PL"},"geometry":{"type":"Point","coordinates":[19.116679,50.1880902]}},{"type":"Feature","id":"1362176235","properties":{"osmId":"1362176235","name":"Radiowo-Telewizyjne Centrum Nadawcze Olsztyn Pieczewo","heightM":356.5,"radioBand":"yes","countryCode":"PL"},"geometry":{"type":"Point","coordinates":[20.5181435,53.7532982]}},{"type":"Feature","id":"1868637391","properties":{"osmId":"1868637391","name":"RTCN Piaski","heightM":342,"radioBand":"yes","countryCode":"PL"},"geometry":{"type":"Point","coordinates":[22.8701768,51.1303532]}},{"type":"Feature","id":"1648653535","properties":{"osmId":"1648653535","name":"RTCN Klepaczka / Wręczyca","heightM":340,"radioBand":"yes","countryCode":"PL"},"geometry":{"type":"Point","coordinates":[18.8635969,50.8469434]}},{"type":"Feature","id":"8494999495","properties":{"osmId":"8494999495","name":"RTCN Raszyn","heightM":335,"radioBand":"yes","countryCode":"PL"},"geometry":{"type":"Point","coordinates":[20.8839242,52.0726535]}},{"type":"Feature","id":"1274489056","properties":{"osmId":"1274489056","name":"RCN Solec Kujawski","heightM":330,"radioBand":"yes","countryCode":"PL"},"geometry":{"type":"Point","coordinates":[18.2591398,53.0225403]}},{"type":"Feature","id":"1891437938","properties":{"osmId":"1891437938","name":"RTCN Miłki","heightM":327,"radioBand":"yes","countryCode":"PL"},"geometry":{"type":"Point","coordinates":[21.8455554,53.9380694]}},{"type":"Feature","id":"599460891","properties":{"osmId":"599460891","name":"RTCN Bydgoszcz *Trzeciewiec*","heightM":320,"radioBand":"yes","countryCode":"PL"},"geometry":{"type":"Point","coordinates":[18.173997,53.2666046]}},{"type":"Feature","id":"1885001533","properties":{"osmId":"1885001533","name":"RTON Kisielice","heightM":320,"radioBand":"yes","countryCode":"PL"},"geometry":{"type":"Point","coordinates":[19.2186119,53.6139201]}},{"type":"Feature","id":"2457977058","properties":{"osmId":"2457977058","name":"RTCN Żółwieniec","heightM":320,"radioBand":"fm","countryCode":"PL"},"geometry":{"type":"Point","coordinates":[18.3279159,52.3987664]}},{"type":"Feature","id":"2996745920","properties":{"osmId":"2996745920","name":"RTCN Rusinowo","heightM":320,"radioBand":"yes","countryCode":"PL"},"geometry":{"type":"Point","coordinates":[16.2615591,53.1705957]}},{"type":"Feature","id":"6710993466","properties":{"osmId":"6710993466","name":"Radiowo-Telewizyjne Centrum Nadawcze Chwaszczyno","heightM":317,"radioBand":"yes","countryCode":"PL"},"geometry":{"type":"Point","coordinates":[18.4359367,54.4527443]}},{"type":"Feature","id":"8111336332","properties":{"osmId":"8111336332","name":"RTCN Łosice","heightM":313,"radioBand":"yes","countryCode":"PL"},"geometry":{"type":"Point","coordinates":[22.7827992,52.1857787]}},{"type":"Feature","id":"2525725201","properties":{"osmId":"2525725201","name":"RTCN Śrem","heightM":290,"radioBand":"yes","countryCode":"PL"},"geometry":{"type":"Point","coordinates":[16.9841408,52.1172584]}},{"type":"Feature","id":"1274489224","properties":{"osmId":"1274489224","name":"RCN Solec Kujawski","heightM":289,"radioBand":"yes","countryCode":"PL"},"geometry":{"type":"Point","coordinates":[18.262317,53.0202658]}},{"type":"Feature","id":"1435222520","properties":{"osmId":"1435222520","name":"RTCN Kraków Chorągwica","heightM":286,"radioBand":"yes","countryCode":"PL"},"geometry":{"type":"Point","coordinates":[20.0819002,49.9586299]}},{"type":"Feature","id":"3770729956","properties":{"osmId":"3770729956","name":"RTCN Żagań-Wichów","heightM":280,"radioBand":"yes","countryCode":"PL"},"geometry":{"type":"Point","coordinates":[15.4800049,51.7471544]}},{"type":"Feature","id":"3072111720","properties":{"osmId":"3072111720","name":"RTCN Mikstat","heightM":273,"radioBand":"yes","countryCode":"PL"},"geometry":{"type":"Point","coordinates":[17.9941651,51.5321935]}},{"type":"Feature","id":"2434476857","properties":{"osmId":"2434476857","name":"Nadajniki Radiowe Gołogóra","heightM":270,"radioBand":"yes","countryCode":"PL"},"geometry":{"type":"Point","coordinates":[16.7382978,54.0039106]}},{"type":"Feature","id":"3330024351","properties":{"osmId":"3330024351","name":"RTCN Rachocin","heightM":261,"radioBand":"yes","countryCode":"PL"},"geometry":{"type":"Point","coordinates":[19.6497723,52.8908836]}},{"type":"Feature","id":"2372785777","properties":{"osmId":"2372785777","name":"RTCN Góra Krzemianucha","heightM":232,"radioBand":"yes","countryCode":"PL"},"geometry":{"type":"Point","coordinates":[22.8726965,54.1959986]}},{"type":"Feature","id":"4924774359","properties":{"osmId":"4924774359","name":"RTCN Chrzelice","heightM":221,"radioBand":"fm","countryCode":"PL"},"geometry":{"type":"Point","coordinates":[17.7281208,50.4954435]}},{"type":"Feature","id":"3233121683","properties":{"osmId":"3233121683","name":"RTCN Ryki","heightM":215,"radioBand":"yes","countryCode":"PL"},"geometry":{"type":"Point","coordinates":[21.9689699,51.6229156]}},{"type":"Feature","id":"3298037724","properties":{"osmId":"3298037724","name":"RTON Ławy","heightM":140,"radioBand":"yes","countryCode":"PL"},"geometry":{"type":"Point","coordinates":[21.6284004,53.0784911]}},{"type":"Feature","id":"383886119","properties":{"osmId":"383886119","name":"RTON Nowa Karczma","heightM":134,"radioBand":"yes","countryCode":"PL"},"geometry":{"type":"Point","coordinates":[15.1740493,51.1498304]}},{"type":"Feature","id":"2119823403","properties":{"osmId":"2119823403","name":"RTCN Giedlarowa","heightM":130,"radioBand":"yes","countryCode":"PL"},"geometry":{"type":"Point","coordinates":[22.4051228,50.2482028]}},{"type":"Feature","id":"1796071124","properties":{"osmId":"1796071124","name":"RON Kraków Malczewskiego","heightM":123,"radioBand":"yes","countryCode":"PL"},"geometry":{"type":"Point","coordinates":[19.9017572,50.0503069]}},{"type":"Feature","id":"3002590121","properties":{"osmId":"3002590121","name":"RTON Słupsk Bierkowo","heightM":122,"radioBand":"yes","countryCode":"PL"},"geometry":{"type":"Point","coordinates":[16.9417607,54.4854739]}},{"type":"Feature","id":"4064248338","properties":{"osmId":"4064248338","name":"RTCN Gołańcz *Chojna*","heightM":120,"radioBand":"yes","countryCode":"PL"},"geometry":{"type":"Point","coordinates":[17.2903387,53.0131529]}},{"type":"Feature","id":"4584164707","properties":{"osmId":"4584164707","name":"RTON Elbląg *Jagodnik*","heightM":115,"radioBand":"yes","countryCode":"PL"},"geometry":{"type":"Point","coordinates":[19.4936524,54.2069213]}},{"type":"Feature","id":"2434476854","properties":{"osmId":"2434476854","name":"Nadajniki Radiowe Gołogóra","heightM":114.8,"radioBand":"yes","countryCode":"PL"},"geometry":{"type":"Point","coordinates":[16.7380618,54.0037607]}},{"type":"Feature","id":"2217179686","properties":{"osmId":"2217179686","name":"Radiowa Stacja Nadawcza Warszewo","heightM":114,"radioBand":"fm","countryCode":"PL"},"geometry":{"type":"Point","coordinates":[14.5440077,53.4751886]}},{"type":"Feature","id":"7376034624","properties":{"osmId":"7376034624","name":"Radiostacja Gliwicka","heightM":112,"radioBand":"yes","countryCode":"PL"},"geometry":{"type":"Point","coordinates":[18.6887638,50.3133336]}},{"type":"Feature","id":"2115088512","properties":{"osmId":"2115088512","name":"RON Gorzów Wielkopolski *Podmiejska*","heightM":107,"radioBand":"yes","countryCode":"PL"},"geometry":{"type":"Point","coordinates":[15.2593263,52.7379563]}},{"type":"Feature","id":"3152548300","properties":{"osmId":"3152548300","name":"Radio-telewizyjny Ośrodek Nadawczy Skórowo Nowe","heightM":97,"radioBand":"digital","countryCode":"PL"},"geometry":{"type":"Point","coordinates":[17.4982875,54.495068]}},{"type":"Feature","id":"1493614856","properties":{"osmId":"1493614856","name":"RTON Ciechanów *Monte Cassino*","heightM":96,"radioBand":"yes","countryCode":"PL"},"geometry":{"type":"Point","coordinates":[20.5802738,52.8720065]}},{"type":"Feature","id":"3676488185","properties":{"osmId":"3676488185","name":"RTON Gdańsk *Jaśkowa Kopa*","heightM":94,"radioBand":"yes","countryCode":"PL"},"geometry":{"type":"Point","coordinates":[18.6019423,54.366784]}},{"type":"Feature","id":"2101395122","properties":{"osmId":"2101395122","name":"SLR Chełm *Kumowa Dolina*","heightM":93,"radioBand":"yes","countryCode":"PL"},"geometry":{"type":"Point","coordinates":[23.4205721,51.1470507]}},{"type":"Feature","id":"1317077147","properties":{"osmId":"1317077147","name":"RTON Góra Świętego Marcina","heightM":90,"radioBand":"fm;dab","countryCode":"PL"},"geometry":{"type":"Point","coordinates":[21.0127227,49.9838017]}},{"type":"Feature","id":"393334588","properties":{"osmId":"393334588","name":"RTON Przehyba","heightM":87,"radioBand":"yes","countryCode":"PL"},"geometry":{"type":"Point","coordinates":[20.554041,49.4672187]}},{"type":"Feature","id":"1163325047","properties":{"osmId":"1163325047","name":"RTON Skrzyczne","heightM":87,"radioBand":"yes","countryCode":"PL"},"geometry":{"type":"Point","coordinates":[19.029693,49.685177]}},{"type":"Feature","id":"2970371308","properties":{"osmId":"2970371308","name":"RTON Góra Parkowa","heightM":86,"radioBand":"yes","countryCode":"PL"},"geometry":{"type":"Point","coordinates":[16.2500758,50.4459763]}},{"type":"Feature","id":"11285776997","properties":{"osmId":"11285776997","name":"RON Biała Podlaska *al. Solidarności*","heightM":83,"radioBand":"yes","countryCode":"PL"},"geometry":{"type":"Point","coordinates":[23.1875842,52.0379066]}},{"type":"Feature","id":"2615690101","properties":{"osmId":"2615690101","name":"RON Giżycko *1 Maja*","heightM":81,"radioBand":"yes","countryCode":"PL"},"geometry":{"type":"Point","coordinates":[21.7742772,54.0428924]}},{"type":"Feature","id":"1401967128","properties":{"osmId":"1401967128","name":"RTON Biała Podlaska *Warszawska*","heightM":80,"radioBand":"yes","countryCode":"PL"},"geometry":{"type":"Point","coordinates":[23.0702189,52.0342279]}},{"type":"Feature","id":"1697500960","properties":{"osmId":"1697500960","name":"SLR Bydgoszcz *Chodkiewicza*","heightM":80,"radioBand":"yes","countryCode":"PL"},"geometry":{"type":"Point","coordinates":[18.0289249,53.1326623]}},{"type":"Feature","id":"2389240528","properties":{"osmId":"2389240528","name":"Maszt radiowy w Wilkanowie","heightM":78,"radioBand":"yes","countryCode":"PL"},"geometry":{"type":"Point","coordinates":[15.460833,51.915264]}},{"type":"Feature","id":"7781167272","properties":{"osmId":"7781167272","name":"Szyb Jedłownik","heightM":76,"radioBand":"yes","countryCode":"PL"},"geometry":{"type":"Point","coordinates":[18.4377856,50.0143505]}},{"type":"Feature","id":"11290386851","properties":{"osmId":"11290386851","name":"Wieża Osielsko, Czarnówczyn","heightM":75,"radioBand":"yes","countryCode":"PL"},"geometry":{"type":"Point","coordinates":[18.0824287,53.1691683]}},{"type":"Feature","id":"1843364360","properties":{"osmId":"1843364360","name":"SLR Chełmce","heightM":74,"radioBand":"yes","countryCode":"PL"},"geometry":{"type":"Point","coordinates":[18.1673699,51.7012764]}},{"type":"Feature","id":"4559957162","properties":{"osmId":"4559957162","name":"SLR Bytów *Wojsk*","heightM":72,"radioBand":"yes","countryCode":"PL"},"geometry":{"type":"Point","coordinates":[17.425196,54.0540411]}},{"type":"Feature","id":"10294790307","properties":{"osmId":"10294790307","name":"TON Kazimierza Wielka *Plechów*","heightM":72,"radioBand":"yes","countryCode":"PL"},"geometry":{"type":"Point","coordinates":[20.5327515,50.2230012]}},{"type":"Feature","id":"4993427503","properties":{"osmId":"4993427503","name":"Wieża Kratowa Polkomtel","heightM":71.2,"radioBand":"yes","countryCode":"PL"},"geometry":{"type":"Point","coordinates":[21.7319742,50.3474689]}},{"type":"Feature","id":"1642422128","properties":{"osmId":"1642422128","name":"RTON Białystok/Cieszyńska","heightM":71,"radioBand":"yes","countryCode":"PL"},"geometry":{"type":"Point","coordinates":[23.1495345,53.1271525]}},{"type":"Feature","id":"2939862400","properties":{"osmId":"2939862400","name":"TON Błeszno","heightM":71,"radioBand":"yes","countryCode":"PL"},"geometry":{"type":"Point","coordinates":[19.1458384,50.7732942]}},{"type":"Feature","id":"1631828383","properties":{"osmId":"1631828383","name":"RkCN Gdynia Oksywie","heightM":70,"radioBand":"yes","countryCode":"PL"},"geometry":{"type":"Point","coordinates":[18.5358525,54.5449978]}},{"type":"Feature","id":"10773946957","properties":{"osmId":"10773946957","name":"Emitel","heightM":69,"radioBand":"yes","countryCode":"PL"},"geometry":{"type":"Point","coordinates":[18.43646,50.891104]}},{"type":"Feature","id":"3528868464","properties":{"osmId":"3528868464","name":"TSR Bogatynia *Góra Wysoka*","heightM":67,"radioBand":"yes","countryCode":"PL"},"geometry":{"type":"Point","coordinates":[14.9902678,50.8769219]}},{"type":"Feature","id":"11370535384","properties":{"osmId":"11370535384","name":"SLR Głubczyce *Fabryczna*","heightM":65,"radioBand":"yes","countryCode":"PL"},"geometry":{"type":"Point","coordinates":[17.8272197,50.1988139]}},{"type":"Feature","id":"6110648027","properties":{"osmId":"6110648027","name":"RON Tarnów Lichwin","heightM":61,"radioBand":"yes","countryCode":"PL"},"geometry":{"type":"Point","coordinates":[20.928376,49.8917082]}},{"type":"Feature","id":"1805035321","properties":{"osmId":"1805035321","name":"Gdynia/Oksywie","heightM":60,"radioBand":"yes","countryCode":"PL"},"geometry":{"type":"Point","coordinates":[18.5362053,54.5458913]}},{"type":"Feature","id":"11370607946","properties":{"osmId":"11370607946","name":"RON Hrubieszów *Nieledew*","heightM":60,"radioBand":"yes","countryCode":"PL"},"geometry":{"type":"Point","coordinates":[23.7782749,50.8166198]}},{"type":"Feature","id":"11330767106","properties":{"osmId":"11330767106","name":"RON Garwolin","heightM":54,"radioBand":"yes","countryCode":"PL"},"geometry":{"type":"Point","coordinates":[21.705801,51.8492656]}},{"type":"Feature","id":"10773946956","properties":{"osmId":"10773946956","name":"T-Mobile","heightM":53,"radioBand":"yes","countryCode":"PL"},"geometry":{"type":"Point","coordinates":[18.4072491,50.886333]}},{"type":"Feature","id":"7550754206","properties":{"osmId":"7550754206","name":"Końskie/Kupimierz","heightM":51,"radioBand":"yes","countryCode":"PL"},"geometry":{"type":"Point","coordinates":[20.4768337,51.2987688]}},{"type":"Feature","id":"6529936112","properties":{"osmId":"6529936112","name":"Radio Bielsko","heightM":50,"radioBand":"yes","countryCode":"PL"},"geometry":{"type":"Point","coordinates":[19.000813,49.7611213]}},{"type":"Feature","id":"3698345185","properties":{"osmId":"3698345185","name":"Przemyśl *Średnia*","heightM":35,"radioBand":"yes","countryCode":"PL"},"geometry":{"type":"Point","coordinates":[22.5741773,49.8387667]}},{"type":"Feature","id":"7529668509","properties":{"osmId":"7529668509","name":"TSR Krynica-Góra Parkowa","heightM":35,"radioBand":"yes","countryCode":"PL"},"geometry":{"type":"Point","coordinates":[20.9660304,49.4154466]}},{"type":"Feature","id":"1210573093","properties":{"osmId":"1210573093","name":"RMF FM","heightM":30,"radioBand":"yes","countryCode":"PL"},"geometry":{"type":"Point","coordinates":[18.995347,49.7397199]}},{"type":"Feature","id":"2588832587","properties":{"osmId":"2588832587","name":"Wieża obserwacyjna p-poż.","heightM":30,"radioBand":"yes","countryCode":"PL"},"geometry":{"type":"Point","coordinates":[18.7987465,51.1548922]}},{"type":"Feature","id":"2930236939","properties":{"osmId":"2930236939","name":"TSR Solina Góra Jawor","heightM":25,"radioBand":"yes","countryCode":"PL"},"geometry":{"type":"Point","coordinates":[22.4689064,49.3917831]}},{"type":"Feature","id":"2991570773","properties":{"osmId":"2991570773","name":"TSR Majdan/Liszna","heightM":25,"radioBand":"yes","countryCode":"PL"},"geometry":{"type":"Point","coordinates":[22.3021643,49.2007024]}},{"type":"Feature","id":"11875873088","properties":{"osmId":"11875873088","name":"SLR Bielsko-Biała Szyndzielnia","heightM":25,"radioBand":"yes","countryCode":"PL"},"geometry":{"type":"Point","coordinates":[19.0013365,49.7605559]}},{"type":"Feature","id":"9099961846","properties":{"osmId":"9099961846","name":"Radio Lutnia 90.8 MHz","heightM":22,"radioBand":"yes","countryCode":"PL"},"geometry":{"type":"Point","coordinates":[19.4730068,51.7800032]}},{"type":"Feature","id":"4469988987","properties":{"osmId":"4469988987","name":"SP5QWJ, SP5EBB","heightM":10,"radioBand":"yes","countryCode":"PL"},"geometry":{"type":"Point","coordinates":[20.6540579,52.1361782]}},{"type":"Feature","id":"4982667501","properties":{"osmId":"4982667501","name":"masz dystrybucji internetu galatea.pl","heightM":7,"radioBand":"yes","countryCode":"PL"},"geometry":{"type":"Point","coordinates":[19.4594205,51.8797958]}},{"type":"Feature","id":"7550743452","properties":{"osmId":"7550743452","name":"Końskie - Wieża Ciśnień","heightM":5,"radioBand":"yes","countryCode":"PL"},"geometry":{"type":"Point","coordinates":[20.3872202,51.1920258]}},{"type":"Feature","id":"1054088838","properties":{"osmId":"1054088838","name":"Stacja Linii Radiowych Kazimierz Dolny/Góry I","heightM":null,"radioBand":"yes","countryCode":"PL"},"geometry":{"type":"Point","coordinates":[21.9686512,51.3254871]}},{"type":"Feature","id":"2038429632","properties":{"osmId":"2038429632","name":"SLR Szamotuły","heightM":null,"radioBand":"yes","countryCode":"PL"},"geometry":{"type":"Point","coordinates":[16.5846658,52.6124585]}},{"type":"Feature","id":"2151514906","properties":{"osmId":"2151514906","name":"Maszt radiowy","heightM":null,"radioBand":"yes","countryCode":"PL"},"geometry":{"type":"Point","coordinates":[18.6039258,53.0282866]}},{"type":"Feature","id":"3010901405","properties":{"osmId":"3010901405","name":"TSR Wysokie","heightM":null,"radioBand":"yes","countryCode":"PL"},"geometry":{"type":"Point","coordinates":[20.5606222,49.6552686]}},{"type":"Feature","id":"3903515093","properties":{"osmId":"3903515093","name":"SLR Bobrowniki","heightM":null,"radioBand":"yes","countryCode":"PL"},"geometry":{"type":"Point","coordinates":[18.957316,52.7814564]}},{"type":"Feature","id":"3924645229","properties":{"osmId":"3924645229","name":"87.8 RMF Classic","heightM":null,"radioBand":"yes","countryCode":"PL"},"geometry":{"type":"Point","coordinates":[19.8944163,50.054679]}},{"type":"Feature","id":"4632601454","properties":{"osmId":"4632601454","name":"Maszt GPS","heightM":null,"radioBand":"yes","countryCode":"PL"},"geometry":{"type":"Point","coordinates":[21.2485856,51.1537332]}},{"type":"Feature","id":"5034351467","properties":{"osmId":"5034351467","name":"SLR Leżajsk Mickiewicza","heightM":null,"radioBand":"yes","countryCode":"PL"},"geometry":{"type":"Point","coordinates":[22.4214286,50.2594137]}},{"type":"Feature","id":"6359383730","properties":{"osmId":"6359383730","name":"Antena DVOR/DME","heightM":null,"radioBand":"yes","countryCode":"PL"},"geometry":{"type":"Point","coordinates":[22.6854732,51.2361568]}},{"type":"Feature","id":"8237207219","properties":{"osmId":"8237207219","name":"Radioprzemiennik PSP Sanok","heightM":null,"radioBand":"yes","countryCode":"PL"},"geometry":{"type":"Point","coordinates":[22.0816142,49.4810681]}},{"type":"Feature","id":"8990470418","properties":{"osmId":"8990470418","name":"TSR Chruślice","heightM":null,"radioBand":"yes","countryCode":"PL"},"geometry":{"type":"Point","coordinates":[20.7379602,49.6333758]}},{"type":"Feature","id":"11288236129","properties":{"osmId":"11288236129","name":"Braniewo *Zawierz*","heightM":null,"radioBand":"yes","countryCode":"PL"},"geometry":{"type":"Point","coordinates":[19.7855999,54.3154358]}},{"type":"Feature","id":"12614208858","properties":{"osmId":"12614208858","name":"sp6pwt","heightM":null,"radioBand":"yes","countryCode":"PL"},"geometry":{"type":"Point","coordinates":[17.0864678,51.1034097]}},{"type":"Feature","id":"2996689746","properties":{"osmId":"2996689746","name":null,"heightM":331,"radioBand":"yes","countryCode":"PL"},"geometry":{"type":"Point","coordinates":[23.0267584,53.2315244]}},{"type":"Feature","id":"2422742872","properties":{"osmId":"2422742872","name":null,"heightM":314,"radioBand":"yes","countryCode":"PL"},"geometry":{"type":"Point","coordinates":[15.2762733,52.3467879]}},{"type":"Feature","id":"482300855","properties":{"osmId":"482300855","name":null,"heightM":267,"radioBand":"yes","countryCode":"PL"},"geometry":{"type":"Point","coordinates":[14.6748051,53.3337504]}},{"type":"Feature","id":"6157727426","properties":{"osmId":"6157727426","name":null,"heightM":213,"radioBand":"yes","countryCode":"PL"},"geometry":{"type":"Point","coordinates":[20.5722808,51.3585994]}},{"type":"Feature","id":"1275812067","properties":{"osmId":"1275812067","name":null,"heightM":209,"radioBand":"yes","countryCode":"PL"},"geometry":{"type":"Point","coordinates":[15.6831631,53.884926]}},{"type":"Feature","id":"1886586116","properties":{"osmId":"1886586116","name":null,"heightM":154,"radioBand":"yes","countryCode":"PL"},"geometry":{"type":"Point","coordinates":[23.3974247,50.5234069]}},{"type":"Feature","id":"4552487437","properties":{"osmId":"4552487437","name":null,"heightM":110,"radioBand":"yes","countryCode":"PL"},"geometry":{"type":"Point","coordinates":[16.5976869,51.8410077]}},{"type":"Feature","id":"2996689745","properties":{"osmId":"2996689745","name":null,"heightM":102,"radioBand":"yes","countryCode":"PL"},"geometry":{"type":"Point","coordinates":[23.0262437,53.2313179]}},{"type":"Feature","id":"2996689734","properties":{"osmId":"2996689734","name":null,"heightM":100,"radioBand":"yes","countryCode":"PL"},"geometry":{"type":"Point","coordinates":[23.025754,53.2307537]}},{"type":"Feature","id":"1584544190","properties":{"osmId":"1584544190","name":null,"heightM":90,"radioBand":"yes","countryCode":"PL"},"geometry":{"type":"Point","coordinates":[19.1220502,50.3076256]}},{"type":"Feature","id":"1892847774","properties":{"osmId":"1892847774","name":null,"heightM":90,"radioBand":"yes","countryCode":"PL"},"geometry":{"type":"Point","coordinates":[18.9438714,53.3782699]}},{"type":"Feature","id":"2540202102","properties":{"osmId":"2540202102","name":null,"heightM":90,"radioBand":"yes","countryCode":"PL"},"geometry":{"type":"Point","coordinates":[22.3283141,53.8759887]}},{"type":"Feature","id":"3397954129","properties":{"osmId":"3397954129","name":null,"heightM":88,"radioBand":"yes","countryCode":"PL"},"geometry":{"type":"Point","coordinates":[22.7660254,49.7735956]}},{"type":"Feature","id":"2633838501","properties":{"osmId":"2633838501","name":null,"heightM":81,"radioBand":"yes","countryCode":"PL"},"geometry":{"type":"Point","coordinates":[21.7860542,54.05554]}},{"type":"Feature","id":"11883134303","properties":{"osmId":"11883134303","name":null,"heightM":78,"radioBand":"yes","countryCode":"PL"},"geometry":{"type":"Point","coordinates":[18.0092653,51.032519]}},{"type":"Feature","id":"7550795293","properties":{"osmId":"7550795293","name":null,"heightM":75,"radioBand":"yes","countryCode":"PL"},"geometry":{"type":"Point","coordinates":[20.2437252,50.8056046]}},{"type":"Feature","id":"7085882729","properties":{"osmId":"7085882729","name":null,"heightM":72,"radioBand":"yes","countryCode":"PL"},"geometry":{"type":"Point","coordinates":[17.5814829,53.6936708]}},{"type":"Feature","id":"5270742748","properties":{"osmId":"5270742748","name":null,"heightM":70,"radioBand":"yes","countryCode":"PL"},"geometry":{"type":"Point","coordinates":[15.2099651,53.9295851]}},{"type":"Feature","id":"12459596357","properties":{"osmId":"12459596357","name":null,"heightM":70,"radioBand":"yes","countryCode":"PL"},"geometry":{"type":"Point","coordinates":[22.7696907,52.5488442]}},{"type":"Feature","id":"11395719760","properties":{"osmId":"11395719760","name":null,"heightM":69,"radioBand":"yes","countryCode":"PL"},"geometry":{"type":"Point","coordinates":[15.8015573,50.9607052]}},{"type":"Feature","id":"9211246650","properties":{"osmId":"9211246650","name":null,"heightM":68,"radioBand":"yes","countryCode":"PL"},"geometry":{"type":"Point","coordinates":[23.0740823,52.0347057]}},{"type":"Feature","id":"12021283956","properties":{"osmId":"12021283956","name":null,"heightM":66,"radioBand":"yes","countryCode":"PL"},"geometry":{"type":"Point","coordinates":[23.2643558,50.714173]}},{"type":"Feature","id":"4176396876","properties":{"osmId":"4176396876","name":null,"heightM":63,"radioBand":"yes","countryCode":"PL"},"geometry":{"type":"Point","coordinates":[16.0059547,51.5971]}},{"type":"Feature","id":"4687115548","properties":{"osmId":"4687115548","name":null,"heightM":62,"radioBand":"yes","countryCode":"PL"},"geometry":{"type":"Point","coordinates":[15.7973534,50.9612673]}},{"type":"Feature","id":"11395678543","properties":{"osmId":"11395678543","name":null,"heightM":62,"radioBand":"yes","countryCode":"PL"},"geometry":{"type":"Point","coordinates":[17.4811099,52.7535108]}},{"type":"Feature","id":"2734043942","properties":{"osmId":"2734043942","name":null,"heightM":61,"radioBand":"yes","countryCode":"PL"},"geometry":{"type":"Point","coordinates":[14.6752683,53.3336409]}},{"type":"Feature","id":"9460210329","properties":{"osmId":"9460210329","name":null,"heightM":60,"radioBand":"yes","countryCode":"PL"},"geometry":{"type":"Point","coordinates":[18.2745689,52.7723527]}},{"type":"Feature","id":"10142254998","properties":{"osmId":"10142254998","name":null,"heightM":55,"radioBand":"yes","countryCode":"PL"},"geometry":{"type":"Point","coordinates":[23.5619767,51.5584521]}},{"type":"Feature","id":"8405818682","properties":{"osmId":"8405818682","name":null,"heightM":54,"radioBand":"yes","countryCode":"PL"},"geometry":{"type":"Point","coordinates":[23.6386171,51.4733421]}},{"type":"Feature","id":"11289904366","properties":{"osmId":"11289904366","name":null,"heightM":54,"radioBand":"yes","countryCode":"PL"},"geometry":{"type":"Point","coordinates":[17.5584406,50.7944383]}},{"type":"Feature","id":"11299016190","properties":{"osmId":"11299016190","name":null,"heightM":54,"radioBand":"yes","countryCode":"PL"},"geometry":{"type":"Point","coordinates":[16.4120114,54.4108873]}},{"type":"Feature","id":"6516161049","properties":{"osmId":"6516161049","name":null,"heightM":53,"radioBand":"yes","countryCode":"PL"},"geometry":{"type":"Point","coordinates":[16.3977049,50.4078464]}},{"type":"Feature","id":"11285710903","properties":{"osmId":"11285710903","name":null,"heightM":50,"radioBand":"yes","countryCode":"PL"},"geometry":{"type":"Point","coordinates":[20.8038754,54.265361]}},{"type":"Feature","id":"11286333998","properties":{"osmId":"11286333998","name":null,"heightM":50,"radioBand":"yes","countryCode":"PL"},"geometry":{"type":"Point","coordinates":[23.202185,52.7453728]}},{"type":"Feature","id":"11288118738","properties":{"osmId":"11288118738","name":null,"heightM":50,"radioBand":"yes","countryCode":"PL"},"geometry":{"type":"Point","coordinates":[15.5886578,51.2652366]}},{"type":"Feature","id":"11292220263","properties":{"osmId":"11292220263","name":null,"heightM":47,"radioBand":"yes","countryCode":"PL"},"geometry":{"type":"Point","coordinates":[22.512301,52.674745]}},{"type":"Feature","id":"2201188654","properties":{"osmId":"2201188654","name":null,"heightM":45,"radioBand":"yes","countryCode":"PL"},"geometry":{"type":"Point","coordinates":[15.1906542,53.9039321]}},{"type":"Feature","id":"2382089722","properties":{"osmId":"2382089722","name":null,"heightM":45,"radioBand":"yes","countryCode":"PL"},"geometry":{"type":"Point","coordinates":[18.1548497,50.4657326]}},{"type":"Feature","id":"3903418493","properties":{"osmId":"3903418493","name":null,"heightM":45,"radioBand":"yes","countryCode":"PL"},"geometry":{"type":"Point","coordinates":[19.9402272,53.5494056]}},{"type":"Feature","id":"6186034446","properties":{"osmId":"6186034446","name":null,"heightM":45,"radioBand":"yes","countryCode":"PL"},"geometry":{"type":"Point","coordinates":[21.2589152,51.1574106]}},{"type":"Feature","id":"6459793387","properties":{"osmId":"6459793387","name":null,"heightM":45,"radioBand":"yes","countryCode":"PL"},"geometry":{"type":"Point","coordinates":[17.7045607,51.0709873]}},{"type":"Feature","id":"7515947021","properties":{"osmId":"7515947021","name":null,"heightM":45,"radioBand":"yes","countryCode":"PL"},"geometry":{"type":"Point","coordinates":[18.3397029,52.1895862]}},{"type":"Feature","id":"9002304654","properties":{"osmId":"9002304654","name":null,"heightM":45,"radioBand":"yes","countryCode":"PL"},"geometry":{"type":"Point","coordinates":[22.9408552,51.5908796]}},{"type":"Feature","id":"9005128229","properties":{"osmId":"9005128229","name":null,"heightM":45,"radioBand":"yes","countryCode":"PL"},"geometry":{"type":"Point","coordinates":[22.9300264,51.6472191]}},{"type":"Feature","id":"7653853486","properties":{"osmId":"7653853486","name":null,"heightM":42,"radioBand":"yes","countryCode":"PL"},"geometry":{"type":"Point","coordinates":[15.7390669,50.8964368]}},{"type":"Feature","id":"2957740728","properties":{"osmId":"2957740728","name":null,"heightM":40,"radioBand":"yes","countryCode":"PL"},"geometry":{"type":"Point","coordinates":[22.4928156,49.3840651]}},{"type":"Feature","id":"5516867160","properties":{"osmId":"5516867160","name":null,"heightM":40,"radioBand":"yes","countryCode":"PL"},"geometry":{"type":"Point","coordinates":[18.2290541,54.5907459]}},{"type":"Feature","id":"5677856075","properties":{"osmId":"5677856075","name":null,"heightM":40,"radioBand":"yes","countryCode":"PL"},"geometry":{"type":"Point","coordinates":[20.8114363,50.4611058]}},{"type":"Feature","id":"8988630073","properties":{"osmId":"8988630073","name":null,"heightM":40,"radioBand":"yes","countryCode":"PL"},"geometry":{"type":"Point","coordinates":[22.8831264,51.6301401]}},{"type":"Feature","id":"11285951836","properties":{"osmId":"11285951836","name":null,"heightM":38,"radioBand":"yes","countryCode":"PL"},"geometry":{"type":"Point","coordinates":[23.8774514,52.6975895]}},{"type":"Feature","id":"1831448569","properties":{"osmId":"1831448569","name":null,"heightM":35,"radioBand":"yes","countryCode":"PL"},"geometry":{"type":"Point","coordinates":[19.129632,49.7773703]}},{"type":"Feature","id":"9029203232","properties":{"osmId":"9029203232","name":null,"heightM":35,"radioBand":"yes","countryCode":"PL"},"geometry":{"type":"Point","coordinates":[22.8885088,51.6420711]}},{"type":"Feature","id":"9297718813","properties":{"osmId":"9297718813","name":null,"heightM":35,"radioBand":"yes","countryCode":"PL"},"geometry":{"type":"Point","coordinates":[23.5533931,51.5581444]}},{"type":"Feature","id":"10560338984","properties":{"osmId":"10560338984","name":null,"heightM":33,"radioBand":"yes","countryCode":"PL"},"geometry":{"type":"Point","coordinates":[19.0261346,49.7838048]}},{"type":"Feature","id":"4185743677","properties":{"osmId":"4185743677","name":null,"heightM":31,"radioBand":"yes","countryCode":"PL"},"geometry":{"type":"Point","coordinates":[17.4324761,50.4260534]}},{"type":"Feature","id":"2085250854","properties":{"osmId":"2085250854","name":null,"heightM":30,"radioBand":"yes","countryCode":"PL"},"geometry":{"type":"Point","coordinates":[22.043624,49.9876484]}},{"type":"Feature","id":"3805599147","properties":{"osmId":"3805599147","name":null,"heightM":30,"radioBand":"yes","countryCode":"PL"},"geometry":{"type":"Point","coordinates":[17.9628198,53.1133254]}},{"type":"Feature","id":"4070506914","properties":{"osmId":"4070506914","name":null,"heightM":30,"radioBand":"yes","countryCode":"PL"},"geometry":{"type":"Point","coordinates":[21.8329533,49.7388214]}},{"type":"Feature","id":"8169115498","properties":{"osmId":"8169115498","name":null,"heightM":30,"radioBand":"yes","countryCode":"PL"},"geometry":{"type":"Point","coordinates":[17.97394,53.1022743]}},{"type":"Feature","id":"8743726668","properties":{"osmId":"8743726668","name":null,"heightM":30,"radioBand":"yes","countryCode":"PL"},"geometry":{"type":"Point","coordinates":[17.4975482,54.1827601]}},{"type":"Feature","id":"9019539139","properties":{"osmId":"9019539139","name":null,"heightM":30,"radioBand":"yes","countryCode":"PL"},"geometry":{"type":"Point","coordinates":[22.9017476,51.6477516]}},{"type":"Feature","id":"9029471660","properties":{"osmId":"9029471660","name":null,"heightM":30,"radioBand":"yes","countryCode":"PL"},"geometry":{"type":"Point","coordinates":[22.8799263,51.6333673]}},{"type":"Feature","id":"11368897392","properties":{"osmId":"11368897392","name":null,"heightM":30,"radioBand":"yes","countryCode":"PL"},"geometry":{"type":"Point","coordinates":[20.9583649,51.7566692]}},{"type":"Feature","id":"11288134803","properties":{"osmId":"11288134803","name":null,"heightM":27,"radioBand":"yes","countryCode":"PL"},"geometry":{"type":"Point","coordinates":[14.9312609,50.9266034]}},{"type":"Feature","id":"8578783997","properties":{"osmId":"8578783997","name":null,"heightM":26,"radioBand":"yes","countryCode":"PL"},"geometry":{"type":"Point","coordinates":[19.1960443,49.6600009]}},{"type":"Feature","id":"3052228208","properties":{"osmId":"3052228208","name":null,"heightM":25,"radioBand":"yes","countryCode":"PL"},"geometry":{"type":"Point","coordinates":[22.0327621,49.4325871]}},{"type":"Feature","id":"11370501197","properties":{"osmId":"11370501197","name":null,"heightM":25,"radioBand":"yes","countryCode":"PL"},"geometry":{"type":"Point","coordinates":[17.3312519,50.3289406]}},{"type":"Feature","id":"11980235599","properties":{"osmId":"11980235599","name":null,"heightM":25,"radioBand":"yes","countryCode":"PL"},"geometry":{"type":"Point","coordinates":[18.8498412,50.8054374]}},{"type":"Feature","id":"12041220430","properties":{"osmId":"12041220430","name":null,"heightM":25,"radioBand":"yes","countryCode":"PL"},"geometry":{"type":"Point","coordinates":[19.7840221,50.3706111]}},{"type":"Feature","id":"10554193182","properties":{"osmId":"10554193182","name":null,"heightM":24,"radioBand":"yes","countryCode":"PL"},"geometry":{"type":"Point","coordinates":[20.456116,49.9614466]}},{"type":"Feature","id":"8162299231","properties":{"osmId":"8162299231","name":null,"heightM":16,"radioBand":"yes","countryCode":"PL"},"geometry":{"type":"Point","coordinates":[20.9847231,50.0097808]}},{"type":"Feature","id":"7550802574","properties":{"osmId":"7550802574","name":null,"heightM":15,"radioBand":"yes","countryCode":"PL"},"geometry":{"type":"Point","coordinates":[21.4130069,50.7968556]}},{"type":"Feature","id":"8122039283","properties":{"osmId":"8122039283","name":null,"heightM":15,"radioBand":"yes","countryCode":"PL"},"geometry":{"type":"Point","coordinates":[22.1291401,50.0126212]}},{"type":"Feature","id":"11627651647","properties":{"osmId":"11627651647","name":null,"heightM":15,"radioBand":"yes","countryCode":"PL"},"geometry":{"type":"Point","coordinates":[19.0319933,50.2410333]}},{"type":"Feature","id":"11881305497","properties":{"osmId":"11881305497","name":null,"heightM":15,"radioBand":"yes","countryCode":"PL"},"geometry":{"type":"Point","coordinates":[19.2968654,49.7446534]}},{"type":"Feature","id":"8425497835","properties":{"osmId":"8425497835","name":null,"heightM":12,"radioBand":"yes","countryCode":"PL"},"geometry":{"type":"Point","coordinates":[21.1328253,53.784889]}},{"type":"Feature","id":"10770855528","properties":{"osmId":"10770855528","name":null,"heightM":10,"radioBand":"yes","countryCode":"PL"},"geometry":{"type":"Point","coordinates":[18.9887951,49.9230158]}},{"type":"Feature","id":"13361383141","properties":{"osmId":"13361383141","name":null,"heightM":10,"radioBand":"yes","countryCode":"PL"},"geometry":{"type":"Point","coordinates":[18.9620509,49.9105414]}},{"type":"Feature","id":"11895664919","properties":{"osmId":"11895664919","name":null,"heightM":9,"radioBand":"yes","countryCode":"PL"},"geometry":{"type":"Point","coordinates":[19.0327354,50.2406403]}},{"type":"Feature","id":"2092152062","properties":{"osmId":"2092152062","name":null,"heightM":null,"radioBand":"yes","countryCode":"PL"},"geometry":{"type":"Point","coordinates":[20.8784413,51.370824]}},{"type":"Feature","id":"2825281469","properties":{"osmId":"2825281469","name":null,"heightM":null,"radioBand":"yes","countryCode":"PL"},"geometry":{"type":"Point","coordinates":[21.2363456,52.1263122]}},{"type":"Feature","id":"3019067445","properties":{"osmId":"3019067445","name":null,"heightM":null,"radioBand":"yes","countryCode":"PL"},"geometry":{"type":"Point","coordinates":[21.8237491,51.7003446]}},{"type":"Feature","id":"3231330458","properties":{"osmId":"3231330458","name":null,"heightM":null,"radioBand":"yes","countryCode":"PL"},"geometry":{"type":"Point","coordinates":[15.271667,52.7500482]}},{"type":"Feature","id":"3308160150","properties":{"osmId":"3308160150","name":null,"heightM":null,"radioBand":"yes","countryCode":"PL"},"geometry":{"type":"Point","coordinates":[17.4936784,54.1536044]}},{"type":"Feature","id":"3807998644","properties":{"osmId":"3807998644","name":null,"heightM":null,"radioBand":"yes","countryCode":"PL"},"geometry":{"type":"Point","coordinates":[19.8280552,54.3682418]}},{"type":"Feature","id":"3914405800","properties":{"osmId":"3914405800","name":null,"heightM":null,"radioBand":"yes","countryCode":"PL"},"geometry":{"type":"Point","coordinates":[19.4600877,53.2322478]}},{"type":"Feature","id":"3930178603","properties":{"osmId":"3930178603","name":null,"heightM":null,"radioBand":"yes","countryCode":"PL"},"geometry":{"type":"Point","coordinates":[18.0597147,53.1691574]}},{"type":"Feature","id":"4419029499","properties":{"osmId":"4419029499","name":null,"heightM":null,"radioBand":"yes","countryCode":"PL"},"geometry":{"type":"Point","coordinates":[20.9114781,49.8843935]}},{"type":"Feature","id":"4583398514","properties":{"osmId":"4583398514","name":null,"heightM":null,"radioBand":"yes","countryCode":"PL"},"geometry":{"type":"Point","coordinates":[19.7821816,49.7533487]}},{"type":"Feature","id":"4804144845","properties":{"osmId":"4804144845","name":null,"heightM":null,"radioBand":"yes","countryCode":"PL"},"geometry":{"type":"Point","coordinates":[17.9751291,53.1187894]}},{"type":"Feature","id":"4868499649","properties":{"osmId":"4868499649","name":null,"heightM":null,"radioBand":"yes","countryCode":"PL"},"geometry":{"type":"Point","coordinates":[19.4936948,51.7751038]}},{"type":"Feature","id":"5187401628","properties":{"osmId":"5187401628","name":null,"heightM":null,"radioBand":"yes","countryCode":"PL"},"geometry":{"type":"Point","coordinates":[17.6841793,53.1219367]}},{"type":"Feature","id":"5187401639","properties":{"osmId":"5187401639","name":null,"heightM":null,"radioBand":"yes","countryCode":"PL"},"geometry":{"type":"Point","coordinates":[17.2870003,52.9430214]}},{"type":"Feature","id":"5940844119","properties":{"osmId":"5940844119","name":null,"heightM":null,"radioBand":"yes","countryCode":"PL"},"geometry":{"type":"Point","coordinates":[22.8851155,52.8596675]}},{"type":"Feature","id":"6208820283","properties":{"osmId":"6208820283","name":null,"heightM":null,"radioBand":"yes","countryCode":"PL"},"geometry":{"type":"Point","coordinates":[19.9691869,50.1159896]}},{"type":"Feature","id":"6242664307","properties":{"osmId":"6242664307","name":null,"heightM":null,"radioBand":"yes","countryCode":"PL"},"geometry":{"type":"Point","coordinates":[19.987539,54.4162653]}},{"type":"Feature","id":"6330679309","properties":{"osmId":"6330679309","name":null,"heightM":null,"radioBand":"yes","countryCode":"PL"},"geometry":{"type":"Point","coordinates":[20.1442872,50.1539274]}},{"type":"Feature","id":"6432932684","properties":{"osmId":"6432932684","name":null,"heightM":null,"radioBand":"yes","countryCode":"PL"},"geometry":{"type":"Point","coordinates":[16.5121334,52.9609624]}},{"type":"Feature","id":"6532217096","properties":{"osmId":"6532217096","name":null,"heightM":null,"radioBand":"yes","countryCode":"PL"},"geometry":{"type":"Point","coordinates":[14.9165857,52.2978158]}},{"type":"Feature","id":"6586974199","properties":{"osmId":"6586974199","name":null,"heightM":null,"radioBand":"yes","countryCode":"PL"},"geometry":{"type":"Point","coordinates":[22.2162679,50.0307844]}},{"type":"Feature","id":"6586974200","properties":{"osmId":"6586974200","name":null,"heightM":null,"radioBand":"yes","countryCode":"PL"},"geometry":{"type":"Point","coordinates":[22.2160078,50.0304558]}},{"type":"Feature","id":"6586974201","properties":{"osmId":"6586974201","name":null,"heightM":null,"radioBand":"yes","countryCode":"PL"},"geometry":{"type":"Point","coordinates":[22.2165931,50.0302811]}},{"type":"Feature","id":"6670694879","properties":{"osmId":"6670694879","name":null,"heightM":null,"radioBand":"yes","countryCode":"PL"},"geometry":{"type":"Point","coordinates":[17.8026665,51.6558158]}},{"type":"Feature","id":"6744027408","properties":{"osmId":"6744027408","name":null,"heightM":null,"radioBand":"yes","countryCode":"PL"},"geometry":{"type":"Point","coordinates":[17.5797196,52.5096064]}},{"type":"Feature","id":"6769335646","properties":{"osmId":"6769335646","name":null,"heightM":null,"radioBand":"yes","countryCode":"PL"},"geometry":{"type":"Point","coordinates":[15.5571341,50.7791212]}},{"type":"Feature","id":"6790779464","properties":{"osmId":"6790779464","name":null,"heightM":null,"radioBand":"yes","countryCode":"PL"},"geometry":{"type":"Point","coordinates":[19.4354709,54.1841361]}},{"type":"Feature","id":"6949253179","properties":{"osmId":"6949253179","name":null,"heightM":null,"radioBand":"yes","countryCode":"PL"},"geometry":{"type":"Point","coordinates":[17.5933372,53.1380756]}},{"type":"Feature","id":"7332034138","properties":{"osmId":"7332034138","name":null,"heightM":null,"radioBand":"yes","countryCode":"PL"},"geometry":{"type":"Point","coordinates":[22.4310794,51.6403679]}},{"type":"Feature","id":"7436687413","properties":{"osmId":"7436687413","name":null,"heightM":null,"radioBand":"yes","countryCode":"PL"},"geometry":{"type":"Point","coordinates":[21.5198363,51.5560993]}},{"type":"Feature","id":"7453205376","properties":{"osmId":"7453205376","name":null,"heightM":null,"radioBand":"yes","countryCode":"PL"},"geometry":{"type":"Point","coordinates":[21.0249824,52.1121549]}},{"type":"Feature","id":"7549679038","properties":{"osmId":"7549679038","name":null,"heightM":null,"radioBand":"yes","countryCode":"PL"},"geometry":{"type":"Point","coordinates":[15.0563716,51.1832055]}},{"type":"Feature","id":"7578624761","properties":{"osmId":"7578624761","name":null,"heightM":null,"radioBand":"yes","countryCode":"PL"},"geometry":{"type":"Point","coordinates":[22.4279486,51.6417416]}},{"type":"Feature","id":"7807714675","properties":{"osmId":"7807714675","name":null,"heightM":null,"radioBand":"yes","countryCode":"PL"},"geometry":{"type":"Point","coordinates":[22.2420434,52.4060933]}},{"type":"Feature","id":"7963578572","properties":{"osmId":"7963578572","name":null,"heightM":null,"radioBand":"yes","countryCode":"PL"},"geometry":{"type":"Point","coordinates":[19.4209441,54.382221]}},{"type":"Feature","id":"7963625056","properties":{"osmId":"7963625056","name":null,"heightM":null,"radioBand":"yes","countryCode":"PL"},"geometry":{"type":"Point","coordinates":[18.777787,54.3700783]}},{"type":"Feature","id":"8187549031","properties":{"osmId":"8187549031","name":null,"heightM":null,"radioBand":"yes","countryCode":"PL"},"geometry":{"type":"Point","coordinates":[19.6940985,51.6661609]}},{"type":"Feature","id":"8196686205","properties":{"osmId":"8196686205","name":null,"heightM":null,"radioBand":"yes","countryCode":"PL"},"geometry":{"type":"Point","coordinates":[22.4022464,51.9264715]}},{"type":"Feature","id":"8367160096","properties":{"osmId":"8367160096","name":null,"heightM":null,"radioBand":"yes","countryCode":"PL"},"geometry":{"type":"Point","coordinates":[21.0248492,52.1125163]}},{"type":"Feature","id":"8504787273","properties":{"osmId":"8504787273","name":null,"heightM":null,"radioBand":"yes","countryCode":"PL"},"geometry":{"type":"Point","coordinates":[18.7843897,52.870242]}},{"type":"Feature","id":"8511560530","properties":{"osmId":"8511560530","name":null,"heightM":null,"radioBand":"yes","countryCode":"PL"},"geometry":{"type":"Point","coordinates":[18.1243505,53.1451997]}},{"type":"Feature","id":"8525991144","properties":{"osmId":"8525991144","name":null,"heightM":null,"radioBand":"yes","countryCode":"PL"},"geometry":{"type":"Point","coordinates":[20.5544018,49.4674469]}},{"type":"Feature","id":"8675873235","properties":{"osmId":"8675873235","name":null,"heightM":null,"radioBand":"yes","countryCode":"PL"},"geometry":{"type":"Point","coordinates":[21.8818863,53.2246554]}},{"type":"Feature","id":"8773374081","properties":{"osmId":"8773374081","name":null,"heightM":null,"radioBand":"yes","countryCode":"PL"},"geometry":{"type":"Point","coordinates":[19.4092438,50.1489096]}},{"type":"Feature","id":"8871616972","properties":{"osmId":"8871616972","name":null,"heightM":null,"radioBand":"yes","countryCode":"PL"},"geometry":{"type":"Point","coordinates":[17.4546395,51.6782712]}},{"type":"Feature","id":"8990033847","properties":{"osmId":"8990033847","name":null,"heightM":null,"radioBand":"yes","countryCode":"PL"},"geometry":{"type":"Point","coordinates":[23.5986568,51.4435958]}},{"type":"Feature","id":"9056888250","properties":{"osmId":"9056888250","name":null,"heightM":null,"radioBand":"yes","countryCode":"PL"},"geometry":{"type":"Point","coordinates":[23.7149733,53.3894052]}},{"type":"Feature","id":"9084179170","properties":{"osmId":"9084179170","name":null,"heightM":null,"radioBand":"yes","countryCode":"PL"},"geometry":{"type":"Point","coordinates":[23.5305251,53.6276862]}},{"type":"Feature","id":"9238770449","properties":{"osmId":"9238770449","name":null,"heightM":null,"radioBand":"yes","countryCode":"PL"},"geometry":{"type":"Point","coordinates":[18.22835,51.7253838]}},{"type":"Feature","id":"9300578794","properties":{"osmId":"9300578794","name":null,"heightM":null,"radioBand":"yes","countryCode":"PL"},"geometry":{"type":"Point","coordinates":[15.2272045,52.742643]}},{"type":"Feature","id":"9316155257","properties":{"osmId":"9316155257","name":null,"heightM":null,"radioBand":"yes","countryCode":"PL"},"geometry":{"type":"Point","coordinates":[22.7441485,49.9196914]}},{"type":"Feature","id":"9363926554","properties":{"osmId":"9363926554","name":null,"heightM":null,"radioBand":"yes","countryCode":"PL"},"geometry":{"type":"Point","coordinates":[16.8098672,51.616993]}},{"type":"Feature","id":"9402283716","properties":{"osmId":"9402283716","name":null,"heightM":null,"radioBand":"yes","countryCode":"PL"},"geometry":{"type":"Point","coordinates":[19.5077738,50.5924482]}},{"type":"Feature","id":"9831855226","properties":{"osmId":"9831855226","name":null,"heightM":null,"radioBand":"yes","countryCode":"PL"},"geometry":{"type":"Point","coordinates":[21.2679409,52.0970332]}},{"type":"Feature","id":"9929020480","properties":{"osmId":"9929020480","name":null,"heightM":null,"radioBand":"yes","countryCode":"PL"},"geometry":{"type":"Point","coordinates":[20.3681835,50.7193903]}},{"type":"Feature","id":"9936652252","properties":{"osmId":"9936652252","name":null,"heightM":null,"radioBand":"yes","countryCode":"PL"},"geometry":{"type":"Point","coordinates":[19.4166723,54.1505581]}},{"type":"Feature","id":"9942164614","properties":{"osmId":"9942164614","name":null,"heightM":null,"radioBand":"yes","countryCode":"PL"},"geometry":{"type":"Point","coordinates":[18.1014209,54.5668671]}},{"type":"Feature","id":"9942638747","properties":{"osmId":"9942638747","name":null,"heightM":null,"radioBand":"yes","countryCode":"PL"},"geometry":{"type":"Point","coordinates":[17.3674564,54.4914609]}},{"type":"Feature","id":"9952860511","properties":{"osmId":"9952860511","name":null,"heightM":null,"radioBand":"yes","countryCode":"PL"},"geometry":{"type":"Point","coordinates":[20.4298224,51.978535]}},{"type":"Feature","id":"9983686109","properties":{"osmId":"9983686109","name":null,"heightM":null,"radioBand":"yes","countryCode":"PL"},"geometry":{"type":"Point","coordinates":[18.6908469,53.8797881]}},{"type":"Feature","id":"9983732703","properties":{"osmId":"9983732703","name":null,"heightM":null,"radioBand":"yes","countryCode":"PL"},"geometry":{"type":"Point","coordinates":[18.684531,53.8334942]}},{"type":"Feature","id":"9984212994","properties":{"osmId":"9984212994","name":null,"heightM":null,"radioBand":"yes","countryCode":"PL"},"geometry":{"type":"Point","coordinates":[19.7338927,51.6375618]}},{"type":"Feature","id":"9984215223","properties":{"osmId":"9984215223","name":null,"heightM":null,"radioBand":"yes","countryCode":"PL"},"geometry":{"type":"Point","coordinates":[19.7462304,51.6650857]}},{"type":"Feature","id":"10031218355","properties":{"osmId":"10031218355","name":null,"heightM":null,"radioBand":"yes","countryCode":"PL"},"geometry":{"type":"Point","coordinates":[19.9724834,49.292018]}},{"type":"Feature","id":"10180920717","properties":{"osmId":"10180920717","name":null,"heightM":null,"radioBand":"yes","countryCode":"PL"},"geometry":{"type":"Point","coordinates":[22.2166039,50.0318703]}},{"type":"Feature","id":"10291185753","properties":{"osmId":"10291185753","name":null,"heightM":null,"radioBand":"yes","countryCode":"PL"},"geometry":{"type":"Point","coordinates":[21.0483439,49.8471325]}},{"type":"Feature","id":"10293408884","properties":{"osmId":"10293408884","name":null,"heightM":null,"radioBand":"yes","countryCode":"PL"},"geometry":{"type":"Point","coordinates":[19.811823,49.7609354]}},{"type":"Feature","id":"10554139389","properties":{"osmId":"10554139389","name":null,"heightM":null,"radioBand":"yes","countryCode":"PL"},"geometry":{"type":"Point","coordinates":[19.3275358,49.8494469]}},{"type":"Feature","id":"10554325500","properties":{"osmId":"10554325500","name":null,"heightM":null,"radioBand":"yes","countryCode":"PL"},"geometry":{"type":"Point","coordinates":[21.0137582,49.9853778]}},{"type":"Feature","id":"10554424006","properties":{"osmId":"10554424006","name":null,"heightM":null,"radioBand":"yes","countryCode":"PL"},"geometry":{"type":"Point","coordinates":[20.0332358,50.0844332]}},{"type":"Feature","id":"10554859782","properties":{"osmId":"10554859782","name":null,"heightM":null,"radioBand":"yes","countryCode":"PL"},"geometry":{"type":"Point","coordinates":[21.7830106,50.2876019]}},{"type":"Feature","id":"10555032403","properties":{"osmId":"10555032403","name":null,"heightM":null,"radioBand":"yes","countryCode":"PL"},"geometry":{"type":"Point","coordinates":[21.9833808,50.0200437]}},{"type":"Feature","id":"10555114255","properties":{"osmId":"10555114255","name":null,"heightM":null,"radioBand":"yes","countryCode":"PL"},"geometry":{"type":"Point","coordinates":[22.0588877,50.5766123]}},{"type":"Feature","id":"10555124488","properties":{"osmId":"10555124488","name":null,"heightM":null,"radioBand":"yes","countryCode":"PL"},"geometry":{"type":"Point","coordinates":[22.0581665,50.5680559]}},{"type":"Feature","id":"10557317870","properties":{"osmId":"10557317870","name":null,"heightM":null,"radioBand":"yes","countryCode":"PL"},"geometry":{"type":"Point","coordinates":[20.5259944,50.5258852]}},{"type":"Feature","id":"10557372468","properties":{"osmId":"10557372468","name":null,"heightM":null,"radioBand":"yes","countryCode":"PL"},"geometry":{"type":"Point","coordinates":[20.6305689,50.8654575]}},{"type":"Feature","id":"10560364148","properties":{"osmId":"10560364148","name":null,"heightM":null,"radioBand":"yes","countryCode":"PL"},"geometry":{"type":"Point","coordinates":[18.6367998,49.761125]}},{"type":"Feature","id":"10560378676","properties":{"osmId":"10560378676","name":null,"heightM":null,"radioBand":"yes","countryCode":"PL"},"geometry":{"type":"Point","coordinates":[19.1178902,50.8264897]}},{"type":"Feature","id":"10563745601","properties":{"osmId":"10563745601","name":null,"heightM":null,"radioBand":"yes","countryCode":"PL"},"geometry":{"type":"Point","coordinates":[18.695501,50.298]}},{"type":"Feature","id":"10770289980","properties":{"osmId":"10770289980","name":null,"heightM":null,"radioBand":"yes","countryCode":"PL"},"geometry":{"type":"Point","coordinates":[16.3836756,52.7088376]}},{"type":"Feature","id":"10868173170","properties":{"osmId":"10868173170","name":null,"heightM":null,"radioBand":"yes","countryCode":"PL"},"geometry":{"type":"Point","coordinates":[15.1224635,53.24698]}},{"type":"Feature","id":"11078682749","properties":{"osmId":"11078682749","name":null,"heightM":null,"radioBand":"yes","countryCode":"PL"},"geometry":{"type":"Point","coordinates":[16.8899873,54.2459702]}},{"type":"Feature","id":"11285733141","properties":{"osmId":"11285733141","name":null,"heightM":null,"radioBand":"yes","countryCode":"PL"},"geometry":{"type":"Point","coordinates":[19.3567492,51.3656984]}},{"type":"Feature","id":"11285970200","properties":{"osmId":"11285970200","name":null,"heightM":null,"radioBand":"yes","countryCode":"PL"},"geometry":{"type":"Point","coordinates":[23.1493571,53.1196469]}},{"type":"Feature","id":"11290356987","properties":{"osmId":"11290356987","name":null,"heightM":null,"radioBand":"yes","countryCode":"PL"},"geometry":{"type":"Point","coordinates":[17.9827334,53.1178565]}},{"type":"Feature","id":"11290356988","properties":{"osmId":"11290356988","name":null,"heightM":null,"radioBand":"yes","countryCode":"PL"},"geometry":{"type":"Point","coordinates":[17.9828228,53.1177605]}},{"type":"Feature","id":"11296068461","properties":{"osmId":"11296068461","name":null,"heightM":null,"radioBand":"yes","countryCode":"PL"},"geometry":{"type":"Point","coordinates":[17.8945925,53.791009]}},{"type":"Feature","id":"11330715573","properties":{"osmId":"11330715573","name":null,"heightM":null,"radioBand":"yes","countryCode":"PL"},"geometry":{"type":"Point","coordinates":[19.4259532,54.1628994]}},{"type":"Feature","id":"11342332038","properties":{"osmId":"11342332038","name":null,"heightM":null,"radioBand":"yes","countryCode":"PL"},"geometry":{"type":"Point","coordinates":[18.5256624,54.5200772]}},{"type":"Feature","id":"11342394623","properties":{"osmId":"11342394623","name":null,"heightM":null,"radioBand":"yes","countryCode":"PL"},"geometry":{"type":"Point","coordinates":[21.7676401,54.03746]}},{"type":"Feature","id":"11342456388","properties":{"osmId":"11342456388","name":null,"heightM":null,"radioBand":"yes","countryCode":"PL"},"geometry":{"type":"Point","coordinates":[17.6042909,52.5331294]}},{"type":"Feature","id":"11350503721","properties":{"osmId":"11350503721","name":null,"heightM":null,"radioBand":"yes","countryCode":"PL"},"geometry":{"type":"Point","coordinates":[15.2303143,52.7389309]}},{"type":"Feature","id":"11350589915","properties":{"osmId":"11350589915","name":null,"heightM":null,"radioBand":"yes","countryCode":"PL"},"geometry":{"type":"Point","coordinates":[17.0068815,51.8652338]}},{"type":"Feature","id":"11368295512","properties":{"osmId":"11368295512","name":null,"heightM":null,"radioBand":"yes","countryCode":"PL"},"geometry":{"type":"Point","coordinates":[18.739673,53.4756449]}},{"type":"Feature","id":"11368295513","properties":{"osmId":"11368295513","name":null,"heightM":null,"radioBand":"yes","countryCode":"PL"},"geometry":{"type":"Point","coordinates":[18.7397578,53.4756437]}},{"type":"Feature","id":"11368870278","properties":{"osmId":"11368870278","name":null,"heightM":null,"radioBand":"yes","countryCode":"PL"},"geometry":{"type":"Point","coordinates":[20.8593836,51.8647414]}},{"type":"Feature","id":"11370600443","properties":{"osmId":"11370600443","name":null,"heightM":null,"radioBand":"yes","countryCode":"PL"},"geometry":{"type":"Point","coordinates":[18.8002884,54.6030411]}},{"type":"Feature","id":"11371067606","properties":{"osmId":"11371067606","name":null,"heightM":null,"radioBand":"yes","countryCode":"PL"},"geometry":{"type":"Point","coordinates":[19.5791786,53.583787]}},{"type":"Feature","id":"11504197876","properties":{"osmId":"11504197876","name":null,"heightM":null,"radioBand":"yes","countryCode":"PL"},"geometry":{"type":"Point","coordinates":[17.2508913,54.5154265]}},{"type":"Feature","id":"11535304655","properties":{"osmId":"11535304655","name":null,"heightM":null,"radioBand":"yes","countryCode":"PL"},"geometry":{"type":"Point","coordinates":[19.0660298,50.3743779]}},{"type":"Feature","id":"11818284769","properties":{"osmId":"11818284769","name":null,"heightM":null,"radioBand":"yes","countryCode":"PL"},"geometry":{"type":"Point","coordinates":[18.0668392,53.2163929]}},{"type":"Feature","id":"11860467925","properties":{"osmId":"11860467925","name":null,"heightM":null,"radioBand":"yes","countryCode":"PL"},"geometry":{"type":"Point","coordinates":[19.958485,50.1058467]}},{"type":"Feature","id":"12049056829","properties":{"osmId":"12049056829","name":null,"heightM":null,"radioBand":"yes","countryCode":"PL"},"geometry":{"type":"Point","coordinates":[22.3647078,53.8210705]}},{"type":"Feature","id":"12060228760","properties":{"osmId":"12060228760","name":null,"heightM":null,"radioBand":"yes","countryCode":"PL"},"geometry":{"type":"Point","coordinates":[22.9800028,54.326475]}},{"type":"Feature","id":"12061952466","properties":{"osmId":"12061952466","name":null,"heightM":null,"radioBand":"yes","countryCode":"PL"},"geometry":{"type":"Point","coordinates":[22.034995,54.2424561]}},{"type":"Feature","id":"12068327066","properties":{"osmId":"12068327066","name":null,"heightM":null,"radioBand":"yes","countryCode":"PL"},"geometry":{"type":"Point","coordinates":[16.4105484,50.5510223]}},{"type":"Feature","id":"12071545179","properties":{"osmId":"12071545179","name":null,"heightM":null,"radioBand":"yes","countryCode":"PL"},"geometry":{"type":"Point","coordinates":[22.8673378,52.9764478]}},{"type":"Feature","id":"12090844747","properties":{"osmId":"12090844747","name":null,"heightM":null,"radioBand":"yes","countryCode":"PL"},"geometry":{"type":"Point","coordinates":[22.8666231,52.9760142]}},{"type":"Feature","id":"12090844748","properties":{"osmId":"12090844748","name":null,"heightM":null,"radioBand":"yes","countryCode":"PL"},"geometry":{"type":"Point","coordinates":[22.8662744,52.9761531]}},{"type":"Feature","id":"12314326529","properties":{"osmId":"12314326529","name":null,"heightM":null,"radioBand":"yes","countryCode":"PL"},"geometry":{"type":"Point","coordinates":[17.5892291,53.1379653]}},{"type":"Feature","id":"12346007713","properties":{"osmId":"12346007713","name":null,"heightM":null,"radioBand":"yes","countryCode":"PL"},"geometry":{"type":"Point","coordinates":[19.5238094,50.1013186]}},{"type":"Feature","id":"12472163649","properties":{"osmId":"12472163649","name":null,"heightM":null,"radioBand":"yes","countryCode":"PL"},"geometry":{"type":"Point","coordinates":[23.1382969,52.0295804]}},{"type":"Feature","id":"12472163650","properties":{"osmId":"12472163650","name":null,"heightM":null,"radioBand":"yes","countryCode":"PL"},"geometry":{"type":"Point","coordinates":[23.1390949,52.0296873]}},{"type":"Feature","id":"12861410838","properties":{"osmId":"12861410838","name":null,"heightM":null,"radioBand":"yes","countryCode":"PL"},"geometry":{"type":"Point","coordinates":[17.5882246,53.1411286]}},{"type":"Feature","id":"12989810397","properties":{"osmId":"12989810397","name":null,"heightM":null,"radioBand":"yes","countryCode":"PL"},"geometry":{"type":"Point","coordinates":[20.7242041,52.1223454]}},{"type":"Feature","id":"12997468692","properties":{"osmId":"12997468692","name":null,"heightM":null,"radioBand":"yes","countryCode":"PL"},"geometry":{"type":"Point","coordinates":[20.0359597,52.0230056]}},{"type":"Feature","id":"13045357872","properties":{"osmId":"13045357872","name":null,"heightM":null,"radioBand":"yes","countryCode":"PL"},"geometry":{"type":"Point","coordinates":[17.4859991,53.128088]}},{"type":"Feature","id":"13074505060","properties":{"osmId":"13074505060","name":null,"heightM":null,"radioBand":"yes","countryCode":"PL"},"geometry":{"type":"Point","coordinates":[18.4185463,50.8763963]}},{"type":"Feature","id":"13074608227","properties":{"osmId":"13074608227","name":null,"heightM":null,"radioBand":"yes","countryCode":"PL"},"geometry":{"type":"Point","coordinates":[17.5934061,53.1401209]}},{"type":"Feature","id":"13074639102","properties":{"osmId":"13074639102","name":null,"heightM":null,"radioBand":"yes","countryCode":"PL"},"geometry":{"type":"Point","coordinates":[17.6023329,53.139488]}},{"type":"Feature","id":"13077968473","properties":{"osmId":"13077968473","name":null,"heightM":null,"radioBand":"yes","countryCode":"PL"},"geometry":{"type":"Point","coordinates":[17.0508467,54.6682039]}},{"type":"Feature","id":"13112512193","properties":{"osmId":"13112512193","name":null,"heightM":null,"radioBand":"yes","countryCode":"PL"},"geometry":{"type":"Point","coordinates":[17.5841342,53.1437613]}},{"type":"Feature","id":"13154741294","properties":{"osmId":"13154741294","name":null,"heightM":null,"radioBand":"yes","countryCode":"PL"},"geometry":{"type":"Point","coordinates":[17.6072739,53.1416783]}},{"type":"Feature","id":"13154746778","properties":{"osmId":"13154746778","name":null,"heightM":null,"radioBand":"yes","countryCode":"PL"},"geometry":{"type":"Point","coordinates":[17.5868789,53.1452285]}},{"type":"Feature","id":"13178359954","properties":{"osmId":"13178359954","name":null,"heightM":null,"radioBand":"yes","countryCode":"PL"},"geometry":{"type":"Point","coordinates":[17.9754468,53.1188362]}},{"type":"Feature","id":"13279727864","properties":{"osmId":"13279727864","name":null,"heightM":null,"radioBand":"yes","countryCode":"PL"},"geometry":{"type":"Point","coordinates":[22.5487684,54.2897292]}},{"type":"Feature","id":"13294891212","properties":{"osmId":"13294891212","name":null,"heightM":null,"radioBand":"yes","countryCode":"PL"},"geometry":{"type":"Point","coordinates":[19.1206546,50.2757525]}},{"type":"Feature","id":"13326391804","properties":{"osmId":"13326391804","name":null,"heightM":null,"radioBand":"yes","countryCode":"PL"},"geometry":{"type":"Point","coordinates":[19.4466699,50.1559673]}},{"type":"Feature","id":"13330188420","properties":{"osmId":"13330188420","name":null,"heightM":null,"radioBand":"yes","countryCode":"PL"},"geometry":{"type":"Point","coordinates":[20.8990383,51.1188939]}},{"type":"Feature","id":"13348600945","properties":{"osmId":"13348600945","name":null,"heightM":null,"radioBand":"yes","countryCode":"PL"},"geometry":{"type":"Point","coordinates":[23.4192683,50.4297237]}},{"type":"Feature","id":"13428581631","properties":{"osmId":"13428581631","name":null,"heightM":null,"radioBand":"yes","countryCode":"PL"},"geometry":{"type":"Point","coordinates":[18.6444858,50.2953539]}},{"type":"Feature","id":"13448313329","properties":{"osmId":"13448313329","name":null,"heightM":null,"radioBand":"yes","countryCode":"PL"},"geometry":{"type":"Point","coordinates":[17.0668929,51.1023656]}},{"type":"Feature","id":"13653407616","properties":{"osmId":"13653407616","name":null,"heightM":null,"radioBand":"yes","countryCode":"PL"},"geometry":{"type":"Point","coordinates":[23.8449186,52.969026]}},{"type":"Feature","id":"13679680827","properties":{"osmId":"13679680827","name":null,"heightM":null,"radioBand":"yes","countryCode":"PL"},"geometry":{"type":"Point","coordinates":[19.0658638,50.3744064]}},{"type":"Feature","id":"13694149426","properties":{"osmId":"13694149426","name":null,"heightM":null,"radioBand":"yes","countryCode":"PL"},"geometry":{"type":"Point","coordinates":[21.1266272,52.6704577]}},{"type":"Feature","id":"13714849931","properties":{"osmId":"13714849931","name":null,"heightM":null,"radioBand":"yes","countryCode":"PL"},"geometry":{"type":"Point","coordinates":[14.5899708,53.3628313]}},{"type":"Feature","id":"13761625762","properties":{"osmId":"13761625762","name":null,"heightM":null,"radioBand":"yes","countryCode":"PL"},"geometry":{"type":"Point","coordinates":[22.0591408,49.2474507]}},{"type":"Feature","id":"13943356084","properties":{"osmId":"13943356084","name":null,"heightM":null,"radioBand":"yes","countryCode":"PL"},"geometry":{"type":"Point","coordinates":[17.3104379,52.9483413]}},{"type":"Feature","id":"13944855100","properties":{"osmId":"13944855100","name":null,"heightM":null,"radioBand":"yes","countryCode":"PL"},"geometry":{"type":"Point","coordinates":[17.2280453,52.8896084]}},{"type":"Feature","id":"13945768544","properties":{"osmId":"13945768544","name":null,"heightM":null,"radioBand":"yes","countryCode":"PL"},"geometry":{"type":"Point","coordinates":[17.1993038,52.8093153]}},{"type":"Feature","id":"13948052934","properties":{"osmId":"13948052934","name":null,"heightM":null,"radioBand":"yes","countryCode":"PL"},"geometry":{"type":"Point","coordinates":[17.1761386,52.7096622]}},{"type":"Feature","id":"14046086784","properties":{"osmId":"14046086784","name":null,"heightM":null,"radioBand":"yes","countryCode":"PL"},"geometry":{"type":"Point","coordinates":[19.6444889,50.1301254]}},{"type":"Feature","id":"14058645529","properties":{"osmId":"14058645529","name":null,"heightM":null,"radioBand":"yes","countryCode":"PL"},"geometry":{"type":"Point","coordinates":[18.2223975,50.9911923]}},{"type":"Feature","id":"14080895211","properties":{"osmId":"14080895211","name":null,"heightM":null,"radioBand":"yes","countryCode":"PL"},"geometry":{"type":"Point","coordinates":[18.8129092,49.8302755]}},{"type":"Feature","id":"14081059899","properties":{"osmId":"14081059899","name":null,"heightM":null,"radioBand":"yes","countryCode":"PL"},"geometry":{"type":"Point","coordinates":[18.7893565,49.7931558]}},{"type":"Feature","id":"14097838159","properties":{"osmId":"14097838159","name":null,"heightM":null,"radioBand":"yes","countryCode":"PL"},"geometry":{"type":"Point","coordinates":[18.9236555,50.0654957]}},{"type":"Feature","id":"14158344818","properties":{"osmId":"14158344818","name":null,"heightM":null,"radioBand":"yes","countryCode":"PL"},"geometry":{"type":"Point","coordinates":[18.6274407,53.1063261]}},{"type":"Feature","id":"4278723012","properties":{"osmId":"4278723012","name":"Releu Urseni","heightM":210,"radioBand":"yes","countryCode":"RO"},"geometry":{"type":"Point","coordinates":[21.2554848,45.7210539]}},{"type":"Feature","id":"9762249712","properties":{"osmId":"9762249712","name":"Stația radio Barboși","heightM":117.35,"radioBand":"yes","countryCode":"RO"},"geometry":{"type":"Point","coordinates":[27.9945123,45.4038421]}},{"type":"Feature","id":"3679854554","properties":{"osmId":"3679854554","name":"Antenna 909 KHz 50kW","heightM":88,"radioBand":"yes","countryCode":"RO"},"geometry":{"type":"Point","coordinates":[21.0776756,45.7485704]}},{"type":"Feature","id":"13898179333","properties":{"osmId":"13898179333","name":"Releu SNR Dognecea","heightM":40,"radioBand":"yes","countryCode":"RO"},"geometry":{"type":"Point","coordinates":[21.7436338,45.2740849]}},{"type":"Feature","id":"602147321","properties":{"osmId":"602147321","name":"BTS 22610-x8037","heightM":20,"radioBand":"yes","countryCode":"RO"},"geometry":{"type":"Point","coordinates":[28.0558843,45.4299617]}},{"type":"Feature","id":"742024822","properties":{"osmId":"742024822","name":"Șiria","heightM":null,"radioBand":"yes","countryCode":"RO"},"geometry":{"type":"Point","coordinates":[21.6638371,46.2651548]}},{"type":"Feature","id":"2083755594","properties":{"osmId":"2083755594","name":"Releu Mihoveni","heightM":null,"radioBand":"yes","countryCode":"RO"},"geometry":{"type":"Point","coordinates":[26.1512548,47.6625907]}},{"type":"Feature","id":"2188580605","properties":{"osmId":"2188580605","name":"Releul radio-TV Huși (Translator S.N. Radiocomunicații S.A.)","heightM":null,"radioBand":"yes","countryCode":"RO"},"geometry":{"type":"Point","coordinates":[28.0214677,46.6632079]}},{"type":"Feature","id":"2334161158","properties":{"osmId":"2334161158","name":"Releu Rarău","heightM":null,"radioBand":"yes","countryCode":"RO"},"geometry":{"type":"Point","coordinates":[25.5724692,47.4561541]}},{"type":"Feature","id":"3094870429","properties":{"osmId":"3094870429","name":"Releu Magura Odobesti","heightM":null,"radioBand":"yes","countryCode":"RO"},"geometry":{"type":"Point","coordinates":[26.9496491,45.8571325]}},{"type":"Feature","id":"4610298398","properties":{"osmId":"4610298398","name":"630 kHz","heightM":null,"radioBand":"yes","countryCode":"RO"},"geometry":{"type":"Point","coordinates":[25.2623,45.056357]}},{"type":"Feature","id":"4610298399","properties":{"osmId":"4610298399","name":"630 kHz","heightM":null,"radioBand":"yes","countryCode":"RO"},"geometry":{"type":"Point","coordinates":[25.260948,45.05731]}},{"type":"Feature","id":"8108373966","properties":{"osmId":"8108373966","name":"Releu Săveni","heightM":null,"radioBand":"yes","countryCode":"RO"},"geometry":{"type":"Point","coordinates":[26.8394638,47.9338345]}},{"type":"Feature","id":"9934671787","properties":{"osmId":"9934671787","name":"Târgu Mureș Mediumwave Broadcasting Mast","heightM":null,"radioBand":"yes","countryCode":"RO"},"geometry":{"type":"Point","coordinates":[24.6335913,46.5932285]}},{"type":"Feature","id":"10094865534","properties":{"osmId":"10094865534","name":"Radioreleu Sărățeni","heightM":null,"radioBand":"yes","countryCode":"RO"},"geometry":{"type":"Point","coordinates":[24.9678781,46.5785949]}},{"type":"Feature","id":"7722062647","properties":{"osmId":"7722062647","name":null,"heightM":150,"radioBand":"yes","countryCode":"RO"},"geometry":{"type":"Point","coordinates":[22.9734015,47.8549913]}},{"type":"Feature","id":"7722062648","properties":{"osmId":"7722062648","name":null,"heightM":150,"radioBand":"yes","countryCode":"RO"},"geometry":{"type":"Point","coordinates":[22.9748916,47.8543049]}},{"type":"Feature","id":"5471700958","properties":{"osmId":"5471700958","name":null,"heightM":123,"radioBand":"yes","countryCode":"RO"},"geometry":{"type":"Point","coordinates":[23.9430014,47.877307]}},{"type":"Feature","id":"5130364163","properties":{"osmId":"5130364163","name":null,"heightM":100,"radioBand":"yes","countryCode":"RO"},"geometry":{"type":"Point","coordinates":[25.8143614,46.3670793]}},{"type":"Feature","id":"6349720946","properties":{"osmId":"6349720946","name":null,"heightM":45,"radioBand":"yes","countryCode":"RO"},"geometry":{"type":"Point","coordinates":[28.6528512,44.0984483]}},{"type":"Feature","id":"10268531300","properties":{"osmId":"10268531300","name":null,"heightM":45,"radioBand":"yes","countryCode":"RO"},"geometry":{"type":"Point","coordinates":[24.3841031,44.4239969]}},{"type":"Feature","id":"13898953398","properties":{"osmId":"13898953398","name":null,"heightM":40,"radioBand":"yes","countryCode":"RO"},"geometry":{"type":"Point","coordinates":[22.0915209,46.2599909]}},{"type":"Feature","id":"9758726628","properties":{"osmId":"9758726628","name":null,"heightM":24,"radioBand":"yes","countryCode":"RO"},"geometry":{"type":"Point","coordinates":[26.7084124,45.2416365]}},{"type":"Feature","id":"9684421772","properties":{"osmId":"9684421772","name":null,"heightM":3,"radioBand":"yes","countryCode":"RO"},"geometry":{"type":"Point","coordinates":[24.4307099,44.4771503]}},{"type":"Feature","id":"2064000369","properties":{"osmId":"2064000369","name":null,"heightM":null,"radioBand":"yes","countryCode":"RO"},"geometry":{"type":"Point","coordinates":[26.0807155,44.6710985]}},{"type":"Feature","id":"2398151683","properties":{"osmId":"2398151683","name":null,"heightM":null,"radioBand":"yes","countryCode":"RO"},"geometry":{"type":"Point","coordinates":[26.07581,44.6365643]}},{"type":"Feature","id":"2398151684","properties":{"osmId":"2398151684","name":null,"heightM":null,"radioBand":"yes","countryCode":"RO"},"geometry":{"type":"Point","coordinates":[26.0756802,44.6379687]}},{"type":"Feature","id":"2398151686","properties":{"osmId":"2398151686","name":null,"heightM":null,"radioBand":"yes","countryCode":"RO"},"geometry":{"type":"Point","coordinates":[26.0758435,44.6362023]}},{"type":"Feature","id":"2398151689","properties":{"osmId":"2398151689","name":null,"heightM":null,"radioBand":"yes","countryCode":"RO"},"geometry":{"type":"Point","coordinates":[26.0755975,44.6388627]}},{"type":"Feature","id":"2398151727","properties":{"osmId":"2398151727","name":null,"heightM":null,"radioBand":"yes","countryCode":"RO"},"geometry":{"type":"Point","coordinates":[26.0757524,44.6371871]}},{"type":"Feature","id":"3103358231","properties":{"osmId":"3103358231","name":null,"heightM":null,"radioBand":"yes","countryCode":"RO"},"geometry":{"type":"Point","coordinates":[26.1064208,44.7477694]}},{"type":"Feature","id":"3103358236","properties":{"osmId":"3103358236","name":null,"heightM":null,"radioBand":"yes","countryCode":"RO"},"geometry":{"type":"Point","coordinates":[26.1003967,44.7489586]}},{"type":"Feature","id":"3103358237","properties":{"osmId":"3103358237","name":null,"heightM":null,"radioBand":"yes","countryCode":"RO"},"geometry":{"type":"Point","coordinates":[26.1037979,44.7491621]}},{"type":"Feature","id":"3103358245","properties":{"osmId":"3103358245","name":null,"heightM":null,"radioBand":"yes","countryCode":"RO"},"geometry":{"type":"Point","coordinates":[26.1029734,44.7509257]}},{"type":"Feature","id":"3103358254","properties":{"osmId":"3103358254","name":null,"heightM":null,"radioBand":"yes","countryCode":"RO"},"geometry":{"type":"Point","coordinates":[26.1015313,44.749315]}},{"type":"Feature","id":"3103358255","properties":{"osmId":"3103358255","name":null,"heightM":null,"radioBand":"yes","countryCode":"RO"},"geometry":{"type":"Point","coordinates":[26.0985126,44.7483852]}},{"type":"Feature","id":"3103358267","properties":{"osmId":"3103358267","name":null,"heightM":null,"radioBand":"yes","countryCode":"RO"},"geometry":{"type":"Point","coordinates":[26.1032025,44.7523774]}},{"type":"Feature","id":"3103358271","properties":{"osmId":"3103358271","name":null,"heightM":null,"radioBand":"yes","countryCode":"RO"},"geometry":{"type":"Point","coordinates":[26.1028592,44.7500497]}},{"type":"Feature","id":"3103358279","properties":{"osmId":"3103358279","name":null,"heightM":null,"radioBand":"yes","countryCode":"RO"},"geometry":{"type":"Point","coordinates":[26.1047796,44.7486135]}},{"type":"Feature","id":"4610278338","properties":{"osmId":"4610278338","name":null,"heightM":null,"radioBand":"yes","countryCode":"RO"},"geometry":{"type":"Point","coordinates":[28.6313673,44.1055318]}},{"type":"Feature","id":"4610278340","properties":{"osmId":"4610278340","name":null,"heightM":null,"radioBand":"yes","countryCode":"RO"},"geometry":{"type":"Point","coordinates":[28.6325607,44.1058389]}},{"type":"Feature","id":"4610278350","properties":{"osmId":"4610278350","name":null,"heightM":null,"radioBand":"yes","countryCode":"RO"},"geometry":{"type":"Point","coordinates":[28.6295213,44.1068745]}},{"type":"Feature","id":"4610278351","properties":{"osmId":"4610278351","name":null,"heightM":null,"radioBand":"yes","countryCode":"RO"},"geometry":{"type":"Point","coordinates":[28.6302279,44.1051539]}},{"type":"Feature","id":"4610278354","properties":{"osmId":"4610278354","name":null,"heightM":null,"radioBand":"yes","countryCode":"RO"},"geometry":{"type":"Point","coordinates":[28.6305972,44.1045956]}},{"type":"Feature","id":"4610278381","properties":{"osmId":"4610278381","name":null,"heightM":null,"radioBand":"yes","countryCode":"RO"},"geometry":{"type":"Point","coordinates":[28.6316465,44.1042488]}},{"type":"Feature","id":"4610278387","properties":{"osmId":"4610278387","name":null,"heightM":null,"radioBand":"yes","countryCode":"RO"},"geometry":{"type":"Point","coordinates":[28.6299205,44.1060117]}},{"type":"Feature","id":"6349728542","properties":{"osmId":"6349728542","name":null,"heightM":null,"radioBand":"yes","countryCode":"RO"},"geometry":{"type":"Point","coordinates":[28.657406,44.0963523]}},{"type":"Feature","id":"6643079095","properties":{"osmId":"6643079095","name":null,"heightM":null,"radioBand":"yes","countryCode":"RO"},"geometry":{"type":"Point","coordinates":[20.9625181,45.8889077]}},{"type":"Feature","id":"7263109774","properties":{"osmId":"7263109774","name":null,"heightM":null,"radioBand":"yes","countryCode":"RO"},"geometry":{"type":"Point","coordinates":[21.2262197,45.7473416]}},{"type":"Feature","id":"7706500178","properties":{"osmId":"7706500178","name":null,"heightM":null,"radioBand":"yes","countryCode":"RO"},"geometry":{"type":"Point","coordinates":[25.9502414,46.9775465]}},{"type":"Feature","id":"8597714710","properties":{"osmId":"8597714710","name":null,"heightM":null,"radioBand":"yes","countryCode":"RO"},"geometry":{"type":"Point","coordinates":[24.5857476,46.5483737]}},{"type":"Feature","id":"9024546795","properties":{"osmId":"9024546795","name":null,"heightM":null,"radioBand":"yes","countryCode":"RO"},"geometry":{"type":"Point","coordinates":[24.7950911,46.2292623]}},{"type":"Feature","id":"9532649201","properties":{"osmId":"9532649201","name":null,"heightM":null,"radioBand":"yes","countryCode":"RO"},"geometry":{"type":"Point","coordinates":[28.5402079,44.1693034]}},{"type":"Feature","id":"10244190717","properties":{"osmId":"10244190717","name":null,"heightM":null,"radioBand":"yes","countryCode":"RO"},"geometry":{"type":"Point","coordinates":[24.5124525,46.8985767]}},{"type":"Feature","id":"10244190736","properties":{"osmId":"10244190736","name":null,"heightM":null,"radioBand":"yes","countryCode":"RO"},"geometry":{"type":"Point","coordinates":[24.5169604,46.9011123]}},{"type":"Feature","id":"10244190737","properties":{"osmId":"10244190737","name":null,"heightM":null,"radioBand":"yes","countryCode":"RO"},"geometry":{"type":"Point","coordinates":[24.5162332,46.901259]}},{"type":"Feature","id":"11824001641","properties":{"osmId":"11824001641","name":null,"heightM":null,"radioBand":"yes","countryCode":"RO"},"geometry":{"type":"Point","coordinates":[25.3539816,46.28744]}},{"type":"Feature","id":"11868406318","properties":{"osmId":"11868406318","name":null,"heightM":null,"radioBand":"yes","countryCode":"RO"},"geometry":{"type":"Point","coordinates":[24.4515545,47.2576993]}},{"type":"Feature","id":"11878730782","properties":{"osmId":"11878730782","name":null,"heightM":null,"radioBand":"yes","countryCode":"RO"},"geometry":{"type":"Point","coordinates":[24.8503983,46.433548]}},{"type":"Feature","id":"11947353164","properties":{"osmId":"11947353164","name":null,"heightM":null,"radioBand":"yes","countryCode":"RO"},"geometry":{"type":"Point","coordinates":[24.4776233,46.5597729]}},{"type":"Feature","id":"11947353165","properties":{"osmId":"11947353165","name":null,"heightM":null,"radioBand":"yes","countryCode":"RO"},"geometry":{"type":"Point","coordinates":[24.4783799,46.5595643]}},{"type":"Feature","id":"11947486454","properties":{"osmId":"11947486454","name":null,"heightM":null,"radioBand":"yes","countryCode":"RO"},"geometry":{"type":"Point","coordinates":[24.3609859,46.6013674]}},{"type":"Feature","id":"11953482946","properties":{"osmId":"11953482946","name":null,"heightM":null,"radioBand":"yes","countryCode":"RO"},"geometry":{"type":"Point","coordinates":[26.5774065,46.2099587]}},{"type":"Feature","id":"11953482947","properties":{"osmId":"11953482947","name":null,"heightM":null,"radioBand":"yes","countryCode":"RO"},"geometry":{"type":"Point","coordinates":[26.5770922,46.2103479]}},{"type":"Feature","id":"11953482948","properties":{"osmId":"11953482948","name":null,"heightM":null,"radioBand":"yes","countryCode":"RO"},"geometry":{"type":"Point","coordinates":[26.576854,46.2105469]}},{"type":"Feature","id":"11953482957","properties":{"osmId":"11953482957","name":null,"heightM":null,"radioBand":"yes","countryCode":"RO"},"geometry":{"type":"Point","coordinates":[26.5777547,46.2097578]}},{"type":"Feature","id":"12172040756","properties":{"osmId":"12172040756","name":null,"heightM":null,"radioBand":"yes","countryCode":"RO"},"geometry":{"type":"Point","coordinates":[22.3099012,45.2939899]}},{"type":"Feature","id":"13019710445","properties":{"osmId":"13019710445","name":null,"heightM":null,"radioBand":"yes","countryCode":"RO"},"geometry":{"type":"Point","coordinates":[26.8525065,46.752382]}},{"type":"Feature","id":"13019710446","properties":{"osmId":"13019710446","name":null,"heightM":null,"radioBand":"yes","countryCode":"RO"},"geometry":{"type":"Point","coordinates":[26.8529994,46.7535349]}},{"type":"Feature","id":"13019710447","properties":{"osmId":"13019710447","name":null,"heightM":null,"radioBand":"yes","countryCode":"RO"},"geometry":{"type":"Point","coordinates":[26.8542404,46.7543593]}},{"type":"Feature","id":"13019710448","properties":{"osmId":"13019710448","name":null,"heightM":null,"radioBand":"yes","countryCode":"RO"},"geometry":{"type":"Point","coordinates":[26.8554291,46.7551932]}},{"type":"Feature","id":"13019710449","properties":{"osmId":"13019710449","name":null,"heightM":null,"radioBand":"yes","countryCode":"RO"},"geometry":{"type":"Point","coordinates":[26.8567245,46.7560612]}},{"type":"Feature","id":"13019710450","properties":{"osmId":"13019710450","name":null,"heightM":null,"radioBand":"yes","countryCode":"RO"},"geometry":{"type":"Point","coordinates":[26.8586749,46.7567674]}},{"type":"Feature","id":"13019710451","properties":{"osmId":"13019710451","name":null,"heightM":null,"radioBand":"yes","countryCode":"RO"},"geometry":{"type":"Point","coordinates":[26.8590954,46.7572798]}},{"type":"Feature","id":"13019710452","properties":{"osmId":"13019710452","name":null,"heightM":null,"radioBand":"yes","countryCode":"RO"},"geometry":{"type":"Point","coordinates":[26.8600361,46.750958]}},{"type":"Feature","id":"13019710453","properties":{"osmId":"13019710453","name":null,"heightM":null,"radioBand":"yes","countryCode":"RO"},"geometry":{"type":"Point","coordinates":[26.8608765,46.7499461]}},{"type":"Feature","id":"13019710454","properties":{"osmId":"13019710454","name":null,"heightM":null,"radioBand":"yes","countryCode":"RO"},"geometry":{"type":"Point","coordinates":[26.8616984,46.7487987]}},{"type":"Feature","id":"13019710455","properties":{"osmId":"13019710455","name":null,"heightM":null,"radioBand":"yes","countryCode":"RO"},"geometry":{"type":"Point","coordinates":[26.8614635,46.7479985]}},{"type":"Feature","id":"13019710456","properties":{"osmId":"13019710456","name":null,"heightM":null,"radioBand":"yes","countryCode":"RO"},"geometry":{"type":"Point","coordinates":[26.8610186,46.7467917]}},{"type":"Feature","id":"13019710457","properties":{"osmId":"13019710457","name":null,"heightM":null,"radioBand":"yes","countryCode":"RO"},"geometry":{"type":"Point","coordinates":[26.855757,46.746815]}},{"type":"Feature","id":"13019710458","properties":{"osmId":"13019710458","name":null,"heightM":null,"radioBand":"yes","countryCode":"RO"},"geometry":{"type":"Point","coordinates":[26.8523831,46.7495311]}},{"type":"Feature","id":"13019710459","properties":{"osmId":"13019710459","name":null,"heightM":null,"radioBand":"yes","countryCode":"RO"},"geometry":{"type":"Point","coordinates":[26.8520623,46.7512365]}},{"type":"Feature","id":"13019710461","properties":{"osmId":"13019710461","name":null,"heightM":null,"radioBand":"yes","countryCode":"RO"},"geometry":{"type":"Point","coordinates":[26.8479923,46.755709]}},{"type":"Feature","id":"13019710482","properties":{"osmId":"13019710482","name":null,"heightM":null,"radioBand":"yes","countryCode":"RO"},"geometry":{"type":"Point","coordinates":[26.8517376,46.748808]}},{"type":"Feature","id":"13019710483","properties":{"osmId":"13019710483","name":null,"heightM":null,"radioBand":"yes","countryCode":"RO"},"geometry":{"type":"Point","coordinates":[26.8519484,46.7500117]}},{"type":"Feature","id":"13115647625","properties":{"osmId":"13115647625","name":null,"heightM":null,"radioBand":"yes","countryCode":"RO"},"geometry":{"type":"Point","coordinates":[26.0991312,44.7485725]}},{"type":"Feature","id":"13115647626","properties":{"osmId":"13115647626","name":null,"heightM":null,"radioBand":"yes","countryCode":"RO"},"geometry":{"type":"Point","coordinates":[26.0995296,44.7486909]}},{"type":"Feature","id":"13115647627","properties":{"osmId":"13115647627","name":null,"heightM":null,"radioBand":"yes","countryCode":"RO"},"geometry":{"type":"Point","coordinates":[26.0999403,44.7488202]}},{"type":"Feature","id":"13115647628","properties":{"osmId":"13115647628","name":null,"heightM":null,"radioBand":"yes","countryCode":"RO"},"geometry":{"type":"Point","coordinates":[26.1010726,44.7491615]}},{"type":"Feature","id":"13115647629","properties":{"osmId":"13115647629","name":null,"heightM":null,"radioBand":"yes","countryCode":"RO"},"geometry":{"type":"Point","coordinates":[26.1031666,44.7519859]}},{"type":"Feature","id":"13115647630","properties":{"osmId":"13115647630","name":null,"heightM":null,"radioBand":"yes","countryCode":"RO"},"geometry":{"type":"Point","coordinates":[26.1031166,44.7516799]}},{"type":"Feature","id":"13115647631","properties":{"osmId":"13115647631","name":null,"heightM":null,"radioBand":"yes","countryCode":"RO"},"geometry":{"type":"Point","coordinates":[26.1030788,44.7513783]}},{"type":"Feature","id":"13115647632","properties":{"osmId":"13115647632","name":null,"heightM":null,"radioBand":"yes","countryCode":"RO"},"geometry":{"type":"Point","coordinates":[26.1029076,44.7504824]}},{"type":"Feature","id":"13115647633","properties":{"osmId":"13115647633","name":null,"heightM":null,"radioBand":"yes","countryCode":"RO"},"geometry":{"type":"Point","coordinates":[26.1043074,44.7489087]}},{"type":"Feature","id":"13115647634","properties":{"osmId":"13115647634","name":null,"heightM":null,"radioBand":"yes","countryCode":"RO"},"geometry":{"type":"Point","coordinates":[26.1053107,44.7483927]}},{"type":"Feature","id":"13115647635","properties":{"osmId":"13115647635","name":null,"heightM":null,"radioBand":"yes","countryCode":"RO"},"geometry":{"type":"Point","coordinates":[26.1056566,44.7482115]}},{"type":"Feature","id":"13115647636","properties":{"osmId":"13115647636","name":null,"heightM":null,"radioBand":"yes","countryCode":"RO"},"geometry":{"type":"Point","coordinates":[26.1060258,44.7480299]}},{"type":"Feature","id":"13322635559","properties":{"osmId":"13322635559","name":null,"heightM":null,"radioBand":"yes","countryCode":"RO"},"geometry":{"type":"Point","coordinates":[28.4195855,44.8566993]}},{"type":"Feature","id":"13827203594","properties":{"osmId":"13827203594","name":null,"heightM":null,"radioBand":"yes","countryCode":"RO"},"geometry":{"type":"Point","coordinates":[28.6310601,44.1052857]}},{"type":"Feature","id":"13827203595","properties":{"osmId":"13827203595","name":null,"heightM":null,"radioBand":"yes","countryCode":"RO"},"geometry":{"type":"Point","coordinates":[28.6303207,44.1051099]}},{"type":"Feature","id":"13900447303","properties":{"osmId":"13900447303","name":null,"heightM":null,"radioBand":"yes","countryCode":"RO"},"geometry":{"type":"Point","coordinates":[22.186707,45.6469886]}},{"type":"Feature","id":"401787839","properties":{"osmId":"401787839","name":"Koeru raadio- ja telemast","heightM":349,"radioBand":"yes","countryCode":"EE"},"geometry":{"type":"Point","coordinates":[26.0565296,58.9747143]}},{"type":"Feature","id":"415478607","properties":{"osmId":"415478607","name":"Valgjärve raadio- ja telemast","heightM":347,"radioBand":"yes","countryCode":"EE"},"geometry":{"type":"Point","coordinates":[26.6780965,58.0971958]}},{"type":"Feature","id":"1913114226","properties":{"osmId":"1913114226","name":"Kohtla-Nõmme raadio- ja telemast","heightM":247,"radioBand":"yes","countryCode":"EE"},"geometry":{"type":"Point","coordinates":[27.1966777,59.3480721]}},{"type":"Feature","id":"8864199149","properties":{"osmId":"8864199149","name":null,"heightM":130,"radioBand":"yes","countryCode":"EE"},"geometry":{"type":"Point","coordinates":[27.2699905,59.4018159]}},{"type":"Feature","id":"11026556985","properties":{"osmId":"11026556985","name":null,"heightM":59,"radioBand":"yes","countryCode":"EE"},"geometry":{"type":"Point","coordinates":[27.0915713,58.0697178]}},{"type":"Feature","id":"7837901712","properties":{"osmId":"7837901712","name":null,"heightM":30,"radioBand":"yes","countryCode":"EE"},"geometry":{"type":"Point","coordinates":[24.8430407,59.4949565]}},{"type":"Feature","id":"11394501620","properties":{"osmId":"11394501620","name":null,"heightM":30,"radioBand":"yes","countryCode":"EE"},"geometry":{"type":"Point","coordinates":[26.1105888,59.16028]}},{"type":"Feature","id":"2800974313","properties":{"osmId":"2800974313","name":null,"heightM":null,"radioBand":"yes","countryCode":"EE"},"geometry":{"type":"Point","coordinates":[27.4451468,59.348686]}},{"type":"Feature","id":"2800974384","properties":{"osmId":"2800974384","name":null,"heightM":null,"radioBand":"yes","countryCode":"EE"},"geometry":{"type":"Point","coordinates":[27.4443466,59.3492777]}},{"type":"Feature","id":"2800974704","properties":{"osmId":"2800974704","name":null,"heightM":null,"radioBand":"yes","countryCode":"EE"},"geometry":{"type":"Point","coordinates":[27.4434639,59.3486572]}},{"type":"Feature","id":"2800975020","properties":{"osmId":"2800975020","name":null,"heightM":null,"radioBand":"yes","countryCode":"EE"},"geometry":{"type":"Point","coordinates":[27.4444387,59.3480563]}},{"type":"Feature","id":"1765114781","properties":{"osmId":"1765114781","name":"Dundagas radio un televīzijas stacija","heightM":203,"radioBand":"yes","countryCode":"LV"},"geometry":{"type":"Point","coordinates":[22.3312422,57.5140915]}},{"type":"Feature","id":"10902160673","properties":{"osmId":"10902160673","name":"Preiļu LVRTC tornis","heightM":87,"radioBand":"yes","countryCode":"LV"},"geometry":{"type":"Point","coordinates":[26.7280015,56.2894018]}},{"type":"Feature","id":"12487337580","properties":{"osmId":"12487337580","name":null,"heightM":368.5,"radioBand":"yes","countryCode":"LV"},"geometry":{"type":"Point","coordinates":[24.1369971,56.9239317]}},{"type":"Feature","id":"1447481150","properties":{"osmId":"1447481150","name":null,"heightM":202,"radioBand":"yes","countryCode":"LV"},"geometry":{"type":"Point","coordinates":[21.9218334,56.9336745]}},{"type":"Feature","id":"9848729954","properties":{"osmId":"9848729954","name":null,"heightM":30,"radioBand":"yes","countryCode":"LV"},"geometry":{"type":"Point","coordinates":[22.6364085,57.2285558]}},{"type":"Feature","id":"683478471","properties":{"osmId":"683478471","name":null,"heightM":null,"radioBand":"yes","countryCode":"LV"},"geometry":{"type":"Point","coordinates":[22.9002408,57.0403105]}},{"type":"Feature","id":"3911488842","properties":{"osmId":"3911488842","name":null,"heightM":null,"radioBand":"yes","countryCode":"LV"},"geometry":{"type":"Point","coordinates":[26.2005542,56.8573478]}},{"type":"Feature","id":"5285465479","properties":{"osmId":"5285465479","name":null,"heightM":null,"radioBand":"yes","countryCode":"LV"},"geometry":{"type":"Point","coordinates":[26.881678,57.2305462]}},{"type":"Feature","id":"5599269139","properties":{"osmId":"5599269139","name":null,"heightM":null,"radioBand":"yes","countryCode":"LV"},"geometry":{"type":"Point","coordinates":[22.6309804,57.2068592]}},{"type":"Feature","id":"5697486939","properties":{"osmId":"5697486939","name":null,"heightM":null,"radioBand":"yes","countryCode":"LV"},"geometry":{"type":"Point","coordinates":[26.1962464,56.8884544]}},{"type":"Feature","id":"6698963300","properties":{"osmId":"6698963300","name":null,"heightM":null,"radioBand":"yes","countryCode":"LV"},"geometry":{"type":"Point","coordinates":[23.2356542,56.9367253]}},{"type":"Feature","id":"6698963342","properties":{"osmId":"6698963342","name":null,"heightM":null,"radioBand":"yes","countryCode":"LV"},"geometry":{"type":"Point","coordinates":[23.2150194,56.9496092]}},{"type":"Feature","id":"6985379064","properties":{"osmId":"6985379064","name":null,"heightM":null,"radioBand":"yes","countryCode":"LV"},"geometry":{"type":"Point","coordinates":[23.1848431,57.0038571]}},{"type":"Feature","id":"7390705331","properties":{"osmId":"7390705331","name":null,"heightM":null,"radioBand":"yes","countryCode":"LV"},"geometry":{"type":"Point","coordinates":[22.7858146,57.0471364]}},{"type":"Feature","id":"7390705332","properties":{"osmId":"7390705332","name":null,"heightM":null,"radioBand":"yes","countryCode":"LV"},"geometry":{"type":"Point","coordinates":[21.2175617,56.8745921]}},{"type":"Feature","id":"7390705333","properties":{"osmId":"7390705333","name":null,"heightM":null,"radioBand":"yes","countryCode":"LV"},"geometry":{"type":"Point","coordinates":[22.6853732,57.1566739]}},{"type":"Feature","id":"7390705334","properties":{"osmId":"7390705334","name":null,"heightM":null,"radioBand":"yes","countryCode":"LV"},"geometry":{"type":"Point","coordinates":[23.3147907,56.912685]}},{"type":"Feature","id":"7390705335","properties":{"osmId":"7390705335","name":null,"heightM":null,"radioBand":"yes","countryCode":"LV"},"geometry":{"type":"Point","coordinates":[26.7412361,57.1778945]}},{"type":"Feature","id":"7390705336","properties":{"osmId":"7390705336","name":null,"heightM":null,"radioBand":"yes","countryCode":"LV"},"geometry":{"type":"Point","coordinates":[26.8866611,57.2395804]}},{"type":"Feature","id":"7393161588","properties":{"osmId":"7393161588","name":null,"heightM":null,"radioBand":"yes","countryCode":"LV"},"geometry":{"type":"Point","coordinates":[25.1756088,57.6964498]}},{"type":"Feature","id":"7393161589","properties":{"osmId":"7393161589","name":null,"heightM":null,"radioBand":"yes","countryCode":"LV"},"geometry":{"type":"Point","coordinates":[22.4748476,56.6798302]}},{"type":"Feature","id":"7393161590","properties":{"osmId":"7393161590","name":null,"heightM":null,"radioBand":"yes","countryCode":"LV"},"geometry":{"type":"Point","coordinates":[22.5433937,56.6771605]}},{"type":"Feature","id":"7393161591","properties":{"osmId":"7393161591","name":null,"heightM":null,"radioBand":"yes","countryCode":"LV"},"geometry":{"type":"Point","coordinates":[22.7964378,56.6422383]}},{"type":"Feature","id":"9219961965","properties":{"osmId":"9219961965","name":null,"heightM":null,"radioBand":"yes","countryCode":"LV"},"geometry":{"type":"Point","coordinates":[24.6025382,56.4523673]}},{"type":"Feature","id":"9817338273","properties":{"osmId":"9817338273","name":null,"heightM":null,"radioBand":"yes","countryCode":"LV"},"geometry":{"type":"Point","coordinates":[27.6307848,57.1173511]}},{"type":"Feature","id":"2121635991","properties":{"osmId":"2121635991","name":"Klaipėdos radijo ir televizijos bokštas","heightM":202,"radioBand":"yes","countryCode":"LT"},"geometry":{"type":"Point","coordinates":[21.0969032,55.7683153]}},{"type":"Feature","id":"4226030025","properties":{"osmId":"4226030025","name":"Radijo ir televizijos retransliavimo bokštas","heightM":53,"radioBand":"yes","countryCode":"LT"},"geometry":{"type":"Point","coordinates":[23.2682348,55.9107434]}},{"type":"Feature","id":"1990817342","properties":{"osmId":"1990817342","name":null,"heightM":257,"radioBand":"yes","countryCode":"LT"},"geometry":{"type":"Point","coordinates":[23.8134756,55.0433997]}},{"type":"Feature","id":"1623982376","properties":{"osmId":"1623982376","name":null,"heightM":245,"radioBand":"yes","countryCode":"LT"},"geometry":{"type":"Point","coordinates":[23.7946382,54.8017712]}},{"type":"Feature","id":"1990817340","properties":{"osmId":"1990817340","name":null,"heightM":150,"radioBand":"yes","countryCode":"LT"},"geometry":{"type":"Point","coordinates":[23.8107695,55.0455712]}},{"type":"Feature","id":"1990817341","properties":{"osmId":"1990817341","name":null,"heightM":150,"radioBand":"yes","countryCode":"LT"},"geometry":{"type":"Point","coordinates":[23.8089636,55.0452998]}},{"type":"Feature","id":"1990815961","properties":{"osmId":"1990815961","name":null,"heightM":114,"radioBand":"yes","countryCode":"LT"},"geometry":{"type":"Point","coordinates":[23.8040223,55.0441179]}},{"type":"Feature","id":"1990815963","properties":{"osmId":"1990815963","name":null,"heightM":114,"radioBand":"yes","countryCode":"LT"},"geometry":{"type":"Point","coordinates":[23.8052454,55.0449554]}},{"type":"Feature","id":"1990815965","properties":{"osmId":"1990815965","name":null,"heightM":87.5,"radioBand":"yes","countryCode":"LT"},"geometry":{"type":"Point","coordinates":[23.8094486,55.038985]}},{"type":"Feature","id":"1990815962","properties":{"osmId":"1990815962","name":null,"heightM":65,"radioBand":"yes","countryCode":"LT"},"geometry":{"type":"Point","coordinates":[23.8031871,55.0435536]}},{"type":"Feature","id":"1990815967","properties":{"osmId":"1990815967","name":null,"heightM":65,"radioBand":"yes","countryCode":"LT"},"geometry":{"type":"Point","coordinates":[23.8033933,55.0429466]}},{"type":"Feature","id":"5497693845","properties":{"osmId":"5497693845","name":null,"heightM":65,"radioBand":"yes","countryCode":"LT"},"geometry":{"type":"Point","coordinates":[23.8108104,55.0389888]}},{"type":"Feature","id":"3641257286","properties":{"osmId":"3641257286","name":null,"heightM":null,"radioBand":"yes","countryCode":"LT"},"geometry":{"type":"Point","coordinates":[25.5865939,55.942486]}},{"type":"Feature","id":"7813897290","properties":{"osmId":"7813897290","name":null,"heightM":null,"radioBand":"yes","countryCode":"LT"},"geometry":{"type":"Point","coordinates":[23.7787488,55.7385375]}},{"type":"Feature","id":"14053282928","properties":{"osmId":"14053282928","name":null,"heightM":null,"radioBand":"yes","countryCode":"LT"},"geometry":{"type":"Point","coordinates":[21.7867559,55.938701]}},{"type":"Feature","id":"3158744474","properties":{"osmId":"3158744474","name":null,"heightM":null,"radioBand":"yes","countryCode":"ML"},"geometry":{"type":"Point","coordinates":[-9.6070085,15.2213342]}},{"type":"Feature","id":"5730067860","properties":{"osmId":"5730067860","name":null,"heightM":null,"radioBand":"yes","countryCode":"ML"},"geometry":{"type":"Point","coordinates":[-8.0271488,12.6877406]}},{"type":"Feature","id":"5730067861","properties":{"osmId":"5730067861","name":null,"heightM":null,"radioBand":"yes","countryCode":"ML"},"geometry":{"type":"Point","coordinates":[-8.0258471,12.6872428]}},{"type":"Feature","id":"9685135315","properties":{"osmId":"9685135315","name":null,"heightM":null,"radioBand":"yes","countryCode":"ML"},"geometry":{"type":"Point","coordinates":[-0.0162659,16.2484298]}},{"type":"Feature","id":"10567554333","properties":{"osmId":"10567554333","name":null,"heightM":null,"radioBand":"yes","countryCode":"ML"},"geometry":{"type":"Point","coordinates":[-7.9926144,12.6651095]}},{"type":"Feature","id":"10567554334","properties":{"osmId":"10567554334","name":null,"heightM":null,"radioBand":"yes","countryCode":"ML"},"geometry":{"type":"Point","coordinates":[-7.9938834,12.6661966]}},{"type":"Feature","id":"11043505872","properties":{"osmId":"11043505872","name":null,"heightM":null,"radioBand":"yes","countryCode":"ML"},"geometry":{"type":"Point","coordinates":[-11.2457177,14.2292422]}},{"type":"Feature","id":"11290489504","properties":{"osmId":"11290489504","name":null,"heightM":null,"radioBand":"yes","countryCode":"ML"},"geometry":{"type":"Point","coordinates":[-9.3187143,15.325819]}},{"type":"Feature","id":"11795287716","properties":{"osmId":"11795287716","name":null,"heightM":null,"radioBand":"yes","countryCode":"ML"},"geometry":{"type":"Point","coordinates":[-5.1852326,12.6674847]}},{"type":"Feature","id":"11806062088","properties":{"osmId":"11806062088","name":null,"heightM":null,"radioBand":"yes","countryCode":"ML"},"geometry":{"type":"Point","coordinates":[-4.9737608,12.7628584]}},{"type":"Feature","id":"11893355553","properties":{"osmId":"11893355553","name":null,"heightM":null,"radioBand":"yes","countryCode":"ML"},"geometry":{"type":"Point","coordinates":[-5.327745,13.2371753]}},{"type":"Feature","id":"11917551779","properties":{"osmId":"11917551779","name":null,"heightM":null,"radioBand":"yes","countryCode":"ML"},"geometry":{"type":"Point","coordinates":[-5.6013828,14.0166787]}},{"type":"Feature","id":"12022516944","properties":{"osmId":"12022516944","name":null,"heightM":null,"radioBand":"yes","countryCode":"ML"},"geometry":{"type":"Point","coordinates":[-5.2464871,13.8705887]}},{"type":"Feature","id":"12067520365","properties":{"osmId":"12067520365","name":null,"heightM":null,"radioBand":"yes","countryCode":"ML"},"geometry":{"type":"Point","coordinates":[-6.0639896,13.3334881]}},{"type":"Feature","id":"12118207781","properties":{"osmId":"12118207781","name":null,"heightM":null,"radioBand":"yes","countryCode":"ML"},"geometry":{"type":"Point","coordinates":[-7.0164665,13.1533989]}},{"type":"Feature","id":"12121856956","properties":{"osmId":"12121856956","name":null,"heightM":null,"radioBand":"yes","countryCode":"ML"},"geometry":{"type":"Point","coordinates":[-6.6278533,13.3197755]}},{"type":"Feature","id":"12154537939","properties":{"osmId":"12154537939","name":null,"heightM":null,"radioBand":"yes","countryCode":"ML"},"geometry":{"type":"Point","coordinates":[-6.211724,13.0842994]}},{"type":"Feature","id":"12187824802","properties":{"osmId":"12187824802","name":null,"heightM":null,"radioBand":"yes","countryCode":"ML"},"geometry":{"type":"Point","coordinates":[-5.8684835,13.7752237]}},{"type":"Feature","id":"12187824832","properties":{"osmId":"12187824832","name":null,"heightM":null,"radioBand":"yes","countryCode":"ML"},"geometry":{"type":"Point","coordinates":[-5.8812448,13.7676009]}},{"type":"Feature","id":"12207938604","properties":{"osmId":"12207938604","name":null,"heightM":null,"radioBand":"yes","countryCode":"ML"},"geometry":{"type":"Point","coordinates":[-6.4212613,14.1180169]}},{"type":"Feature","id":"12215700908","properties":{"osmId":"12215700908","name":null,"heightM":null,"radioBand":"yes","countryCode":"ML"},"geometry":{"type":"Point","coordinates":[-6.4166346,14.5831811]}},{"type":"Feature","id":"12466261663","properties":{"osmId":"12466261663","name":null,"heightM":null,"radioBand":"yes","countryCode":"ML"},"geometry":{"type":"Point","coordinates":[-11.5472944,14.420523]}},{"type":"Feature","id":"12486300034","properties":{"osmId":"12486300034","name":null,"heightM":null,"radioBand":"yes","countryCode":"ML"},"geometry":{"type":"Point","coordinates":[-10.7791039,13.3355694]}},{"type":"Feature","id":"12486300035","properties":{"osmId":"12486300035","name":null,"heightM":null,"radioBand":"yes","countryCode":"ML"},"geometry":{"type":"Point","coordinates":[-10.7781374,13.3367762]}},{"type":"Feature","id":"12541194288","properties":{"osmId":"12541194288","name":null,"heightM":null,"radioBand":"yes","countryCode":"ML"},"geometry":{"type":"Point","coordinates":[-9.9236382,13.1950242]}},{"type":"Feature","id":"12557756709","properties":{"osmId":"12557756709","name":null,"heightM":null,"radioBand":"yes","countryCode":"ML"},"geometry":{"type":"Point","coordinates":[-9.5185802,13.3575656]}},{"type":"Feature","id":"12570399928","properties":{"osmId":"12570399928","name":null,"heightM":null,"radioBand":"yes","countryCode":"ML"},"geometry":{"type":"Point","coordinates":[-9.3969286,13.1366806]}},{"type":"Feature","id":"12612392039","properties":{"osmId":"12612392039","name":null,"heightM":null,"radioBand":"yes","countryCode":"ML"},"geometry":{"type":"Point","coordinates":[-9.191951,13.1203927]}},{"type":"Feature","id":"12672729075","properties":{"osmId":"12672729075","name":null,"heightM":null,"radioBand":"yes","countryCode":"ML"},"geometry":{"type":"Point","coordinates":[-9.437614,14.157785]}},{"type":"Feature","id":"12695143242","properties":{"osmId":"12695143242","name":null,"heightM":null,"radioBand":"yes","countryCode":"ML"},"geometry":{"type":"Point","coordinates":[-10.5557526,14.0683499]}},{"type":"Feature","id":"12773512330","properties":{"osmId":"12773512330","name":null,"heightM":null,"radioBand":"yes","countryCode":"ML"},"geometry":{"type":"Point","coordinates":[-10.4462273,14.1114882]}},{"type":"Feature","id":"12773512750","properties":{"osmId":"12773512750","name":null,"heightM":null,"radioBand":"yes","countryCode":"ML"},"geometry":{"type":"Point","coordinates":[-10.232326,14.382464]}},{"type":"Feature","id":"12773512838","properties":{"osmId":"12773512838","name":null,"heightM":null,"radioBand":"yes","countryCode":"ML"},"geometry":{"type":"Point","coordinates":[-10.2900967,14.4214013]}},{"type":"Feature","id":"12799915132","properties":{"osmId":"12799915132","name":null,"heightM":null,"radioBand":"yes","countryCode":"ML"},"geometry":{"type":"Point","coordinates":[-10.370253,14.0359282]}},{"type":"Feature","id":"12811194062","properties":{"osmId":"12811194062","name":null,"heightM":null,"radioBand":"yes","countryCode":"ML"},"geometry":{"type":"Point","coordinates":[-10.3445245,13.942082]}},{"type":"Feature","id":"12815181474","properties":{"osmId":"12815181474","name":null,"heightM":null,"radioBand":"yes","countryCode":"ML"},"geometry":{"type":"Point","coordinates":[-10.0724194,14.0565798]}},{"type":"Feature","id":"12816186578","properties":{"osmId":"12816186578","name":null,"heightM":null,"radioBand":"yes","countryCode":"ML"},"geometry":{"type":"Point","coordinates":[-10.1416358,14.0324782]}},{"type":"Feature","id":"12824905592","properties":{"osmId":"12824905592","name":null,"heightM":null,"radioBand":"yes","countryCode":"ML"},"geometry":{"type":"Point","coordinates":[-9.7379179,14.2675138]}},{"type":"Feature","id":"12824905593","properties":{"osmId":"12824905593","name":null,"heightM":null,"radioBand":"yes","countryCode":"ML"},"geometry":{"type":"Point","coordinates":[-9.7381848,14.2683326]}},{"type":"Feature","id":"12833165137","properties":{"osmId":"12833165137","name":null,"heightM":null,"radioBand":"yes","countryCode":"ML"},"geometry":{"type":"Point","coordinates":[-9.4374205,14.5018733]}},{"type":"Feature","id":"12859739515","properties":{"osmId":"12859739515","name":null,"heightM":null,"radioBand":"yes","countryCode":"ML"},"geometry":{"type":"Point","coordinates":[-9.1860663,14.547077]}},{"type":"Feature","id":"12863307540","properties":{"osmId":"12863307540","name":null,"heightM":null,"radioBand":"yes","countryCode":"ML"},"geometry":{"type":"Point","coordinates":[-9.321643,14.2514573]}},{"type":"Feature","id":"12863307541","properties":{"osmId":"12863307541","name":null,"heightM":null,"radioBand":"yes","countryCode":"ML"},"geometry":{"type":"Point","coordinates":[-9.3226433,14.2519191]}},{"type":"Feature","id":"12865862569","properties":{"osmId":"12865862569","name":null,"heightM":null,"radioBand":"yes","countryCode":"ML"},"geometry":{"type":"Point","coordinates":[-8.8398128,14.5080496]}},{"type":"Feature","id":"12872710404","properties":{"osmId":"12872710404","name":null,"heightM":null,"radioBand":"yes","countryCode":"ML"},"geometry":{"type":"Point","coordinates":[-9.2188761,14.6220866]}},{"type":"Feature","id":"12876319947","properties":{"osmId":"12876319947","name":null,"heightM":null,"radioBand":"yes","countryCode":"ML"},"geometry":{"type":"Point","coordinates":[-9.2980357,14.7233087]}},{"type":"Feature","id":"12876319970","properties":{"osmId":"12876319970","name":null,"heightM":null,"radioBand":"yes","countryCode":"ML"},"geometry":{"type":"Point","coordinates":[-9.2981861,14.7250883]}},{"type":"Feature","id":"12898819070","properties":{"osmId":"12898819070","name":null,"heightM":null,"radioBand":"yes","countryCode":"ML"},"geometry":{"type":"Point","coordinates":[-8.480964,14.493611]}},{"type":"Feature","id":"12900776771","properties":{"osmId":"12900776771","name":null,"heightM":null,"radioBand":"yes","countryCode":"ML"},"geometry":{"type":"Point","coordinates":[-8.5453226,14.8565809]}},{"type":"Feature","id":"12911723359","properties":{"osmId":"12911723359","name":null,"heightM":null,"radioBand":"yes","countryCode":"ML"},"geometry":{"type":"Point","coordinates":[-8.1520679,14.5746867]}},{"type":"Feature","id":"12925508646","properties":{"osmId":"12925508646","name":null,"heightM":null,"radioBand":"yes","countryCode":"ML"},"geometry":{"type":"Point","coordinates":[-8.0560915,14.6386111]}},{"type":"Feature","id":"12944095826","properties":{"osmId":"12944095826","name":null,"heightM":null,"radioBand":"yes","countryCode":"ML"},"geometry":{"type":"Point","coordinates":[-9.0167735,14.7668268]}},{"type":"Feature","id":"12944095991","properties":{"osmId":"12944095991","name":null,"heightM":null,"radioBand":"yes","countryCode":"ML"},"geometry":{"type":"Point","coordinates":[-9.1473815,14.831072]}},{"type":"Feature","id":"12951213456","properties":{"osmId":"12951213456","name":null,"heightM":null,"radioBand":"yes","countryCode":"ML"},"geometry":{"type":"Point","coordinates":[-9.2614937,14.957337]}},{"type":"Feature","id":"12963951167","properties":{"osmId":"12963951167","name":null,"heightM":null,"radioBand":"yes","countryCode":"ML"},"geometry":{"type":"Point","coordinates":[-9.5637407,15.0358389]}},{"type":"Feature","id":"12968603689","properties":{"osmId":"12968603689","name":null,"heightM":null,"radioBand":"yes","countryCode":"ML"},"geometry":{"type":"Point","coordinates":[-9.419173,15.2518062]}},{"type":"Feature","id":"12993891394","properties":{"osmId":"12993891394","name":null,"heightM":null,"radioBand":"yes","countryCode":"ML"},"geometry":{"type":"Point","coordinates":[-9.6293804,15.2704847]}},{"type":"Feature","id":"12996515598","properties":{"osmId":"12996515598","name":null,"heightM":null,"radioBand":"yes","countryCode":"ML"},"geometry":{"type":"Point","coordinates":[-9.4821421,15.3347084]}},{"type":"Feature","id":"13001064958","properties":{"osmId":"13001064958","name":null,"heightM":null,"radioBand":"yes","countryCode":"ML"},"geometry":{"type":"Point","coordinates":[-9.2271214,15.271733]}},{"type":"Feature","id":"13018015391","properties":{"osmId":"13018015391","name":null,"heightM":null,"radioBand":"yes","countryCode":"ML"},"geometry":{"type":"Point","coordinates":[-9.1814062,15.146556]}},{"type":"Feature","id":"13070075521","properties":{"osmId":"13070075521","name":null,"heightM":null,"radioBand":"yes","countryCode":"ML"},"geometry":{"type":"Point","coordinates":[-8.9561548,15.1353006]}},{"type":"Feature","id":"13070075584","properties":{"osmId":"13070075584","name":null,"heightM":null,"radioBand":"yes","countryCode":"ML"},"geometry":{"type":"Point","coordinates":[-8.7407374,15.2317202]}},{"type":"Feature","id":"13070075632","properties":{"osmId":"13070075632","name":null,"heightM":null,"radioBand":"yes","countryCode":"ML"},"geometry":{"type":"Point","coordinates":[-8.742956,15.2243958]}},{"type":"Feature","id":"13081367470","properties":{"osmId":"13081367470","name":null,"heightM":null,"radioBand":"yes","countryCode":"ML"},"geometry":{"type":"Point","coordinates":[-8.5845318,15.3352777]}},{"type":"Feature","id":"13081367471","properties":{"osmId":"13081367471","name":null,"heightM":null,"radioBand":"yes","countryCode":"ML"},"geometry":{"type":"Point","coordinates":[-8.5925945,15.3351949]}},{"type":"Feature","id":"13084001171","properties":{"osmId":"13084001171","name":null,"heightM":null,"radioBand":"yes","countryCode":"ML"},"geometry":{"type":"Point","coordinates":[-8.4429219,14.8928646]}},{"type":"Feature","id":"13088728487","properties":{"osmId":"13088728487","name":null,"heightM":null,"radioBand":"yes","countryCode":"ML"},"geometry":{"type":"Point","coordinates":[-7.9339538,14.6048581]}},{"type":"Feature","id":"13102992340","properties":{"osmId":"13102992340","name":null,"heightM":null,"radioBand":"yes","countryCode":"ML"},"geometry":{"type":"Point","coordinates":[-8.2881769,15.3784422]}},{"type":"Feature","id":"13132803976","properties":{"osmId":"13132803976","name":null,"heightM":null,"radioBand":"yes","countryCode":"ML"},"geometry":{"type":"Point","coordinates":[-7.6731985,15.004557]}},{"type":"Feature","id":"13135736377","properties":{"osmId":"13135736377","name":null,"heightM":null,"radioBand":"yes","countryCode":"ML"},"geometry":{"type":"Point","coordinates":[-7.6769622,15.0246143]}},{"type":"Feature","id":"13800197511","properties":{"osmId":"13800197511","name":null,"heightM":null,"radioBand":"yes","countryCode":"ML"},"geometry":{"type":"Point","coordinates":[-8.0074438,15.1144656]}},{"type":"Feature","id":"13805300732","properties":{"osmId":"13805300732","name":null,"heightM":null,"radioBand":"yes","countryCode":"ML"},"geometry":{"type":"Point","coordinates":[-6.6725081,14.6562932]}},{"type":"Feature","id":"14080924428","properties":{"osmId":"14080924428","name":null,"heightM":null,"radioBand":"yes","countryCode":"ML"},"geometry":{"type":"Point","coordinates":[-8.2720882,13.3204474]}},{"type":"Feature","id":"14166367651","properties":{"osmId":"14166367651","name":null,"heightM":null,"radioBand":"yes","countryCode":"ML"},"geometry":{"type":"Point","coordinates":[-8.12351,12.6774015]}},{"type":"Feature","id":"12084944814","properties":{"osmId":"12084944814","name":null,"heightM":null,"radioBand":"yes","countryCode":"SO"},"geometry":{"type":"Point","coordinates":[44.0610894,9.5722319]}},{"type":"Feature","id":"12084944815","properties":{"osmId":"12084944815","name":null,"heightM":null,"radioBand":"yes","countryCode":"SO"},"geometry":{"type":"Point","coordinates":[44.0607839,9.5727758]}},{"type":"Feature","id":"1446311891","properties":{"osmId":"1446311891","name":"DXCR Tower","heightM":50,"radioBand":"yes","countryCode":"PH"},"geometry":{"type":"Point","coordinates":[125.0059245,7.9813261]}},{"type":"Feature","id":"428740830","properties":{"osmId":"428740830","name":"DZLB Transmission Tower","heightM":36,"radioBand":"am","countryCode":"PH"},"geometry":{"type":"Point","coordinates":[121.2429562,14.1680165]}},{"type":"Feature","id":"255068105","properties":{"osmId":"255068105","name":"DZRH-AM","heightM":null,"radioBand":"am","countryCode":"PH"},"geometry":{"type":"Point","coordinates":[120.9535961,14.7253212]}},{"type":"Feature","id":"1422902058","properties":{"osmId":"1422902058","name":"DZUP Tower","heightM":null,"radioBand":"am","countryCode":"PH"},"geometry":{"type":"Point","coordinates":[121.0640125,14.6510133]}},{"type":"Feature","id":"1763097096","properties":{"osmId":"1763097096","name":"DZRD 981","heightM":null,"radioBand":"am","countryCode":"PH"},"geometry":{"type":"Point","coordinates":[120.3380263,16.0602987]}},{"type":"Feature","id":"2300497622","properties":{"osmId":"2300497622","name":"Star FM Iloilo Transmitter","heightM":null,"radioBand":"fm","countryCode":"PH"},"geometry":{"type":"Point","coordinates":[122.5688891,10.691829]}},{"type":"Feature","id":"2300498007","properties":{"osmId":"2300498007","name":"Win Radio DYNY-FM 107.9","heightM":null,"radioBand":"yes","countryCode":"PH"},"geometry":{"type":"Point","coordinates":[122.5655134,10.6979559]}},{"type":"Feature","id":"2368207239","properties":{"osmId":"2368207239","name":"1143 DZMR Radio Transmitter Antenna","heightM":null,"radioBand":"am","countryCode":"PH"},"geometry":{"type":"Point","coordinates":[121.6004,16.6918127]}},{"type":"Feature","id":"2476714216","properties":{"osmId":"2476714216","name":"Radio Veritas Transmitter Antenna","heightM":null,"radioBand":"yes","countryCode":"PH"},"geometry":{"type":"Point","coordinates":[121.1508374,16.4893434]}},{"type":"Feature","id":"3313369306","properties":{"osmId":"3313369306","name":"DYNJ-FM 98.3 RJ-FM","heightM":null,"radioBand":"fm","countryCode":"PH"},"geometry":{"type":"Point","coordinates":[122.5685323,10.7014668]}},{"type":"Feature","id":"3734680458","properties":{"osmId":"3734680458","name":"DWAD AM","heightM":null,"radioBand":"am","countryCode":"PH"},"geometry":{"type":"Point","coordinates":[121.0389549,14.588909]}},{"type":"Feature","id":"3787592944","properties":{"osmId":"3787592944","name":"Radyo Pilipinas Iloilo Tower","heightM":null,"radioBand":"am","countryCode":"PH"},"geometry":{"type":"Point","coordinates":[122.5504562,10.6974465]}},{"type":"Feature","id":"3787592947","properties":{"osmId":"3787592947","name":"DYSA-AM 1053 Ang Dios Gugma Radio","heightM":null,"radioBand":"am","countryCode":"PH"},"geometry":{"type":"Point","coordinates":[122.5314649,10.7047367]}},{"type":"Feature","id":"3872352212","properties":{"osmId":"3872352212","name":"Aksyon Radyo Iloilo Transmitter","heightM":null,"radioBand":"am","countryCode":"PH"},"geometry":{"type":"Point","coordinates":[122.5648327,10.7053463]}},{"type":"Feature","id":"4012561196","properties":{"osmId":"4012561196","name":"DWWW 774 Transmitter Tower","heightM":null,"radioBand":"am","countryCode":"PH"},"geometry":{"type":"Point","coordinates":[120.940944,14.7175748]}},{"type":"Feature","id":"4034037308","properties":{"osmId":"4034037308","name":"DWPM-AM","heightM":null,"radioBand":"am","countryCode":"PH"},"geometry":{"type":"Point","coordinates":[120.9467131,14.6939142]}},{"type":"Feature","id":"4034037309","properties":{"osmId":"4034037309","name":"DZBB-AM","heightM":null,"radioBand":"am","countryCode":"PH"},"geometry":{"type":"Point","coordinates":[120.9447339,14.6977783]}},{"type":"Feature","id":"4034037332","properties":{"osmId":"4034037332","name":"ME Radio Transmitter","heightM":null,"radioBand":"am","countryCode":"PH"},"geometry":{"type":"Point","coordinates":[120.9434636,14.700168]}},{"type":"Feature","id":"4150404805","properties":{"osmId":"4150404805","name":"DYKB-AM 1404Khz RPN Bacolod","heightM":null,"radioBand":"am","countryCode":"PH"},"geometry":{"type":"Point","coordinates":[122.9101625,10.5979404]}},{"type":"Feature","id":"4151580144","properties":{"osmId":"4151580144","name":"DYEZ-FM","heightM":null,"radioBand":"fm","countryCode":"PH"},"geometry":{"type":"Point","coordinates":[122.950137,10.6715594]}},{"type":"Feature","id":"4151587376","properties":{"osmId":"4151587376","name":"Easy Rock Bacolod Transmitter","heightM":null,"radioBand":"fm","countryCode":"PH"},"geometry":{"type":"Point","coordinates":[122.9525456,10.6708901]}},{"type":"Feature","id":"4281387389","properties":{"osmId":"4281387389","name":"MBC FM Transmitter A","heightM":null,"radioBand":"fm","countryCode":"PH"},"geometry":{"type":"Point","coordinates":[121.0581768,14.586076]}},{"type":"Feature","id":"4359878119","properties":{"osmId":"4359878119","name":"DZJV Transmission Tower","heightM":null,"radioBand":"am","countryCode":"PH"},"geometry":{"type":"Point","coordinates":[121.152179,14.2090354]}},{"type":"Feature","id":"4678407389","properties":{"osmId":"4678407389","name":"103.5 The Anchor FM","heightM":null,"radioBand":"fm","countryCode":"PH"},"geometry":{"type":"Point","coordinates":[122.5555544,10.7280725]}},{"type":"Feature","id":"5190518737","properties":{"osmId":"5190518737","name":"DZYT 765","heightM":null,"radioBand":"am","countryCode":"PH"},"geometry":{"type":"Point","coordinates":[121.7309446,17.611177]}},{"type":"Feature","id":"5232625055","properties":{"osmId":"5232625055","name":"DWBL 1242 BL News Radio Transmitter","heightM":null,"radioBand":"yes","countryCode":"PH"},"geometry":{"type":"Point","coordinates":[120.9453243,14.7225115]}},{"type":"Feature","id":"6424859588","properties":{"osmId":"6424859588","name":"RPN DYKB Bacolod","heightM":null,"radioBand":"am","countryCode":"PH"},"geometry":{"type":"Point","coordinates":[122.9133027,10.5961705]}},{"type":"Feature","id":"7097703985","properties":{"osmId":"7097703985","name":"91.7 Happy FM","heightM":null,"radioBand":"yes","countryCode":"PH"},"geometry":{"type":"Point","coordinates":[124.8331651,6.5087644]}},{"type":"Feature","id":"7685266482","properties":{"osmId":"7685266482","name":"DZBF 1674 KHz","heightM":null,"radioBand":"yes","countryCode":"PH"},"geometry":{"type":"Point","coordinates":[121.102939,14.6406263]}},{"type":"Feature","id":"8099304277","properties":{"osmId":"8099304277","name":"Radyo Biñan","heightM":null,"radioBand":"fm","countryCode":"PH"},"geometry":{"type":"Point","coordinates":[121.0794844,14.3160333]}},{"type":"Feature","id":"8141016018","properties":{"osmId":"8141016018","name":"DYSS-AM","heightM":null,"radioBand":"am","countryCode":"PH"},"geometry":{"type":"Point","coordinates":[123.8762006,10.2864216]}},{"type":"Feature","id":"9502757396","properties":{"osmId":"9502757396","name":"Spirit FM Lucena Transmitter","heightM":null,"radioBand":"fm","countryCode":"PH"},"geometry":{"type":"Point","coordinates":[121.5898544,13.9451675]}},{"type":"Feature","id":"9502757398","properties":{"osmId":"9502757398","name":"Brigada News FM Lucena Transmitter","heightM":null,"radioBand":"fm","countryCode":"PH"},"geometry":{"type":"Point","coordinates":[121.5783535,13.9509632]}},{"type":"Feature","id":"9513780947","properties":{"osmId":"9513780947","name":"Spirit FM Calinog Transmitter","heightM":null,"radioBand":"fm","countryCode":"PH"},"geometry":{"type":"Point","coordinates":[122.538925,11.1320237]}},{"type":"Feature","id":"9841980106","properties":{"osmId":"9841980106","name":"DZTC Transmitter","heightM":null,"radioBand":"am","countryCode":"PH"},"geometry":{"type":"Point","coordinates":[120.5977057,15.493027]}},{"type":"Feature","id":"10690035457","properties":{"osmId":"10690035457","name":"DYAR-AM Transmitter","heightM":null,"radioBand":"yes","countryCode":"PH"},"geometry":{"type":"Point","coordinates":[123.8629364,10.2708308]}},{"type":"Feature","id":"10690050582","properties":{"osmId":"10690050582","name":"DWSI-AM Transmitter","heightM":null,"radioBand":"yes","countryCode":"PH"},"geometry":{"type":"Point","coordinates":[121.5334736,16.6935831]}},{"type":"Feature","id":"10713366049","properties":{"osmId":"10713366049","name":"DZEC-AM","heightM":null,"radioBand":"yes","countryCode":"PH"},"geometry":{"type":"Point","coordinates":[120.9330858,14.710596]}},{"type":"Feature","id":"10892507308","properties":{"osmId":"10892507308","name":"ACI 1206 AM Transmitter tower","heightM":null,"radioBand":"yes","countryCode":"PH"},"geometry":{"type":"Point","coordinates":[120.9641546,14.7468809]}},{"type":"Feature","id":"10920892740","properties":{"osmId":"10920892740","name":"DWMC-AM ACI News Radio 1260 transmitter tower","heightM":null,"radioBand":"yes","countryCode":"PH"},"geometry":{"type":"Point","coordinates":[120.632488,15.8983198]}},{"type":"Feature","id":"11052251113","properties":{"osmId":"11052251113","name":"DWPD-AM (Formerly DWMC-AM) Transmitter tower","heightM":null,"radioBand":"yes","countryCode":"PH"},"geometry":{"type":"Point","coordinates":[120.6047364,15.8739739]}},{"type":"Feature","id":"11052251394","properties":{"osmId":"11052251394","name":"DZAR-AM Transmitter","heightM":null,"radioBand":"yes","countryCode":"PH"},"geometry":{"type":"Point","coordinates":[120.9319071,14.6930217]}},{"type":"Feature","id":"11052269167","properties":{"osmId":"11052269167","name":"DZNS-AM Transmitter","heightM":null,"radioBand":"yes","countryCode":"PH"},"geometry":{"type":"Point","coordinates":[120.3667484,17.5743731]}},{"type":"Feature","id":"11052401787","properties":{"osmId":"11052401787","name":"DWMP-AM (Formerly DWAN-AM) Transmitter","heightM":null,"radioBand":"yes","countryCode":"PH"},"geometry":{"type":"Point","coordinates":[120.9880575,14.7563026]}},{"type":"Feature","id":"11052533651","properties":{"osmId":"11052533651","name":"DWCR-AM (Formerly DWAN-AM) Transmitter","heightM":null,"radioBand":"yes","countryCode":"PH"},"geometry":{"type":"Point","coordinates":[120.9931078,14.7588323]}},{"type":"Feature","id":"11060732615","properties":{"osmId":"11060732615","name":"DWPU-AM Transmitter","heightM":null,"radioBand":"yes","countryCode":"PH"},"geometry":{"type":"Point","coordinates":[120.9264065,14.734028]}},{"type":"Feature","id":"11074527704","properties":{"osmId":"11074527704","name":"DXRU-AM Transmitter","heightM":null,"radioBand":"yes","countryCode":"PH"},"geometry":{"type":"Point","coordinates":[124.5848812,8.5162145]}},{"type":"Feature","id":"11074550673","properties":{"osmId":"11074550673","name":"DXCO-AM Transmitter","heightM":null,"radioBand":"yes","countryCode":"PH"},"geometry":{"type":"Point","coordinates":[124.5848721,8.5129783]}},{"type":"Feature","id":"11074558454","properties":{"osmId":"11074558454","name":"DZYM-AM Transmitter","heightM":null,"radioBand":"yes","countryCode":"PH"},"geometry":{"type":"Point","coordinates":[121.0677469,12.3439622]}},{"type":"Feature","id":"11074587433","properties":{"osmId":"11074587433","name":"DYRM-AM Transmitter","heightM":null,"radioBand":"yes","countryCode":"PH"},"geometry":{"type":"Point","coordinates":[123.3074654,9.2931223]}},{"type":"Feature","id":"11079735472","properties":{"osmId":"11079735472","name":"DWPR-AM Transmitter","heightM":null,"radioBand":"yes","countryCode":"PH"},"geometry":{"type":"Point","coordinates":[120.3561926,16.0413397]}},{"type":"Feature","id":"11079757937","properties":{"osmId":"11079757937","name":"DWAR-AM Transmitter","heightM":null,"radioBand":"yes","countryCode":"PH"},"geometry":{"type":"Point","coordinates":[120.9453781,14.722607]}},{"type":"Feature","id":"11092675602","properties":{"osmId":"11092675602","name":"DWPQ-AM (Formerly DZMD-AM) ACI News Radio Transmitter","heightM":null,"radioBand":"yes","countryCode":"PH"},"geometry":{"type":"Point","coordinates":[122.9419009,14.1190163]}},{"type":"Feature","id":"11752673965","properties":{"osmId":"11752673965","name":"DWAN 1206 AM Transmitter","heightM":null,"radioBand":"yes","countryCode":"PH"},"geometry":{"type":"Point","coordinates":[120.994497,14.6975049]}},{"type":"Feature","id":"11752737575","properties":{"osmId":"11752737575","name":"DZME-AM ME Radio Transmitter","heightM":null,"radioBand":"yes","countryCode":"PH"},"geometry":{"type":"Point","coordinates":[120.9434446,14.700148]}},{"type":"Feature","id":"11913184104","properties":{"osmId":"11913184104","name":"DWCF-AM (Formerly DWBC-AM) Transmitter","heightM":null,"radioBand":"yes","countryCode":"PH"},"geometry":{"type":"Point","coordinates":[120.9614828,14.7798233]}},{"type":"Feature","id":"12102634148","properties":{"osmId":"12102634148","name":"DWNE Transmitter","heightM":null,"radioBand":"am","countryCode":"PH"},"geometry":{"type":"Point","coordinates":[121.0920395,15.5600522]}},{"type":"Feature","id":"12133760706","properties":{"osmId":"12133760706","name":"DWLI-AM Transmitter","heightM":null,"radioBand":"yes","countryCode":"PH"},"geometry":{"type":"Point","coordinates":[120.9712306,15.1441202]}},{"type":"Feature","id":"12185729442","properties":{"osmId":"12185729442","name":"DWAX-AM Radio Transmitter","heightM":null,"radioBand":"yes","countryCode":"PH"},"geometry":{"type":"Point","coordinates":[121.1166179,14.5422699]}},{"type":"Feature","id":"12185729450","properties":{"osmId":"12185729450","name":"ALLTV News Radio","heightM":null,"radioBand":"yes","countryCode":"PH"},"geometry":{"type":"Point","coordinates":[120.8687299,14.8840615]}},{"type":"Feature","id":"12185734341","properties":{"osmId":"12185734341","name":"DWAN-AM Radio Transmitter","heightM":null,"radioBand":"yes","countryCode":"PH"},"geometry":{"type":"Point","coordinates":[120.9263791,14.7339732]}},{"type":"Feature","id":"12237643327","properties":{"osmId":"12237643327","name":"DZYR-AM Transmitter","heightM":null,"radioBand":"yes","countryCode":"PH"},"geometry":{"type":"Point","coordinates":[120.4965712,16.2277662]}},{"type":"Feature","id":"13386227322","properties":{"osmId":"13386227322","name":"Radyo Latigo 107.3","heightM":null,"radioBand":"yes","countryCode":"PH"},"geometry":{"type":"Point","coordinates":[124.8383561,6.5052731]}},{"type":"Feature","id":"13566292931","properties":{"osmId":"13566292931","name":"DWTL-FM","heightM":null,"radioBand":"fm","countryCode":"PH"},"geometry":{"type":"Point","coordinates":[120.3326565,16.0231011]}},{"type":"Feature","id":"13597780437","properties":{"osmId":"13597780437","name":"DYSY-FM Transmitter","heightM":null,"radioBand":"yes","countryCode":"PH"},"geometry":{"type":"Point","coordinates":[124.8842437,11.7710028]}},{"type":"Feature","id":"13617251793","properties":{"osmId":"13617251793","name":"MBC FM Transmitter B","heightM":null,"radioBand":"fm","countryCode":"PH"},"geometry":{"type":"Point","coordinates":[121.0584934,14.586076]}},{"type":"Feature","id":"13632975900","properties":{"osmId":"13632975900","name":"DYTM-FM","heightM":null,"radioBand":"fm","countryCode":"PH"},"geometry":{"type":"Point","coordinates":[125.0071455,11.2418592]}},{"type":"Feature","id":"13979212968","properties":{"osmId":"13979212968","name":"DWRA-FM Mast","heightM":null,"radioBand":"fm","countryCode":"PH"},"geometry":{"type":"Point","coordinates":[120.6246783,16.4413674]}},{"type":"Feature","id":"14005753118","properties":{"osmId":"14005753118","name":"DWIL-FM","heightM":null,"radioBand":"fm","countryCode":"PH"},"geometry":{"type":"Point","coordinates":[120.5977276,18.1934621]}},{"type":"Feature","id":"14061694671","properties":{"osmId":"14061694671","name":"GMA Palawan Radio Tower","heightM":null,"radioBand":"am;fm","countryCode":"PH"},"geometry":{"type":"Point","coordinates":[118.7529858,9.7707047]}},{"type":"Feature","id":"14065945070","properties":{"osmId":"14065945070","name":"DYSI-AM","heightM":null,"radioBand":"am","countryCode":"PH"},"geometry":{"type":"Point","coordinates":[122.5260921,10.7000759]}},{"type":"Feature","id":"14067339669","properties":{"osmId":"14067339669","name":"DWMC-AM","heightM":null,"radioBand":"yes","countryCode":"PH"},"geometry":{"type":"Point","coordinates":[120.6278951,15.8944703]}},{"type":"Feature","id":"14094035018","properties":{"osmId":"14094035018","name":"DYRW-FM","heightM":null,"radioBand":"fm","countryCode":"PH"},"geometry":{"type":"Point","coordinates":[123.5858013,9.9008489]}},{"type":"Feature","id":"14094035028","properties":{"osmId":"14094035028","name":"DYEE-FM","heightM":null,"radioBand":"fm","countryCode":"PH"},"geometry":{"type":"Point","coordinates":[123.7318125,11.2976011]}},{"type":"Feature","id":"14094035030","properties":{"osmId":"14094035030","name":"DYRR-FM","heightM":null,"radioBand":"fm","countryCode":"PH"},"geometry":{"type":"Point","coordinates":[123.6182146,10.296499]}},{"type":"Feature","id":"14094331728","properties":{"osmId":"14094331728","name":"DYXC-FM","heightM":null,"radioBand":"fm","countryCode":"PH"},"geometry":{"type":"Point","coordinates":[124.6073942,11.0092666]}},{"type":"Feature","id":"14094331733","properties":{"osmId":"14094331733","name":"DYSA-FM","heightM":null,"radioBand":"fm","countryCode":"PH"},"geometry":{"type":"Point","coordinates":[124.8019726,10.6755926]}},{"type":"Feature","id":"14104831751","properties":{"osmId":"14104831751","name":"DWYE-FM","heightM":null,"radioBand":"fm","countryCode":"PH"},"geometry":{"type":"Point","coordinates":[121.7683546,16.9387827]}},{"type":"Feature","id":"14104967485","properties":{"osmId":"14104967485","name":"DWHR-FM","heightM":null,"radioBand":"fm","countryCode":"PH"},"geometry":{"type":"Point","coordinates":[120.3309555,16.0342388]}},{"type":"Feature","id":"14104967488","properties":{"osmId":"14104967488","name":"DZVM-FM","heightM":null,"radioBand":"fm","countryCode":"PH"},"geometry":{"type":"Point","coordinates":[120.5702841,15.9745006]}},{"type":"Feature","id":"14105164460","properties":{"osmId":"14105164460","name":"DYYD-FM","heightM":null,"radioBand":"fm","countryCode":"PH"},"geometry":{"type":"Point","coordinates":[123.3059354,9.3070005]}},{"type":"Feature","id":"14107298303","properties":{"osmId":"14107298303","name":"DXFE-FM","heightM":null,"radioBand":"yes","countryCode":"PH"},"geometry":{"type":"Point","coordinates":[124.2384882,8.2311147]}},{"type":"Feature","id":"14107298309","properties":{"osmId":"14107298309","name":"DXAT-FM","heightM":null,"radioBand":"fm","countryCode":"PH"},"geometry":{"type":"Point","coordinates":[125.0859571,7.8984236]}},{"type":"Feature","id":"14109346181","properties":{"osmId":"14109346181","name":"DWST-FM","heightM":null,"radioBand":"fm","countryCode":"PH"},"geometry":{"type":"Point","coordinates":[120.3167182,16.6132706]}},{"type":"Feature","id":"14109346183","properties":{"osmId":"14109346183","name":"DWID-FM","heightM":null,"radioBand":"fm","countryCode":"PH"},"geometry":{"type":"Point","coordinates":[120.3436264,16.0453267]}},{"type":"Feature","id":"14109693706","properties":{"osmId":"14109693706","name":"DWMN-FM","heightM":null,"radioBand":"fm","countryCode":"PH"},"geometry":{"type":"Point","coordinates":[121.722458,17.6266309]}},{"type":"Feature","id":"14109810064","properties":{"osmId":"14109810064","name":"DZLT-FM","heightM":null,"radioBand":"fm","countryCode":"PH"},"geometry":{"type":"Point","coordinates":[120.5970252,15.4739718]}},{"type":"Feature","id":"14109810066","properties":{"osmId":"14109810066","name":"DWLW-FM","heightM":null,"radioBand":"fm","countryCode":"PH"},"geometry":{"type":"Point","coordinates":[121.6139232,13.9400063]}},{"type":"Feature","id":"14109956333","properties":{"osmId":"14109956333","name":"DYEZ-FM","heightM":null,"radioBand":"fm","countryCode":"PH"},"geometry":{"type":"Point","coordinates":[118.7436749,9.7482193]}},{"type":"Feature","id":"14109972234","properties":{"osmId":"14109972234","name":"DYMS-AM","heightM":null,"radioBand":"am","countryCode":"PH"},"geometry":{"type":"Point","coordinates":[124.8800901,11.777289]}},{"type":"Feature","id":"14109986824","properties":{"osmId":"14109986824","name":"DWKS-FM","heightM":null,"radioBand":"fm","countryCode":"PH"},"geometry":{"type":"Point","coordinates":[122.9571053,14.1157376]}},{"type":"Feature","id":"14111430469","properties":{"osmId":"14111430469","name":"DWYN-FM","heightM":null,"radioBand":"fm","countryCode":"PH"},"geometry":{"type":"Point","coordinates":[123.1935976,13.6326664]}},{"type":"Feature","id":"14111430470","properties":{"osmId":"14111430470","name":"DWCM-FM","heightM":null,"radioBand":"fm","countryCode":"PH"},"geometry":{"type":"Point","coordinates":[123.7520936,13.1441132]}},{"type":"Feature","id":"14111580006","properties":{"osmId":"14111580006","name":"DYSM-FM","heightM":null,"radioBand":"fm","countryCode":"PH"},"geometry":{"type":"Point","coordinates":[122.3662397,11.7080293]}},{"type":"Feature","id":"14111580016","properties":{"osmId":"14111580016","name":"DYML-FM","heightM":null,"radioBand":"fm","countryCode":"PH"},"geometry":{"type":"Point","coordinates":[122.7565772,11.5733902]}},{"type":"Feature","id":"14111720578","properties":{"osmId":"14111720578","name":"DYSM-AM","heightM":null,"radioBand":"am","countryCode":"PH"},"geometry":{"type":"Point","coordinates":[124.6547892,12.5074901]}},{"type":"Feature","id":"14111720579","properties":{"osmId":"14111720579","name":"DYLC-FM","heightM":null,"radioBand":"fm","countryCode":"PH"},"geometry":{"type":"Point","coordinates":[124.6546839,12.5075786]}},{"type":"Feature","id":"14112094503","properties":{"osmId":"14112094503","name":"DXMB-FM","heightM":null,"radioBand":"fm","countryCode":"PH"},"geometry":{"type":"Point","coordinates":[125.5401405,8.9443037]}},{"type":"Feature","id":"14112094504","properties":{"osmId":"14112094504","name":"DXIQ-FM","heightM":null,"radioBand":"fm","countryCode":"PH"},"geometry":{"type":"Point","coordinates":[125.1236335,8.1584225]}},{"type":"Feature","id":"14112193405","properties":{"osmId":"14112193405","name":"DXME-FM","heightM":null,"radioBand":"fm","countryCode":"PH"},"geometry":{"type":"Point","coordinates":[124.8430463,6.5014016]}},{"type":"Feature","id":"14128667690","properties":{"osmId":"14128667690","name":"DWSG-FM","heightM":null,"radioBand":"fm","countryCode":"PH"},"geometry":{"type":"Point","coordinates":[123.9859272,12.9780087]}},{"type":"Feature","id":"14128667692","properties":{"osmId":"14128667692","name":"DWMP-FM","heightM":null,"radioBand":"fm","countryCode":"PH"},"geometry":{"type":"Point","coordinates":[123.6657726,12.9240054]}},{"type":"Feature","id":"14128667699","properties":{"osmId":"14128667699","name":"DWMO-FM","heightM":null,"radioBand":"fm","countryCode":"PH"},"geometry":{"type":"Point","coordinates":[124.0378273,12.7034132]}},{"type":"Feature","id":"14130634081","properties":{"osmId":"14130634081","name":"DZTR-FM","heightM":null,"radioBand":"fm","countryCode":"PH"},"geometry":{"type":"Point","coordinates":[123.1839497,13.6217578]}},{"type":"Feature","id":"14130634082","properties":{"osmId":"14130634082","name":"DZVF-FM","heightM":null,"radioBand":"fm","countryCode":"PH"},"geometry":{"type":"Point","coordinates":[123.3471308,13.4772523]}},{"type":"Feature","id":"14130634091","properties":{"osmId":"14130634091","name":"DWIR-FM","heightM":null,"radioBand":"fm","countryCode":"PH"},"geometry":{"type":"Point","coordinates":[123.4166258,13.4284452]}},{"type":"Feature","id":"14132735501","properties":{"osmId":"14132735501","name":"DZNL-AM","heightM":null,"radioBand":"am","countryCode":"PH"},"geometry":{"type":"Point","coordinates":[120.3214844,16.5793674]}},{"type":"Feature","id":"14133334790","properties":{"osmId":"14133334790","name":"DWCB-FM","heightM":null,"radioBand":"fm","countryCode":"PH"},"geometry":{"type":"Point","coordinates":[123.730969,13.3582312]}},{"type":"Feature","id":"14133334794","properties":{"osmId":"14133334794","name":"DWRU-FM","heightM":null,"radioBand":"fm","countryCode":"PH"},"geometry":{"type":"Point","coordinates":[123.6703236,13.462543]}},{"type":"Feature","id":"14136405902","properties":{"osmId":"14136405902","name":"DZVD-FM","heightM":null,"radioBand":"fm","countryCode":"PH"},"geometry":{"type":"Point","coordinates":[120.8430595,16.8303416]}},{"type":"Feature","id":"14136424228","properties":{"osmId":"14136424228","name":"DXRS-FM","heightM":null,"radioBand":"fm","countryCode":"PH"},"geometry":{"type":"Point","coordinates":[125.1082214,8.8278367]}},{"type":"Feature","id":"14139628868","properties":{"osmId":"14139628868","name":"DWRE-FM","heightM":null,"radioBand":"fm","countryCode":"PH"},"geometry":{"type":"Point","coordinates":[120.4509998,17.2044039]}},{"type":"Feature","id":"14139677848","properties":{"osmId":"14139677848","name":"DWIS-FM","heightM":null,"radioBand":"fm","countryCode":"PH"},"geometry":{"type":"Point","coordinates":[120.3660332,16.3218147]}},{"type":"Feature","id":"14143826781","properties":{"osmId":"14143826781","name":"DXTC-FM","heightM":null,"radioBand":"fm","countryCode":"PH"},"geometry":{"type":"Point","coordinates":[124.2427943,7.2182593]}},{"type":"Feature","id":"14148052104","properties":{"osmId":"14148052104","name":"DYSF-FM","heightM":null,"radioBand":"fm","countryCode":"PH"},"geometry":{"type":"Point","coordinates":[124.419245,11.5702439]}},{"type":"Feature","id":"14148060771","properties":{"osmId":"14148060771","name":"DYSH-FM","heightM":null,"radioBand":"fm","countryCode":"PH"},"geometry":{"type":"Point","coordinates":[125.4358552,12.1299392]}},{"type":"Feature","id":"14152811253","properties":{"osmId":"14152811253","name":"DZVL-FM","heightM":null,"radioBand":"fm","countryCode":"PH"},"geometry":{"type":"Point","coordinates":[120.9796664,17.09673]}},{"type":"Feature","id":"14152838656","properties":{"osmId":"14152838656","name":"DWME-FM","heightM":null,"radioBand":"fm","countryCode":"PH"},"geometry":{"type":"Point","coordinates":[120.7634146,12.8391816]}},{"type":"Feature","id":"14152838778","properties":{"osmId":"14152838778","name":"DWMC-FM","heightM":null,"radioBand":"fm","countryCode":"PH"},"geometry":{"type":"Point","coordinates":[121.4682547,17.4696849]}},{"type":"Feature","id":"14152862314","properties":{"osmId":"14152862314","name":"DWLJ-FM","heightM":null,"radioBand":"fm","countryCode":"PH"},"geometry":{"type":"Point","coordinates":[121.0630835,12.3533483]}},{"type":"Feature","id":"6566358142","properties":{"osmId":"6566358142","name":null,"heightM":143,"radioBand":"yes","countryCode":"PH"},"geometry":{"type":"Point","coordinates":[120.6288643,15.383114]}},{"type":"Feature","id":"6566358143","properties":{"osmId":"6566358143","name":null,"heightM":143,"radioBand":"yes","countryCode":"PH"},"geometry":{"type":"Point","coordinates":[120.6288411,15.3830659]}},{"type":"Feature","id":"6566358144","properties":{"osmId":"6566358144","name":null,"heightM":143,"radioBand":"yes","countryCode":"PH"},"geometry":{"type":"Point","coordinates":[120.6293544,15.3829336]}},{"type":"Feature","id":"6566358145","properties":{"osmId":"6566358145","name":null,"heightM":143,"radioBand":"yes","countryCode":"PH"},"geometry":{"type":"Point","coordinates":[120.6293366,15.3828751]}},{"type":"Feature","id":"6566358147","properties":{"osmId":"6566358147","name":null,"heightM":143,"radioBand":"yes","countryCode":"PH"},"geometry":{"type":"Point","coordinates":[120.6299141,15.3826638]}},{"type":"Feature","id":"6566358148","properties":{"osmId":"6566358148","name":null,"heightM":143,"radioBand":"yes","countryCode":"PH"},"geometry":{"type":"Point","coordinates":[120.6357398,15.3817703]}},{"type":"Feature","id":"6566358149","properties":{"osmId":"6566358149","name":null,"heightM":143,"radioBand":"yes","countryCode":"PH"},"geometry":{"type":"Point","coordinates":[120.6357487,15.3817239]}},{"type":"Feature","id":"6566358150","properties":{"osmId":"6566358150","name":null,"heightM":143,"radioBand":"yes","countryCode":"PH"},"geometry":{"type":"Point","coordinates":[120.6352532,15.3816809]}},{"type":"Feature","id":"6566358151","properties":{"osmId":"6566358151","name":null,"heightM":143,"radioBand":"yes","countryCode":"PH"},"geometry":{"type":"Point","coordinates":[120.6352639,15.3816345]}},{"type":"Feature","id":"6566358152","properties":{"osmId":"6566358152","name":null,"heightM":143,"radioBand":"yes","countryCode":"PH"},"geometry":{"type":"Point","coordinates":[120.6346953,15.3815142]}},{"type":"Feature","id":"6566358153","properties":{"osmId":"6566358153","name":null,"heightM":143,"radioBand":"yes","countryCode":"PH"},"geometry":{"type":"Point","coordinates":[120.6346775,15.3815657]}},{"type":"Feature","id":"6566358154","properties":{"osmId":"6566358154","name":null,"heightM":143,"radioBand":"yes","countryCode":"PH"},"geometry":{"type":"Point","coordinates":[120.634342,15.3807541]}},{"type":"Feature","id":"6566358155","properties":{"osmId":"6566358155","name":null,"heightM":143,"radioBand":"yes","countryCode":"PH"},"geometry":{"type":"Point","coordinates":[120.6343327,15.3808051]}},{"type":"Feature","id":"6566358156","properties":{"osmId":"6566358156","name":null,"heightM":143,"radioBand":"yes","countryCode":"PH"},"geometry":{"type":"Point","coordinates":[120.6337603,15.3806071]}},{"type":"Feature","id":"6566358157","properties":{"osmId":"6566358157","name":null,"heightM":143,"radioBand":"yes","countryCode":"PH"},"geometry":{"type":"Point","coordinates":[120.6337478,15.3806611]}},{"type":"Feature","id":"6566358158","properties":{"osmId":"6566358158","name":null,"heightM":143,"radioBand":"yes","countryCode":"PH"},"geometry":{"type":"Point","coordinates":[120.6330199,15.3804481]}},{"type":"Feature","id":"6566358159","properties":{"osmId":"6566358159","name":null,"heightM":143,"radioBand":"yes","countryCode":"PH"},"geometry":{"type":"Point","coordinates":[120.6330044,15.3805141]}},{"type":"Feature","id":"6566358160","properties":{"osmId":"6566358160","name":null,"heightM":143,"radioBand":"yes","countryCode":"PH"},"geometry":{"type":"Point","coordinates":[120.6249507,15.3766626]}},{"type":"Feature","id":"6566358161","properties":{"osmId":"6566358161","name":null,"heightM":143,"radioBand":"yes","countryCode":"PH"},"geometry":{"type":"Point","coordinates":[120.6248955,15.3766609]}},{"type":"Feature","id":"6566358162","properties":{"osmId":"6566358162","name":null,"heightM":143,"radioBand":"yes","countryCode":"PH"},"geometry":{"type":"Point","coordinates":[120.6249436,15.3762708]}},{"type":"Feature","id":"6566358163","properties":{"osmId":"6566358163","name":null,"heightM":143,"radioBand":"yes","countryCode":"PH"},"geometry":{"type":"Point","coordinates":[120.6248937,15.3762708]}},{"type":"Feature","id":"6566358164","properties":{"osmId":"6566358164","name":null,"heightM":143,"radioBand":"yes","countryCode":"PH"},"geometry":{"type":"Point","coordinates":[120.6253571,15.3757191]}},{"type":"Feature","id":"6566358165","properties":{"osmId":"6566358165","name":null,"heightM":143,"radioBand":"yes","countryCode":"PH"},"geometry":{"type":"Point","coordinates":[120.6252983,15.3757191]}},{"type":"Feature","id":"6566358166","properties":{"osmId":"6566358166","name":null,"heightM":143,"radioBand":"yes","countryCode":"PH"},"geometry":{"type":"Point","coordinates":[120.6253714,15.3753324]}},{"type":"Feature","id":"6566358167","properties":{"osmId":"6566358167","name":null,"heightM":143,"radioBand":"yes","countryCode":"PH"},"geometry":{"type":"Point","coordinates":[120.6253001,15.3753393]}},{"type":"Feature","id":"6566358168","properties":{"osmId":"6566358168","name":null,"heightM":143,"radioBand":"yes","countryCode":"PH"},"geometry":{"type":"Point","coordinates":[120.6253642,15.3748529]}},{"type":"Feature","id":"6566358169","properties":{"osmId":"6566358169","name":null,"heightM":143,"radioBand":"yes","countryCode":"PH"},"geometry":{"type":"Point","coordinates":[120.6252876,15.3748598]}},{"type":"Feature","id":"6566358170","properties":{"osmId":"6566358170","name":null,"heightM":143,"radioBand":"yes","countryCode":"PH"},"geometry":{"type":"Point","coordinates":[120.6257189,15.3739902]}},{"type":"Feature","id":"6566358171","properties":{"osmId":"6566358171","name":null,"heightM":143,"radioBand":"yes","countryCode":"PH"},"geometry":{"type":"Point","coordinates":[120.6258116,15.3739936]}},{"type":"Feature","id":"6566358172","properties":{"osmId":"6566358172","name":null,"heightM":143,"radioBand":"yes","countryCode":"PH"},"geometry":{"type":"Point","coordinates":[120.6257154,15.3734093]}},{"type":"Feature","id":"6566358173","properties":{"osmId":"6566358173","name":null,"heightM":143,"radioBand":"yes","countryCode":"PH"},"geometry":{"type":"Point","coordinates":[120.6258277,15.3734127]}},{"type":"Feature","id":"6566358174","properties":{"osmId":"6566358174","name":null,"heightM":143,"radioBand":"yes","countryCode":"PH"},"geometry":{"type":"Point","coordinates":[120.6258241,15.3726307]}},{"type":"Feature","id":"6566358175","properties":{"osmId":"6566358175","name":null,"heightM":143,"radioBand":"yes","countryCode":"PH"},"geometry":{"type":"Point","coordinates":[120.6257082,15.3726341]}},{"type":"Feature","id":"6566358182","properties":{"osmId":"6566358182","name":null,"heightM":143,"radioBand":"yes","countryCode":"PH"},"geometry":{"type":"Point","coordinates":[120.6273023,15.3698539]}},{"type":"Feature","id":"6566358183","properties":{"osmId":"6566358183","name":null,"heightM":143,"radioBand":"yes","countryCode":"PH"},"geometry":{"type":"Point","coordinates":[120.627172,15.3698322]}},{"type":"Feature","id":"6566358184","properties":{"osmId":"6566358184","name":null,"heightM":143,"radioBand":"yes","countryCode":"PH"},"geometry":{"type":"Point","coordinates":[120.6274016,15.3687224]}},{"type":"Feature","id":"6566451095","properties":{"osmId":"6566451095","name":null,"heightM":143,"radioBand":"yes","countryCode":"PH"},"geometry":{"type":"Point","coordinates":[120.6380288,15.3716324]}},{"type":"Feature","id":"6566451096","properties":{"osmId":"6566451096","name":null,"heightM":143,"radioBand":"yes","countryCode":"PH"},"geometry":{"type":"Point","coordinates":[120.6379846,15.3715314]}},{"type":"Feature","id":"6566451097","properties":{"osmId":"6566451097","name":null,"heightM":143,"radioBand":"yes","countryCode":"PH"},"geometry":{"type":"Point","coordinates":[120.6369053,15.3720385]}},{"type":"Feature","id":"6566451098","properties":{"osmId":"6566451098","name":null,"heightM":143,"radioBand":"yes","countryCode":"PH"},"geometry":{"type":"Point","coordinates":[120.6368656,15.3719317]}},{"type":"Feature","id":"6566474085","properties":{"osmId":"6566474085","name":null,"heightM":143,"radioBand":"yes","countryCode":"PH"},"geometry":{"type":"Point","coordinates":[120.6272806,15.368703]}},{"type":"Feature","id":"6566474107","properties":{"osmId":"6566474107","name":null,"heightM":143,"radioBand":"yes","countryCode":"PH"},"geometry":{"type":"Point","coordinates":[120.635589,15.3602593]}},{"type":"Feature","id":"6566474108","properties":{"osmId":"6566474108","name":null,"heightM":143,"radioBand":"yes","countryCode":"PH"},"geometry":{"type":"Point","coordinates":[120.6355237,15.3601424]}},{"type":"Feature","id":"6566474109","properties":{"osmId":"6566474109","name":null,"heightM":143,"radioBand":"yes","countryCode":"PH"},"geometry":{"type":"Point","coordinates":[120.6347436,15.360673]}},{"type":"Feature","id":"6566474110","properties":{"osmId":"6566474110","name":null,"heightM":143,"radioBand":"yes","countryCode":"PH"},"geometry":{"type":"Point","coordinates":[120.6346676,15.3605594]}},{"type":"Feature","id":"6566474111","properties":{"osmId":"6566474111","name":null,"heightM":143,"radioBand":"yes","countryCode":"PH"},"geometry":{"type":"Point","coordinates":[120.6308156,15.360672]}},{"type":"Feature","id":"6566474112","properties":{"osmId":"6566474112","name":null,"heightM":143,"radioBand":"yes","countryCode":"PH"},"geometry":{"type":"Point","coordinates":[120.6308436,15.3607931]}},{"type":"Feature","id":"6566474113","properties":{"osmId":"6566474113","name":null,"heightM":143,"radioBand":"yes","countryCode":"PH"},"geometry":{"type":"Point","coordinates":[120.6300245,15.3609548]}},{"type":"Feature","id":"6566474114","properties":{"osmId":"6566474114","name":null,"heightM":143,"radioBand":"yes","countryCode":"PH"},"geometry":{"type":"Point","coordinates":[120.6300618,15.3610586]}},{"type":"Feature","id":"6566474115","properties":{"osmId":"6566474115","name":null,"heightM":143,"radioBand":"yes","countryCode":"PH"},"geometry":{"type":"Point","coordinates":[120.6295002,15.3612068]}},{"type":"Feature","id":"6566474116","properties":{"osmId":"6566474116","name":null,"heightM":143,"radioBand":"yes","countryCode":"PH"},"geometry":{"type":"Point","coordinates":[120.6294575,15.3611283]}},{"type":"Feature","id":"6566358126","properties":{"osmId":"6566358126","name":null,"heightM":80,"radioBand":"yes","countryCode":"PH"},"geometry":{"type":"Point","coordinates":[120.6194282,15.3853863]}},{"type":"Feature","id":"6566358127","properties":{"osmId":"6566358127","name":null,"heightM":80,"radioBand":"yes","countryCode":"PH"},"geometry":{"type":"Point","coordinates":[120.6194015,15.3853485]}},{"type":"Feature","id":"6566358128","properties":{"osmId":"6566358128","name":null,"heightM":80,"radioBand":"yes","countryCode":"PH"},"geometry":{"type":"Point","coordinates":[120.6196724,15.3852248]}},{"type":"Feature","id":"6566358129","properties":{"osmId":"6566358129","name":null,"heightM":80,"radioBand":"yes","countryCode":"PH"},"geometry":{"type":"Point","coordinates":[120.6196492,15.3851887]}},{"type":"Feature","id":"6566358130","properties":{"osmId":"6566358130","name":null,"heightM":80,"radioBand":"yes","countryCode":"PH"},"geometry":{"type":"Point","coordinates":[120.6200503,15.3847109]}},{"type":"Feature","id":"6566358131","properties":{"osmId":"6566358131","name":null,"heightM":80,"radioBand":"yes","countryCode":"PH"},"geometry":{"type":"Point","coordinates":[120.6200057,15.3846645]}},{"type":"Feature","id":"6566358132","properties":{"osmId":"6566358132","name":null,"heightM":80,"radioBand":"yes","countryCode":"PH"},"geometry":{"type":"Point","coordinates":[120.6203176,15.384503]}},{"type":"Feature","id":"6566358133","properties":{"osmId":"6566358133","name":null,"heightM":80,"radioBand":"yes","countryCode":"PH"},"geometry":{"type":"Point","coordinates":[120.6202731,15.3844583]}},{"type":"Feature","id":"6566358134","properties":{"osmId":"6566358134","name":null,"heightM":80,"radioBand":"yes","countryCode":"PH"},"geometry":{"type":"Point","coordinates":[120.6204362,15.3836963]}},{"type":"Feature","id":"6566358135","properties":{"osmId":"6566358135","name":null,"heightM":80,"radioBand":"yes","countryCode":"PH"},"geometry":{"type":"Point","coordinates":[120.6203756,15.3836963]}},{"type":"Feature","id":"6566358136","properties":{"osmId":"6566358136","name":null,"heightM":80,"radioBand":"yes","countryCode":"PH"},"geometry":{"type":"Point","coordinates":[120.620397,15.3833492]}},{"type":"Feature","id":"6566358137","properties":{"osmId":"6566358137","name":null,"heightM":80,"radioBand":"yes","countryCode":"PH"},"geometry":{"type":"Point","coordinates":[120.6203328,15.3833526]}},{"type":"Feature","id":"6566358138","properties":{"osmId":"6566358138","name":null,"heightM":80,"radioBand":"yes","countryCode":"PH"},"geometry":{"type":"Point","coordinates":[120.6204594,15.3827941]}},{"type":"Feature","id":"6566358139","properties":{"osmId":"6566358139","name":null,"heightM":80,"radioBand":"yes","countryCode":"PH"},"geometry":{"type":"Point","coordinates":[120.6204184,15.3827958]}},{"type":"Feature","id":"6566358140","properties":{"osmId":"6566358140","name":null,"heightM":80,"radioBand":"yes","countryCode":"PH"},"geometry":{"type":"Point","coordinates":[120.6204152,15.3825157]}},{"type":"Feature","id":"6566358141","properties":{"osmId":"6566358141","name":null,"heightM":80,"radioBand":"yes","countryCode":"PH"},"geometry":{"type":"Point","coordinates":[120.6203651,15.3825255]}},{"type":"Feature","id":"6566358176","properties":{"osmId":"6566358176","name":null,"heightM":80,"radioBand":"yes","countryCode":"PH"},"geometry":{"type":"Point","coordinates":[120.6253184,15.3719612]}},{"type":"Feature","id":"6566358177","properties":{"osmId":"6566358177","name":null,"heightM":80,"radioBand":"yes","countryCode":"PH"},"geometry":{"type":"Point","coordinates":[120.6252792,15.3719733]}},{"type":"Feature","id":"6566358178","properties":{"osmId":"6566358178","name":null,"heightM":80,"radioBand":"yes","countryCode":"PH"},"geometry":{"type":"Point","coordinates":[120.6252008,15.3714886]}},{"type":"Feature","id":"6566358179","properties":{"osmId":"6566358179","name":null,"heightM":80,"radioBand":"yes","countryCode":"PH"},"geometry":{"type":"Point","coordinates":[120.625158,15.3715041]}},{"type":"Feature","id":"6566358180","properties":{"osmId":"6566358180","name":null,"heightM":80,"radioBand":"yes","countryCode":"PH"},"geometry":{"type":"Point","coordinates":[120.6250743,15.3709438]}},{"type":"Feature","id":"6566358181","properties":{"osmId":"6566358181","name":null,"heightM":80,"radioBand":"yes","countryCode":"PH"},"geometry":{"type":"Point","coordinates":[120.6250261,15.3709575]}},{"type":"Feature","id":"6566451099","properties":{"osmId":"6566451099","name":null,"heightM":80,"radioBand":"yes","countryCode":"PH"},"geometry":{"type":"Point","coordinates":[120.636175,15.3723092]}},{"type":"Feature","id":"6566451100","properties":{"osmId":"6566451100","name":null,"heightM":80,"radioBand":"yes","countryCode":"PH"},"geometry":{"type":"Point","coordinates":[120.6361528,15.3722508]}},{"type":"Feature","id":"6566474086","properties":{"osmId":"6566474086","name":null,"heightM":80,"radioBand":"yes","countryCode":"PH"},"geometry":{"type":"Point","coordinates":[120.6267625,15.3680693]}},{"type":"Feature","id":"6566474087","properties":{"osmId":"6566474087","name":null,"heightM":80,"radioBand":"yes","countryCode":"PH"},"geometry":{"type":"Point","coordinates":[120.626709,15.3680779]}},{"type":"Feature","id":"6566474088","properties":{"osmId":"6566474088","name":null,"heightM":80,"radioBand":"yes","countryCode":"PH"},"geometry":{"type":"Point","coordinates":[120.626636,15.3674936]}},{"type":"Feature","id":"6566474089","properties":{"osmId":"6566474089","name":null,"heightM":80,"radioBand":"yes","countryCode":"PH"},"geometry":{"type":"Point","coordinates":[120.6265771,15.3675056]}},{"type":"Feature","id":"6566474090","properties":{"osmId":"6566474090","name":null,"heightM":80,"radioBand":"yes","countryCode":"PH"},"geometry":{"type":"Point","coordinates":[120.6264613,15.3667717]}},{"type":"Feature","id":"6566474091","properties":{"osmId":"6566474091","name":null,"heightM":80,"radioBand":"yes","countryCode":"PH"},"geometry":{"type":"Point","coordinates":[120.6263935,15.3667872]}},{"type":"Feature","id":"6566358118","properties":{"osmId":"6566358118","name":null,"heightM":60,"radioBand":"yes","countryCode":"PH"},"geometry":{"type":"Point","coordinates":[120.6209152,15.3879907]}},{"type":"Feature","id":"6566358119","properties":{"osmId":"6566358119","name":null,"heightM":60,"radioBand":"yes","countryCode":"PH"},"geometry":{"type":"Point","coordinates":[120.6199189,15.3878583]}},{"type":"Feature","id":"6566358120","properties":{"osmId":"6566358120","name":null,"heightM":60,"radioBand":"yes","countryCode":"PH"},"geometry":{"type":"Point","coordinates":[120.6217013,15.3874012]}},{"type":"Feature","id":"6566358121","properties":{"osmId":"6566358121","name":null,"heightM":60,"radioBand":"yes","countryCode":"PH"},"geometry":{"type":"Point","coordinates":[120.6207031,15.3872483]}},{"type":"Feature","id":"6566358122","properties":{"osmId":"6566358122","name":null,"heightM":60,"radioBand":"yes","countryCode":"PH"},"geometry":{"type":"Point","coordinates":[120.6204001,15.3868702]}},{"type":"Feature","id":"6566358123","properties":{"osmId":"6566358123","name":null,"heightM":60,"radioBand":"yes","countryCode":"PH"},"geometry":{"type":"Point","coordinates":[120.6199777,15.3866863]}},{"type":"Feature","id":"6566358124","properties":{"osmId":"6566358124","name":null,"heightM":60,"radioBand":"yes","countryCode":"PH"},"geometry":{"type":"Point","coordinates":[120.6206817,15.3865144]}},{"type":"Feature","id":"6566358125","properties":{"osmId":"6566358125","name":null,"heightM":60,"radioBand":"yes","countryCode":"PH"},"geometry":{"type":"Point","coordinates":[120.620254,15.3863374]}},{"type":"Feature","id":"6566474092","properties":{"osmId":"6566474092","name":null,"heightM":60,"radioBand":"yes","countryCode":"PH"},"geometry":{"type":"Point","coordinates":[120.6265632,15.3660268]}},{"type":"Feature","id":"6566474093","properties":{"osmId":"6566474093","name":null,"heightM":60,"radioBand":"yes","countryCode":"PH"},"geometry":{"type":"Point","coordinates":[120.626536,15.366057]}},{"type":"Feature","id":"6566474094","properties":{"osmId":"6566474094","name":null,"heightM":60,"radioBand":"yes","countryCode":"PH"},"geometry":{"type":"Point","coordinates":[120.626225,15.3656648]}},{"type":"Feature","id":"6566474095","properties":{"osmId":"6566474095","name":null,"heightM":60,"radioBand":"yes","countryCode":"PH"},"geometry":{"type":"Point","coordinates":[120.6261945,15.3656941]}},{"type":"Feature","id":"6566474096","properties":{"osmId":"6566474096","name":null,"heightM":60,"radioBand":"yes","countryCode":"PH"},"geometry":{"type":"Point","coordinates":[120.6258091,15.3652579]}},{"type":"Feature","id":"6566474097","properties":{"osmId":"6566474097","name":null,"heightM":60,"radioBand":"yes","countryCode":"PH"},"geometry":{"type":"Point","coordinates":[120.6257696,15.3652941]}},{"type":"Feature","id":"6566474117","properties":{"osmId":"6566474117","name":null,"heightM":60,"radioBand":"yes","countryCode":"PH"},"geometry":{"type":"Point","coordinates":[120.6323042,15.3596971]}},{"type":"Feature","id":"6566474118","properties":{"osmId":"6566474118","name":null,"heightM":60,"radioBand":"yes","countryCode":"PH"},"geometry":{"type":"Point","coordinates":[120.6322693,15.3596245]}},{"type":"Feature","id":"6566474119","properties":{"osmId":"6566474119","name":null,"heightM":60,"radioBand":"yes","countryCode":"PH"},"geometry":{"type":"Point","coordinates":[120.631821,15.3598601]}},{"type":"Feature","id":"6566474120","properties":{"osmId":"6566474120","name":null,"heightM":60,"radioBand":"yes","countryCode":"PH"},"geometry":{"type":"Point","coordinates":[120.6317931,15.3597973]}},{"type":"Feature","id":"6566474121","properties":{"osmId":"6566474121","name":null,"heightM":60,"radioBand":"yes","countryCode":"PH"},"geometry":{"type":"Point","coordinates":[120.6314425,15.3599648]}},{"type":"Feature","id":"6566474122","properties":{"osmId":"6566474122","name":null,"heightM":60,"radioBand":"yes","countryCode":"PH"},"geometry":{"type":"Point","coordinates":[120.6314045,15.3599109]}},{"type":"Feature","id":"6566474123","properties":{"osmId":"6566474123","name":null,"heightM":60,"radioBand":"yes","countryCode":"PH"},"geometry":{"type":"Point","coordinates":[120.6227945,15.3588879]}},{"type":"Feature","id":"6566474124","properties":{"osmId":"6566474124","name":null,"heightM":60,"radioBand":"yes","countryCode":"PH"},"geometry":{"type":"Point","coordinates":[120.6227665,15.3589449]}},{"type":"Feature","id":"6566474125","properties":{"osmId":"6566474125","name":null,"heightM":60,"radioBand":"yes","countryCode":"PH"},"geometry":{"type":"Point","coordinates":[120.6235037,15.3593138]}},{"type":"Feature","id":"6566474126","properties":{"osmId":"6566474126","name":null,"heightM":60,"radioBand":"yes","countryCode":"PH"},"geometry":{"type":"Point","coordinates":[120.6235255,15.3592568]}},{"type":"Feature","id":"6566474127","properties":{"osmId":"6566474127","name":null,"heightM":60,"radioBand":"yes","countryCode":"PH"},"geometry":{"type":"Point","coordinates":[120.6240419,15.3596228]}},{"type":"Feature","id":"6566474128","properties":{"osmId":"6566474128","name":null,"heightM":60,"radioBand":"yes","countryCode":"PH"},"geometry":{"type":"Point","coordinates":[120.6240699,15.3595748]}},{"type":"Feature","id":"6566474129","properties":{"osmId":"6566474129","name":null,"heightM":60,"radioBand":"yes","countryCode":"PH"},"geometry":{"type":"Point","coordinates":[120.6243913,15.360909]}},{"type":"Feature","id":"6566474130","properties":{"osmId":"6566474130","name":null,"heightM":60,"radioBand":"yes","countryCode":"PH"},"geometry":{"type":"Point","coordinates":[120.6243752,15.3609417]}},{"type":"Feature","id":"6566474131","properties":{"osmId":"6566474131","name":null,"heightM":60,"radioBand":"yes","countryCode":"PH"},"geometry":{"type":"Point","coordinates":[120.6248511,15.3611376]}},{"type":"Feature","id":"6566474132","properties":{"osmId":"6566474132","name":null,"heightM":60,"radioBand":"yes","countryCode":"PH"},"geometry":{"type":"Point","coordinates":[120.6248351,15.3611754]}},{"type":"Feature","id":"6566474133","properties":{"osmId":"6566474133","name":null,"heightM":60,"radioBand":"yes","countryCode":"PH"},"geometry":{"type":"Point","coordinates":[120.6252023,15.3613559]}},{"type":"Feature","id":"6566474134","properties":{"osmId":"6566474134","name":null,"heightM":60,"radioBand":"yes","countryCode":"PH"},"geometry":{"type":"Point","coordinates":[120.6251898,15.3613851]}},{"type":"Feature","id":"6566474135","properties":{"osmId":"6566474135","name":null,"heightM":60,"radioBand":"yes","countryCode":"PH"},"geometry":{"type":"Point","coordinates":[120.6260332,15.3614071]}},{"type":"Feature","id":"6566474136","properties":{"osmId":"6566474136","name":null,"heightM":60,"radioBand":"yes","countryCode":"PH"},"geometry":{"type":"Point","coordinates":[120.6260013,15.3614469]}},{"type":"Feature","id":"6566474137","properties":{"osmId":"6566474137","name":null,"heightM":60,"radioBand":"yes","countryCode":"PH"},"geometry":{"type":"Point","coordinates":[120.6265847,15.3619453]}},{"type":"Feature","id":"6566474138","properties":{"osmId":"6566474138","name":null,"heightM":60,"radioBand":"yes","countryCode":"PH"},"geometry":{"type":"Point","coordinates":[120.6265514,15.3619869]}},{"type":"Feature","id":"6566474139","properties":{"osmId":"6566474139","name":null,"heightM":60,"radioBand":"yes","countryCode":"PH"},"geometry":{"type":"Point","coordinates":[120.6270087,15.3623739]}},{"type":"Feature","id":"6566474140","properties":{"osmId":"6566474140","name":null,"heightM":60,"radioBand":"yes","countryCode":"PH"},"geometry":{"type":"Point","coordinates":[120.6269741,15.3624119]}},{"type":"Feature","id":"6566474098","properties":{"osmId":"6566474098","name":null,"heightM":30,"radioBand":"yes","countryCode":"PH"},"geometry":{"type":"Point","coordinates":[120.6391068,15.3658206]}},{"type":"Feature","id":"6566474099","properties":{"osmId":"6566474099","name":null,"heightM":30,"radioBand":"yes","countryCode":"PH"},"geometry":{"type":"Point","coordinates":[120.6395574,15.365585]}},{"type":"Feature","id":"6566474100","properties":{"osmId":"6566474100","name":null,"heightM":30,"radioBand":"yes","countryCode":"PH"},"geometry":{"type":"Point","coordinates":[120.6390742,15.3653075]}},{"type":"Feature","id":"6566474101","properties":{"osmId":"6566474101","name":null,"heightM":30,"radioBand":"yes","countryCode":"PH"},"geometry":{"type":"Point","coordinates":[120.6395466,15.3650457]}},{"type":"Feature","id":"6566474102","properties":{"osmId":"6566474102","name":null,"heightM":30,"radioBand":"yes","countryCode":"PH"},"geometry":{"type":"Point","coordinates":[120.6382978,15.364873]}},{"type":"Feature","id":"6566474104","properties":{"osmId":"6566474104","name":null,"heightM":30,"radioBand":"yes","countryCode":"PH"},"geometry":{"type":"Point","coordinates":[120.6375649,15.3652709]}},{"type":"Feature","id":"6566474105","properties":{"osmId":"6566474105","name":null,"heightM":30,"radioBand":"yes","countryCode":"PH"},"geometry":{"type":"Point","coordinates":[120.6375323,15.3644332]}},{"type":"Feature","id":"6566474106","properties":{"osmId":"6566474106","name":null,"heightM":30,"radioBand":"yes","countryCode":"PH"},"geometry":{"type":"Point","coordinates":[120.6382698,15.364051]}},{"type":"Feature","id":"6566358146","properties":{"osmId":"6566358146","name":null,"heightM":14,"radioBand":"yes","countryCode":"PH"},"geometry":{"type":"Point","coordinates":[120.6299355,15.3827188]}},{"type":"Feature","id":"5684182242","properties":{"osmId":"5684182242","name":null,"heightM":12,"radioBand":"yes","countryCode":"PH"},"geometry":{"type":"Point","coordinates":[120.6262457,15.3794939]}},{"type":"Feature","id":"5364963014","properties":{"osmId":"5364963014","name":null,"heightM":1,"radioBand":"yes","countryCode":"PH"},"geometry":{"type":"Point","coordinates":[121.0669088,14.6110499]}},{"type":"Feature","id":"279724624","properties":{"osmId":"279724624","name":null,"heightM":null,"radioBand":"fm","countryCode":"PH"},"geometry":{"type":"Point","coordinates":[121.1678924,14.6031756]}},{"type":"Feature","id":"369314967","properties":{"osmId":"369314967","name":null,"heightM":null,"radioBand":"fm","countryCode":"PH"},"geometry":{"type":"Point","coordinates":[121.1675853,14.6035857]}},{"type":"Feature","id":"747620930","properties":{"osmId":"747620930","name":null,"heightM":null,"radioBand":"fm","countryCode":"PH"},"geometry":{"type":"Point","coordinates":[121.0620327,14.5871753]}},{"type":"Feature","id":"786434477","properties":{"osmId":"786434477","name":null,"heightM":null,"radioBand":"yes","countryCode":"PH"},"geometry":{"type":"Point","coordinates":[120.9208079,14.8009946]}},{"type":"Feature","id":"1245718253","properties":{"osmId":"1245718253","name":null,"heightM":null,"radioBand":"am","countryCode":"PH"},"geometry":{"type":"Point","coordinates":[125.6229266,7.0913801]}},{"type":"Feature","id":"1740113742","properties":{"osmId":"1740113742","name":null,"heightM":null,"radioBand":"yes","countryCode":"PH"},"geometry":{"type":"Point","coordinates":[120.4440103,17.1834739]}},{"type":"Feature","id":"1802754394","properties":{"osmId":"1802754394","name":null,"heightM":null,"radioBand":"am","countryCode":"PH"},"geometry":{"type":"Point","coordinates":[125.6297135,7.0862673]}},{"type":"Feature","id":"2300494787","properties":{"osmId":"2300494787","name":null,"heightM":null,"radioBand":"fm","countryCode":"PH"},"geometry":{"type":"Point","coordinates":[122.5714502,10.6942582]}},{"type":"Feature","id":"2377610449","properties":{"osmId":"2377610449","name":null,"heightM":null,"radioBand":"am","countryCode":"PH"},"geometry":{"type":"Point","coordinates":[120.8126293,14.8593516]}},{"type":"Feature","id":"2388352864","properties":{"osmId":"2388352864","name":null,"heightM":null,"radioBand":"yes","countryCode":"PH"},"geometry":{"type":"Point","coordinates":[121.6056001,13.9601703]}},{"type":"Feature","id":"2398936880","properties":{"osmId":"2398936880","name":null,"heightM":null,"radioBand":"yes","countryCode":"PH"},"geometry":{"type":"Point","coordinates":[121.1579756,14.6099413]}},{"type":"Feature","id":"3083946755","properties":{"osmId":"3083946755","name":null,"heightM":null,"radioBand":"fm","countryCode":"PH"},"geometry":{"type":"Point","coordinates":[125.9386336,8.5491282]}},{"type":"Feature","id":"3313369829","properties":{"osmId":"3313369829","name":null,"heightM":null,"radioBand":"am","countryCode":"PH"},"geometry":{"type":"Point","coordinates":[122.5706441,10.6925271]}},{"type":"Feature","id":"4221193321","properties":{"osmId":"4221193321","name":null,"heightM":null,"radioBand":"fm","countryCode":"PH"},"geometry":{"type":"Point","coordinates":[123.7526869,13.1491248]}},{"type":"Feature","id":"4319103030","properties":{"osmId":"4319103030","name":null,"heightM":null,"radioBand":"am","countryCode":"PH"},"geometry":{"type":"Point","coordinates":[120.9766395,14.6786768]}},{"type":"Feature","id":"4319103063","properties":{"osmId":"4319103063","name":null,"heightM":null,"radioBand":"yes","countryCode":"PH"},"geometry":{"type":"Point","coordinates":[120.9768015,14.6794666]}},{"type":"Feature","id":"4319103064","properties":{"osmId":"4319103064","name":null,"heightM":null,"radioBand":"yes","countryCode":"PH"},"geometry":{"type":"Point","coordinates":[120.9756679,14.6794721]}},{"type":"Feature","id":"4319103073","properties":{"osmId":"4319103073","name":null,"heightM":null,"radioBand":"yes","countryCode":"PH"},"geometry":{"type":"Point","coordinates":[120.9768413,14.6797741]}},{"type":"Feature","id":"4432762340","properties":{"osmId":"4432762340","name":null,"heightM":null,"radioBand":"fm","countryCode":"PH"},"geometry":{"type":"Point","coordinates":[121.1647787,14.6080283]}},{"type":"Feature","id":"4465992926","properties":{"osmId":"4465992926","name":null,"heightM":null,"radioBand":"am","countryCode":"PH"},"geometry":{"type":"Point","coordinates":[121.6439714,13.9493834]}},{"type":"Feature","id":"4465992937","properties":{"osmId":"4465992937","name":null,"heightM":null,"radioBand":"am","countryCode":"PH"},"geometry":{"type":"Point","coordinates":[121.6455781,13.9540996]}},{"type":"Feature","id":"4481434420","properties":{"osmId":"4481434420","name":null,"heightM":null,"radioBand":"yes","countryCode":"PH"},"geometry":{"type":"Point","coordinates":[120.9038005,14.7616138]}},{"type":"Feature","id":"4636830078","properties":{"osmId":"4636830078","name":null,"heightM":null,"radioBand":"sw","countryCode":"PH"},"geometry":{"type":"Point","coordinates":[120.8096578,14.8631844]}},{"type":"Feature","id":"4636830202","properties":{"osmId":"4636830202","name":null,"heightM":null,"radioBand":"sw","countryCode":"PH"},"geometry":{"type":"Point","coordinates":[120.8103901,14.8635967]}},{"type":"Feature","id":"4731988214","properties":{"osmId":"4731988214","name":null,"heightM":null,"radioBand":"am","countryCode":"PH"},"geometry":{"type":"Point","coordinates":[120.8791118,14.4380618]}},{"type":"Feature","id":"4791631613","properties":{"osmId":"4791631613","name":null,"heightM":null,"radioBand":"fm","countryCode":"PH"},"geometry":{"type":"Point","coordinates":[121.0459601,14.6552561]}},{"type":"Feature","id":"5076491633","properties":{"osmId":"5076491633","name":null,"heightM":null,"radioBand":"fm","countryCode":"PH"},"geometry":{"type":"Point","coordinates":[122.5721753,10.6923808]}},{"type":"Feature","id":"5215414775","properties":{"osmId":"5215414775","name":null,"heightM":null,"radioBand":"am","countryCode":"PH"},"geometry":{"type":"Point","coordinates":[121.5804987,16.6995648]}},{"type":"Feature","id":"5404788534","properties":{"osmId":"5404788534","name":null,"heightM":null,"radioBand":"yes","countryCode":"PH"},"geometry":{"type":"Point","coordinates":[121.0438531,14.6332558]}},{"type":"Feature","id":"5485937328","properties":{"osmId":"5485937328","name":null,"heightM":null,"radioBand":"am","countryCode":"PH"},"geometry":{"type":"Point","coordinates":[121.125956,14.048129]}},{"type":"Feature","id":"5727856716","properties":{"osmId":"5727856716","name":null,"heightM":null,"radioBand":"am","countryCode":"PH"},"geometry":{"type":"Point","coordinates":[120.9366201,14.7076237]}},{"type":"Feature","id":"5947826335","properties":{"osmId":"5947826335","name":null,"heightM":null,"radioBand":"am","countryCode":"PH"},"geometry":{"type":"Point","coordinates":[123.1855145,13.6168888]}},{"type":"Feature","id":"6335055365","properties":{"osmId":"6335055365","name":null,"heightM":null,"radioBand":"yes","countryCode":"PH"},"geometry":{"type":"Point","coordinates":[121.0507124,14.4764533]}},{"type":"Feature","id":"6514914814","properties":{"osmId":"6514914814","name":null,"heightM":null,"radioBand":"yes","countryCode":"PH"},"geometry":{"type":"Point","coordinates":[126.3162525,8.2161635]}},{"type":"Feature","id":"6914449652","properties":{"osmId":"6914449652","name":null,"heightM":null,"radioBand":"yes","countryCode":"PH"},"geometry":{"type":"Point","coordinates":[121.4790957,12.7497953]}},{"type":"Feature","id":"6935198493","properties":{"osmId":"6935198493","name":null,"heightM":null,"radioBand":"fm","countryCode":"PH"},"geometry":{"type":"Point","coordinates":[125.5758605,7.0769403]}},{"type":"Feature","id":"6965055819","properties":{"osmId":"6965055819","name":null,"heightM":null,"radioBand":"yes","countryCode":"PH"},"geometry":{"type":"Point","coordinates":[124.6863143,6.391776]}},{"type":"Feature","id":"7428742941","properties":{"osmId":"7428742941","name":null,"heightM":null,"radioBand":"am","countryCode":"PH"},"geometry":{"type":"Point","coordinates":[122.9185564,10.6022202]}},{"type":"Feature","id":"7428743026","properties":{"osmId":"7428743026","name":null,"heightM":null,"radioBand":"am","countryCode":"PH"},"geometry":{"type":"Point","coordinates":[122.9132059,10.589605]}},{"type":"Feature","id":"7538387692","properties":{"osmId":"7538387692","name":null,"heightM":null,"radioBand":"fm","countryCode":"PH"},"geometry":{"type":"Point","coordinates":[121.0506114,14.5763592]}},{"type":"Feature","id":"7538387695","properties":{"osmId":"7538387695","name":null,"heightM":null,"radioBand":"fm","countryCode":"PH"},"geometry":{"type":"Point","coordinates":[121.0631186,14.5841312]}},{"type":"Feature","id":"7687922909","properties":{"osmId":"7687922909","name":null,"heightM":null,"radioBand":"am","countryCode":"PH"},"geometry":{"type":"Point","coordinates":[124.0368193,12.9764515]}},{"type":"Feature","id":"7798673873","properties":{"osmId":"7798673873","name":null,"heightM":null,"radioBand":"am","countryCode":"PH"},"geometry":{"type":"Point","coordinates":[120.9453723,14.7225843]}},{"type":"Feature","id":"7826072461","properties":{"osmId":"7826072461","name":null,"heightM":null,"radioBand":"sw","countryCode":"PH"},"geometry":{"type":"Point","coordinates":[119.9534656,15.3569781]}},{"type":"Feature","id":"7826072462","properties":{"osmId":"7826072462","name":null,"heightM":null,"radioBand":"sw","countryCode":"PH"},"geometry":{"type":"Point","coordinates":[119.954053,15.3580794]}},{"type":"Feature","id":"7826072463","properties":{"osmId":"7826072463","name":null,"heightM":null,"radioBand":"sw","countryCode":"PH"},"geometry":{"type":"Point","coordinates":[119.9547187,15.3584917]}},{"type":"Feature","id":"7826072464","properties":{"osmId":"7826072464","name":null,"heightM":null,"radioBand":"sw","countryCode":"PH"},"geometry":{"type":"Point","coordinates":[119.9534884,15.3562197]}},{"type":"Feature","id":"7826085478","properties":{"osmId":"7826085478","name":null,"heightM":null,"radioBand":"am","countryCode":"PH"},"geometry":{"type":"Point","coordinates":[120.9164204,14.8029672]}},{"type":"Feature","id":"7826085479","properties":{"osmId":"7826085479","name":null,"heightM":null,"radioBand":"am","countryCode":"PH"},"geometry":{"type":"Point","coordinates":[120.91673,14.8018327]}},{"type":"Feature","id":"7826085480","properties":{"osmId":"7826085480","name":null,"heightM":null,"radioBand":"yes","countryCode":"PH"},"geometry":{"type":"Point","coordinates":[120.9157077,14.8022307]}},{"type":"Feature","id":"7826085481","properties":{"osmId":"7826085481","name":null,"heightM":null,"radioBand":"yes","countryCode":"PH"},"geometry":{"type":"Point","coordinates":[120.9156284,14.8014851]}},{"type":"Feature","id":"7826118595","properties":{"osmId":"7826118595","name":null,"heightM":null,"radioBand":"sw","countryCode":"PH"},"geometry":{"type":"Point","coordinates":[120.9111977,14.8009892]}},{"type":"Feature","id":"7826118596","properties":{"osmId":"7826118596","name":null,"heightM":null,"radioBand":"sw","countryCode":"PH"},"geometry":{"type":"Point","coordinates":[120.9105333,14.8014699]}},{"type":"Feature","id":"7826118597","properties":{"osmId":"7826118597","name":null,"heightM":null,"radioBand":"sw","countryCode":"PH"},"geometry":{"type":"Point","coordinates":[120.9106088,14.8024024]}},{"type":"Feature","id":"7826118598","properties":{"osmId":"7826118598","name":null,"heightM":null,"radioBand":"sw","countryCode":"PH"},"geometry":{"type":"Point","coordinates":[120.9109575,14.8032057]}},{"type":"Feature","id":"7826118599","properties":{"osmId":"7826118599","name":null,"heightM":null,"radioBand":"sw","countryCode":"PH"},"geometry":{"type":"Point","coordinates":[120.9116841,14.8035975]}},{"type":"Feature","id":"8040405371","properties":{"osmId":"8040405371","name":null,"heightM":null,"radioBand":"yes","countryCode":"PH"},"geometry":{"type":"Point","coordinates":[120.5604063,16.3361939]}},{"type":"Feature","id":"8040405372","properties":{"osmId":"8040405372","name":null,"heightM":null,"radioBand":"yes","countryCode":"PH"},"geometry":{"type":"Point","coordinates":[120.560545,16.3359183]}},{"type":"Feature","id":"8263776349","properties":{"osmId":"8263776349","name":null,"heightM":null,"radioBand":"yes","countryCode":"PH"},"geometry":{"type":"Point","coordinates":[123.7997013,9.8511358]}},{"type":"Feature","id":"8357376802","properties":{"osmId":"8357376802","name":null,"heightM":null,"radioBand":"fm","countryCode":"PH"},"geometry":{"type":"Point","coordinates":[121.3951184,14.2703112]}},{"type":"Feature","id":"8520449079","properties":{"osmId":"8520449079","name":null,"heightM":null,"radioBand":"am","countryCode":"PH"},"geometry":{"type":"Point","coordinates":[122.5648203,10.7055364]}},{"type":"Feature","id":"8644041946","properties":{"osmId":"8644041946","name":null,"heightM":null,"radioBand":"fm","countryCode":"PH"},"geometry":{"type":"Point","coordinates":[121.1725389,13.7051662]}},{"type":"Feature","id":"8718817230","properties":{"osmId":"8718817230","name":null,"heightM":null,"radioBand":"fm","countryCode":"PH"},"geometry":{"type":"Point","coordinates":[122.293936,13.6030904]}},{"type":"Feature","id":"9105641047","properties":{"osmId":"9105641047","name":null,"heightM":null,"radioBand":"fm","countryCode":"PH"},"geometry":{"type":"Point","coordinates":[120.5933934,16.4160623]}},{"type":"Feature","id":"9352038582","properties":{"osmId":"9352038582","name":null,"heightM":null,"radioBand":"fm","countryCode":"PH"},"geometry":{"type":"Point","coordinates":[120.5934256,16.4161986]}},{"type":"Feature","id":"9558304715","properties":{"osmId":"9558304715","name":null,"heightM":null,"radioBand":"yes","countryCode":"PH"},"geometry":{"type":"Point","coordinates":[122.3594911,11.7149307]}},{"type":"Feature","id":"9558356718","properties":{"osmId":"9558356718","name":null,"heightM":null,"radioBand":"yes","countryCode":"PH"},"geometry":{"type":"Point","coordinates":[122.3662957,11.7098846]}},{"type":"Feature","id":"9558356722","properties":{"osmId":"9558356722","name":null,"heightM":null,"radioBand":"yes","countryCode":"PH"},"geometry":{"type":"Point","coordinates":[122.3666499,11.7101503]}},{"type":"Feature","id":"9671908238","properties":{"osmId":"9671908238","name":null,"heightM":null,"radioBand":"am","countryCode":"PH"},"geometry":{"type":"Point","coordinates":[118.7357276,9.7877918]}},{"type":"Feature","id":"9774551338","properties":{"osmId":"9774551338","name":null,"heightM":null,"radioBand":"yes","countryCode":"PH"},"geometry":{"type":"Point","coordinates":[121.024664,14.740689]}},{"type":"Feature","id":"9958687122","properties":{"osmId":"9958687122","name":null,"heightM":null,"radioBand":"yes","countryCode":"PH"},"geometry":{"type":"Point","coordinates":[121.0070142,14.7403483]}},{"type":"Feature","id":"10013239002","properties":{"osmId":"10013239002","name":null,"heightM":null,"radioBand":"fm","countryCode":"PH"},"geometry":{"type":"Point","coordinates":[120.9750885,15.4880067]}},{"type":"Feature","id":"10294277857","properties":{"osmId":"10294277857","name":null,"heightM":null,"radioBand":"yes","countryCode":"PH"},"geometry":{"type":"Point","coordinates":[121.1678434,14.6031607]}},{"type":"Feature","id":"10677560331","properties":{"osmId":"10677560331","name":null,"heightM":null,"radioBand":"yes","countryCode":"PH"},"geometry":{"type":"Point","coordinates":[121.0159394,14.7330455]}},{"type":"Feature","id":"10687339925","properties":{"osmId":"10687339925","name":null,"heightM":null,"radioBand":"yes","countryCode":"PH"},"geometry":{"type":"Point","coordinates":[123.8623715,10.2730515]}},{"type":"Feature","id":"10698548253","properties":{"osmId":"10698548253","name":null,"heightM":null,"radioBand":"am","countryCode":"PH"},"geometry":{"type":"Point","coordinates":[120.3865806,17.5613559]}},{"type":"Feature","id":"10698577245","properties":{"osmId":"10698577245","name":null,"heightM":null,"radioBand":"am","countryCode":"PH"},"geometry":{"type":"Point","coordinates":[120.5478402,18.060251]}},{"type":"Feature","id":"10718748094","properties":{"osmId":"10718748094","name":null,"heightM":null,"radioBand":"am","countryCode":"PH"},"geometry":{"type":"Point","coordinates":[121.5513381,16.7309923]}},{"type":"Feature","id":"10726999832","properties":{"osmId":"10726999832","name":null,"heightM":null,"radioBand":"yes","countryCode":"PH"},"geometry":{"type":"Point","coordinates":[121.0141256,14.7447002]}},{"type":"Feature","id":"11301956779","properties":{"osmId":"11301956779","name":null,"heightM":null,"radioBand":"fm","countryCode":"PH"},"geometry":{"type":"Point","coordinates":[122.1431874,18.4570903]}},{"type":"Feature","id":"11934736924","properties":{"osmId":"11934736924","name":null,"heightM":null,"radioBand":"yes","countryCode":"PH"},"geometry":{"type":"Point","coordinates":[123.6385776,8.5562389]}},{"type":"Feature","id":"12242826769","properties":{"osmId":"12242826769","name":null,"heightM":null,"radioBand":"yes","countryCode":"PH"},"geometry":{"type":"Point","coordinates":[121.1666261,13.9520961]}},{"type":"Feature","id":"12242826770","properties":{"osmId":"12242826770","name":null,"heightM":null,"radioBand":"yes","countryCode":"PH"},"geometry":{"type":"Point","coordinates":[121.1807969,13.9414098]}},{"type":"Feature","id":"12242826780","properties":{"osmId":"12242826780","name":null,"heightM":null,"radioBand":"yes","countryCode":"PH"},"geometry":{"type":"Point","coordinates":[121.1809023,13.9413517]}},{"type":"Feature","id":"12586860275","properties":{"osmId":"12586860275","name":null,"heightM":null,"radioBand":"yes","countryCode":"PH"},"geometry":{"type":"Point","coordinates":[124.9663106,11.2437867]}},{"type":"Feature","id":"12925805727","properties":{"osmId":"12925805727","name":null,"heightM":null,"radioBand":"yes","countryCode":"PH"},"geometry":{"type":"Point","coordinates":[121.1368713,13.9557948]}},{"type":"Feature","id":"13142360684","properties":{"osmId":"13142360684","name":null,"heightM":null,"radioBand":"am","countryCode":"PH"},"geometry":{"type":"Point","coordinates":[120.9457304,14.7381642]}},{"type":"Feature","id":"13532591483","properties":{"osmId":"13532591483","name":null,"heightM":null,"radioBand":"fm","countryCode":"PH"},"geometry":{"type":"Point","coordinates":[121.6682518,17.5822424]}},{"type":"Feature","id":"13546187771","properties":{"osmId":"13546187771","name":null,"heightM":null,"radioBand":"yes","countryCode":"PH"},"geometry":{"type":"Point","coordinates":[123.8670621,10.3671545]}},{"type":"Feature","id":"13598590808","properties":{"osmId":"13598590808","name":null,"heightM":null,"radioBand":"yes","countryCode":"PH"},"geometry":{"type":"Point","coordinates":[123.359906,8.5494253]}},{"type":"Feature","id":"13744103323","properties":{"osmId":"13744103323","name":null,"heightM":null,"radioBand":"yes","countryCode":"PH"},"geometry":{"type":"Point","coordinates":[120.6123042,15.4809254]}},{"type":"Feature","id":"13823997213","properties":{"osmId":"13823997213","name":null,"heightM":null,"radioBand":"fm","countryCode":"PH"},"geometry":{"type":"Point","coordinates":[121.5511626,16.6884258]}},{"type":"Feature","id":"13956866989","properties":{"osmId":"13956866989","name":null,"heightM":null,"radioBand":"am","countryCode":"PH"},"geometry":{"type":"Point","coordinates":[125.5830939,7.0881479]}},{"type":"Feature","id":"13964758548","properties":{"osmId":"13964758548","name":null,"heightM":null,"radioBand":"fm","countryCode":"PH"},"geometry":{"type":"Point","coordinates":[125.1822358,6.1357551]}},{"type":"Feature","id":"13989780115","properties":{"osmId":"13989780115","name":null,"heightM":null,"radioBand":"fm","countryCode":"PH"},"geometry":{"type":"Point","coordinates":[125.001083,11.2003871]}},{"type":"Feature","id":"13994660434","properties":{"osmId":"13994660434","name":null,"heightM":null,"radioBand":"fm","countryCode":"PH"},"geometry":{"type":"Point","coordinates":[124.9759681,11.2521483]}},{"type":"Feature","id":"13994660446","properties":{"osmId":"13994660446","name":null,"heightM":null,"radioBand":"fm","countryCode":"PH"},"geometry":{"type":"Point","coordinates":[125.0040567,11.2407841]}},{"type":"Feature","id":"13994865332","properties":{"osmId":"13994865332","name":null,"heightM":null,"radioBand":"fm","countryCode":"PH"},"geometry":{"type":"Point","coordinates":[124.988269,11.2333289]}},{"type":"Feature","id":"14004771799","properties":{"osmId":"14004771799","name":null,"heightM":null,"radioBand":"fm","countryCode":"PH"},"geometry":{"type":"Point","coordinates":[120.5820143,16.4111948]}},{"type":"Feature","id":"14055749038","properties":{"osmId":"14055749038","name":null,"heightM":null,"radioBand":"fm","countryCode":"PH"},"geometry":{"type":"Point","coordinates":[124.8832328,11.7748511]}},{"type":"Feature","id":"14065997210","properties":{"osmId":"14065997210","name":null,"heightM":null,"radioBand":"fm","countryCode":"PH"},"geometry":{"type":"Point","coordinates":[122.3743027,11.7039056]}},{"type":"Feature","id":"14072211852","properties":{"osmId":"14072211852","name":null,"heightM":null,"radioBand":"fm","countryCode":"PH"},"geometry":{"type":"Point","coordinates":[122.9482227,10.6683426]}},{"type":"Feature","id":"14074337684","properties":{"osmId":"14074337684","name":null,"heightM":null,"radioBand":"fm","countryCode":"PH"},"geometry":{"type":"Point","coordinates":[121.7137895,17.6146938]}},{"type":"Feature","id":"14074436723","properties":{"osmId":"14074436723","name":null,"heightM":null,"radioBand":"fm","countryCode":"PH"},"geometry":{"type":"Point","coordinates":[121.6138823,13.9328588]}},{"type":"Feature","id":"14074436728","properties":{"osmId":"14074436728","name":null,"heightM":null,"radioBand":"fm","countryCode":"PH"},"geometry":{"type":"Point","coordinates":[125.1770722,6.1087562]}},{"type":"Feature","id":"14079826463","properties":{"osmId":"14079826463","name":null,"heightM":null,"radioBand":"fm","countryCode":"PH"},"geometry":{"type":"Point","coordinates":[123.618666,12.3676968]}},{"type":"Feature","id":"14094118458","properties":{"osmId":"14094118458","name":null,"heightM":null,"radioBand":"am","countryCode":"PH"},"geometry":{"type":"Point","coordinates":[124.994728,11.1870112]}},{"type":"Feature","id":"14107218192","properties":{"osmId":"14107218192","name":null,"heightM":null,"radioBand":"fm","countryCode":"PH"},"geometry":{"type":"Point","coordinates":[122.079584,6.9080816]}},{"type":"Feature","id":"14107218197","properties":{"osmId":"14107218197","name":null,"heightM":null,"radioBand":"fm","countryCode":"PH"},"geometry":{"type":"Point","coordinates":[124.6448085,8.4812722]}},{"type":"Feature","id":"14109693708","properties":{"osmId":"14109693708","name":null,"heightM":null,"radioBand":"fm","countryCode":"PH"},"geometry":{"type":"Point","coordinates":[121.5535687,16.6911875]}},{"type":"Feature","id":"14112129023","properties":{"osmId":"14112129023","name":null,"heightM":null,"radioBand":"fm","countryCode":"PH"},"geometry":{"type":"Point","coordinates":[125.1716153,6.1377214]}},{"type":"Feature","id":"14114242542","properties":{"osmId":"14114242542","name":null,"heightM":null,"radioBand":"am","countryCode":"PH"},"geometry":{"type":"Point","coordinates":[120.5769031,18.2062535]}},{"type":"Feature","id":"14114242556","properties":{"osmId":"14114242556","name":null,"heightM":null,"radioBand":"yes","countryCode":"PH"},"geometry":{"type":"Point","coordinates":[120.5771463,18.2062914]}},{"type":"Feature","id":"14152811254","properties":{"osmId":"14152811254","name":null,"heightM":null,"radioBand":"yes","countryCode":"PH"},"geometry":{"type":"Point","coordinates":[120.9795598,17.096697]}},{"type":"Feature","id":"14152838657","properties":{"osmId":"14152838657","name":null,"heightM":null,"radioBand":"yes","countryCode":"PH"},"geometry":{"type":"Point","coordinates":[120.7635321,12.8392566]}},{"type":"Feature","id":"14152838776","properties":{"osmId":"14152838776","name":null,"heightM":null,"radioBand":"yes","countryCode":"PH"},"geometry":{"type":"Point","coordinates":[121.4680402,17.4696129]}},{"type":"Feature","id":"14154032144","properties":{"osmId":"14154032144","name":null,"heightM":null,"radioBand":"fm","countryCode":"PH"},"geometry":{"type":"Point","coordinates":[123.8892254,10.3496502]}},{"type":"Feature","id":"14154032145","properties":{"osmId":"14154032145","name":null,"heightM":null,"radioBand":"yes","countryCode":"PH"},"geometry":{"type":"Point","coordinates":[123.8892494,10.3496611]}},{"type":"Feature","id":"14154036842","properties":{"osmId":"14154036842","name":null,"heightM":null,"radioBand":"yes","countryCode":"PH"},"geometry":{"type":"Point","coordinates":[120.3365116,16.0418399]}},{"type":"Feature","id":"14154333689","properties":{"osmId":"14154333689","name":null,"heightM":null,"radioBand":"am","countryCode":"PH"},"geometry":{"type":"Point","coordinates":[120.3273384,16.0221273]}},{"type":"Feature","id":"14154333690","properties":{"osmId":"14154333690","name":null,"heightM":null,"radioBand":"yes","countryCode":"PH"},"geometry":{"type":"Point","coordinates":[120.3271843,16.0224165]}},{"type":"Feature","id":"14156673852","properties":{"osmId":"14156673852","name":null,"heightM":null,"radioBand":"fm","countryCode":"PH"},"geometry":{"type":"Point","coordinates":[124.8812824,11.7770813]}},{"type":"Feature","id":"10106031174","properties":{"osmId":"10106031174","name":null,"heightM":250,"radioBand":"yes","countryCode":"VN"},"geometry":{"type":"Point","coordinates":[105.7637945,21.0022421]}},{"type":"Feature","id":"1013981353","properties":{"osmId":"1013981353","name":null,"heightM":180,"radioBand":"yes","countryCode":"VN"},"geometry":{"type":"Point","coordinates":[106.6230502,17.4650808]}},{"type":"Feature","id":"12739307437","properties":{"osmId":"12739307437","name":null,"heightM":135,"radioBand":"yes","countryCode":"VN"},"geometry":{"type":"Point","coordinates":[106.6269909,17.4264133]}},{"type":"Feature","id":"10250840590","properties":{"osmId":"10250840590","name":null,"heightM":54,"radioBand":"yes","countryCode":"VN"},"geometry":{"type":"Point","coordinates":[106.6125363,17.4683795]}},{"type":"Feature","id":"7860607104","properties":{"osmId":"7860607104","name":null,"heightM":null,"radioBand":"yes","countryCode":"VN"},"geometry":{"type":"Point","coordinates":[105.8508725,21.022177]}},{"type":"Feature","id":"7860607111","properties":{"osmId":"7860607111","name":null,"heightM":null,"radioBand":"yes","countryCode":"VN"},"geometry":{"type":"Point","coordinates":[105.8509982,21.0224918]}},{"type":"Feature","id":"7860607112","properties":{"osmId":"7860607112","name":null,"heightM":null,"radioBand":"yes","countryCode":"VN"},"geometry":{"type":"Point","coordinates":[105.8509754,21.0224227]}},{"type":"Feature","id":"7860607113","properties":{"osmId":"7860607113","name":null,"heightM":null,"radioBand":"yes","countryCode":"VN"},"geometry":{"type":"Point","coordinates":[105.8509104,21.0224136]}},{"type":"Feature","id":"8226000894","properties":{"osmId":"8226000894","name":null,"heightM":null,"radioBand":"yes","countryCode":"VN"},"geometry":{"type":"Point","coordinates":[106.5107043,17.657555]}},{"type":"Feature","id":"8491358034","properties":{"osmId":"8491358034","name":null,"heightM":null,"radioBand":"yes","countryCode":"VN"},"geometry":{"type":"Point","coordinates":[105.9384386,21.0227042]}},{"type":"Feature","id":"9047421655","properties":{"osmId":"9047421655","name":null,"heightM":null,"radioBand":"yes","countryCode":"VN"},"geometry":{"type":"Point","coordinates":[106.0574634,20.6714264]}},{"type":"Feature","id":"10104751591","properties":{"osmId":"10104751591","name":null,"heightM":null,"radioBand":"yes","countryCode":"VN"},"geometry":{"type":"Point","coordinates":[106.848549,11.1254871]}},{"type":"Feature","id":"10793078948","properties":{"osmId":"10793078948","name":null,"heightM":null,"radioBand":"yes","countryCode":"VN"},"geometry":{"type":"Point","coordinates":[109.0841142,9.9738113]}},{"type":"Feature","id":"10797270160","properties":{"osmId":"10797270160","name":null,"heightM":null,"radioBand":"yes","countryCode":"VN"},"geometry":{"type":"Point","coordinates":[108.9637922,10.4862276]}},{"type":"Feature","id":"10967135581","properties":{"osmId":"10967135581","name":null,"heightM":null,"radioBand":"yes","countryCode":"VN"},"geometry":{"type":"Point","coordinates":[105.3908362,21.1577551]}},{"type":"Feature","id":"11010844362","properties":{"osmId":"11010844362","name":null,"heightM":null,"radioBand":"yes","countryCode":"VN"},"geometry":{"type":"Point","coordinates":[105.417645,21.1369901]}},{"type":"Feature","id":"11010844363","properties":{"osmId":"11010844363","name":null,"heightM":null,"radioBand":"yes","countryCode":"VN"},"geometry":{"type":"Point","coordinates":[105.4194121,21.1368681]}},{"type":"Feature","id":"11075155122","properties":{"osmId":"11075155122","name":null,"heightM":null,"radioBand":"yes","countryCode":"VN"},"geometry":{"type":"Point","coordinates":[105.4152147,21.1426246]}},{"type":"Feature","id":"11075155123","properties":{"osmId":"11075155123","name":null,"heightM":null,"radioBand":"yes","countryCode":"VN"},"geometry":{"type":"Point","coordinates":[105.4145318,21.1420977]}},{"type":"Feature","id":"11075155124","properties":{"osmId":"11075155124","name":null,"heightM":null,"radioBand":"yes","countryCode":"VN"},"geometry":{"type":"Point","coordinates":[105.4135245,21.1413136]}},{"type":"Feature","id":"11075155125","properties":{"osmId":"11075155125","name":null,"heightM":null,"radioBand":"yes","countryCode":"VN"},"geometry":{"type":"Point","coordinates":[105.4130606,21.1401453]}},{"type":"Feature","id":"11075155126","properties":{"osmId":"11075155126","name":null,"heightM":null,"radioBand":"yes","countryCode":"VN"},"geometry":{"type":"Point","coordinates":[105.41279,21.1393448]}},{"type":"Feature","id":"11075155133","properties":{"osmId":"11075155133","name":null,"heightM":null,"radioBand":"yes","countryCode":"VN"},"geometry":{"type":"Point","coordinates":[105.4233073,21.1325735]}},{"type":"Feature","id":"11075155134","properties":{"osmId":"11075155134","name":null,"heightM":null,"radioBand":"yes","countryCode":"VN"},"geometry":{"type":"Point","coordinates":[105.4229279,21.13348]}},{"type":"Feature","id":"11075221602","properties":{"osmId":"11075221602","name":null,"heightM":null,"radioBand":"yes","countryCode":"VN"},"geometry":{"type":"Point","coordinates":[105.4170247,21.1379494]}},{"type":"Feature","id":"11075221603","properties":{"osmId":"11075221603","name":null,"heightM":null,"radioBand":"yes","countryCode":"VN"},"geometry":{"type":"Point","coordinates":[105.4162458,21.1380726]}},{"type":"Feature","id":"11075221604","properties":{"osmId":"11075221604","name":null,"heightM":null,"radioBand":"yes","countryCode":"VN"},"geometry":{"type":"Point","coordinates":[105.4174984,21.1380811]}},{"type":"Feature","id":"11075335605","properties":{"osmId":"11075335605","name":null,"heightM":null,"radioBand":"yes","countryCode":"VN"},"geometry":{"type":"Point","coordinates":[105.4175075,21.1388883]}},{"type":"Feature","id":"11075335606","properties":{"osmId":"11075335606","name":null,"heightM":null,"radioBand":"yes","countryCode":"VN"},"geometry":{"type":"Point","coordinates":[105.412632,21.1389522]}},{"type":"Feature","id":"11075335607","properties":{"osmId":"11075335607","name":null,"heightM":null,"radioBand":"yes","countryCode":"VN"},"geometry":{"type":"Point","coordinates":[105.4119773,21.139392]}},{"type":"Feature","id":"11075335608","properties":{"osmId":"11075335608","name":null,"heightM":null,"radioBand":"yes","countryCode":"VN"},"geometry":{"type":"Point","coordinates":[105.4157887,21.1407714]}},{"type":"Feature","id":"11075335609","properties":{"osmId":"11075335609","name":null,"heightM":null,"radioBand":"yes","countryCode":"VN"},"geometry":{"type":"Point","coordinates":[105.4156499,21.1394719]}},{"type":"Feature","id":"11075335610","properties":{"osmId":"11075335610","name":null,"heightM":null,"radioBand":"yes","countryCode":"VN"},"geometry":{"type":"Point","coordinates":[105.4152094,21.139655]}},{"type":"Feature","id":"11075335611","properties":{"osmId":"11075335611","name":null,"heightM":null,"radioBand":"yes","countryCode":"VN"},"geometry":{"type":"Point","coordinates":[105.4159084,21.1390253]}},{"type":"Feature","id":"11075335612","properties":{"osmId":"11075335612","name":null,"heightM":null,"radioBand":"yes","countryCode":"VN"},"geometry":{"type":"Point","coordinates":[105.4208195,21.1376957]}},{"type":"Feature","id":"11075335613","properties":{"osmId":"11075335613","name":null,"heightM":null,"radioBand":"yes","countryCode":"VN"},"geometry":{"type":"Point","coordinates":[105.4164494,21.1404475]}},{"type":"Feature","id":"11075335614","properties":{"osmId":"11075335614","name":null,"heightM":null,"radioBand":"yes","countryCode":"VN"},"geometry":{"type":"Point","coordinates":[105.4145139,21.1396263]}},{"type":"Feature","id":"11075335729","properties":{"osmId":"11075335729","name":null,"heightM":null,"radioBand":"yes","countryCode":"VN"},"geometry":{"type":"Point","coordinates":[105.4176023,21.1363425]}},{"type":"Feature","id":"11075335736","properties":{"osmId":"11075335736","name":null,"heightM":null,"radioBand":"yes","countryCode":"VN"},"geometry":{"type":"Point","coordinates":[105.4193715,21.1361897]}},{"type":"Feature","id":"11075395563","properties":{"osmId":"11075395563","name":null,"heightM":null,"radioBand":"yes","countryCode":"VN"},"geometry":{"type":"Point","coordinates":[105.4204823,21.1341437]}},{"type":"Feature","id":"11287884896","properties":{"osmId":"11287884896","name":null,"heightM":null,"radioBand":"yes","countryCode":"VN"},"geometry":{"type":"Point","coordinates":[105.7855166,20.9977759]}},{"type":"Feature","id":"11577813868","properties":{"osmId":"11577813868","name":null,"heightM":null,"radioBand":"yes","countryCode":"VN"},"geometry":{"type":"Point","coordinates":[105.7765668,21.0225832]}},{"type":"Feature","id":"13011063865","properties":{"osmId":"13011063865","name":null,"heightM":null,"radioBand":"yes","countryCode":"VN"},"geometry":{"type":"Point","coordinates":[108.0189017,12.6436509]}},{"type":"Feature","id":"13011116468","properties":{"osmId":"13011116468","name":null,"heightM":null,"radioBand":"yes","countryCode":"VN"},"geometry":{"type":"Point","coordinates":[105.4131445,21.1379681]}},{"type":"Feature","id":"13088593411","properties":{"osmId":"13088593411","name":null,"heightM":null,"radioBand":"yes","countryCode":"VN"},"geometry":{"type":"Point","coordinates":[106.0031787,20.9358813]}},{"type":"Feature","id":"13137426689","properties":{"osmId":"13137426689","name":null,"heightM":null,"radioBand":"yes","countryCode":"VN"},"geometry":{"type":"Point","coordinates":[106.0598364,20.9921668]}},{"type":"Feature","id":"13137485089","properties":{"osmId":"13137485089","name":null,"heightM":null,"radioBand":"yes","countryCode":"VN"},"geometry":{"type":"Point","coordinates":[106.0650345,20.9928627]}},{"type":"Feature","id":"13140228708","properties":{"osmId":"13140228708","name":null,"heightM":null,"radioBand":"yes","countryCode":"VN"},"geometry":{"type":"Point","coordinates":[106.0842959,20.9884733]}},{"type":"Feature","id":"13140257518","properties":{"osmId":"13140257518","name":null,"heightM":null,"radioBand":"yes","countryCode":"VN"},"geometry":{"type":"Point","coordinates":[106.0853879,20.9925367]}},{"type":"Feature","id":"13140482105","properties":{"osmId":"13140482105","name":null,"heightM":null,"radioBand":"yes","countryCode":"VN"},"geometry":{"type":"Point","coordinates":[106.0703636,20.9893384]}},{"type":"Feature","id":"13143889016","properties":{"osmId":"13143889016","name":null,"heightM":null,"radioBand":"yes","countryCode":"VN"},"geometry":{"type":"Point","coordinates":[106.0005085,20.9381186]}},{"type":"Feature","id":"13143889017","properties":{"osmId":"13143889017","name":null,"heightM":null,"radioBand":"yes","countryCode":"VN"},"geometry":{"type":"Point","coordinates":[106.0005859,20.9386254]}},{"type":"Feature","id":"13154741291","properties":{"osmId":"13154741291","name":null,"heightM":null,"radioBand":"yes","countryCode":"VN"},"geometry":{"type":"Point","coordinates":[106.0963508,20.9836155]}},{"type":"Feature","id":"13154866992","properties":{"osmId":"13154866992","name":null,"heightM":null,"radioBand":"yes","countryCode":"VN"},"geometry":{"type":"Point","coordinates":[106.0934485,20.9871376]}},{"type":"Feature","id":"13287231418","properties":{"osmId":"13287231418","name":null,"heightM":null,"radioBand":"yes","countryCode":"VN"},"geometry":{"type":"Point","coordinates":[105.9520834,20.9317315]}},{"type":"Feature","id":"13288524746","properties":{"osmId":"13288524746","name":null,"heightM":null,"radioBand":"yes","countryCode":"VN"},"geometry":{"type":"Point","coordinates":[105.9536016,20.9367333]}},{"type":"Feature","id":"13288524768","properties":{"osmId":"13288524768","name":null,"heightM":null,"radioBand":"yes","countryCode":"VN"},"geometry":{"type":"Point","coordinates":[105.9575946,20.9341279]}},{"type":"Feature","id":"13288524769","properties":{"osmId":"13288524769","name":null,"heightM":null,"radioBand":"yes","countryCode":"VN"},"geometry":{"type":"Point","coordinates":[105.9574913,20.9341423]}},{"type":"Feature","id":"13313613197","properties":{"osmId":"13313613197","name":null,"heightM":null,"radioBand":"yes","countryCode":"VN"},"geometry":{"type":"Point","coordinates":[105.958062,20.9413313]}},{"type":"Feature","id":"13316027410","properties":{"osmId":"13316027410","name":null,"heightM":null,"radioBand":"yes","countryCode":"VN"},"geometry":{"type":"Point","coordinates":[105.9603782,20.9502965]}},{"type":"Feature","id":"13330115248","properties":{"osmId":"13330115248","name":null,"heightM":null,"radioBand":"yes","countryCode":"VN"},"geometry":{"type":"Point","coordinates":[105.952074,20.9524151]}},{"type":"Feature","id":"13358932047","properties":{"osmId":"13358932047","name":null,"heightM":null,"radioBand":"yes","countryCode":"VN"},"geometry":{"type":"Point","coordinates":[105.9724948,20.9381733]}},{"type":"Feature","id":"13431747405","properties":{"osmId":"13431747405","name":null,"heightM":null,"radioBand":"yes","countryCode":"VN"},"geometry":{"type":"Point","coordinates":[105.9920971,20.9556688]}},{"type":"Feature","id":"13433806900","properties":{"osmId":"13433806900","name":null,"heightM":null,"radioBand":"yes","countryCode":"VN"},"geometry":{"type":"Point","coordinates":[105.9949917,20.9465058]}},{"type":"Feature","id":"13433851749","properties":{"osmId":"13433851749","name":null,"heightM":null,"radioBand":"yes","countryCode":"VN"},"geometry":{"type":"Point","coordinates":[105.9912759,20.9525797]}},{"type":"Feature","id":"13437047710","properties":{"osmId":"13437047710","name":null,"heightM":null,"radioBand":"yes","countryCode":"VN"},"geometry":{"type":"Point","coordinates":[105.9880803,20.9589098]}},{"type":"Feature","id":"13441273574","properties":{"osmId":"13441273574","name":null,"heightM":null,"radioBand":"yes","countryCode":"VN"},"geometry":{"type":"Point","coordinates":[105.4115055,21.3209903]}},{"type":"Feature","id":"13441273575","properties":{"osmId":"13441273575","name":null,"heightM":null,"radioBand":"yes","countryCode":"VN"},"geometry":{"type":"Point","coordinates":[105.3413897,20.8165552]}},{"type":"Feature","id":"13441273584","properties":{"osmId":"13441273584","name":null,"heightM":null,"radioBand":"yes","countryCode":"VN"},"geometry":{"type":"Point","coordinates":[105.6237232,21.3044524]}},{"type":"Feature","id":"13461565791","properties":{"osmId":"13461565791","name":null,"heightM":null,"radioBand":"yes","countryCode":"VN"},"geometry":{"type":"Point","coordinates":[106.0005788,20.9473709]}},{"type":"Feature","id":"13524138027","properties":{"osmId":"13524138027","name":null,"heightM":null,"radioBand":"yes","countryCode":"VN"},"geometry":{"type":"Point","coordinates":[106.2935097,21.1191177]}},{"type":"Feature","id":"13601842615","properties":{"osmId":"13601842615","name":null,"heightM":null,"radioBand":"yes","countryCode":"VN"},"geometry":{"type":"Point","coordinates":[106.2789043,21.1258488]}},{"type":"Feature","id":"13617238662","properties":{"osmId":"13617238662","name":null,"heightM":null,"radioBand":"yes","countryCode":"VN"},"geometry":{"type":"Point","coordinates":[106.2381361,21.1405237]}},{"type":"Feature","id":"13618968503","properties":{"osmId":"13618968503","name":null,"heightM":null,"radioBand":"yes","countryCode":"VN"},"geometry":{"type":"Point","coordinates":[106.661768,10.8021437]}},{"type":"Feature","id":"13618968504","properties":{"osmId":"13618968504","name":null,"heightM":null,"radioBand":"yes","countryCode":"VN"},"geometry":{"type":"Point","coordinates":[106.6620343,10.8027333]}},{"type":"Feature","id":"13624705088","properties":{"osmId":"13624705088","name":null,"heightM":null,"radioBand":"yes","countryCode":"VN"},"geometry":{"type":"Point","coordinates":[105.9529878,20.9287484]}},{"type":"Feature","id":"13629178300","properties":{"osmId":"13629178300","name":null,"heightM":null,"radioBand":"yes","countryCode":"VN"},"geometry":{"type":"Point","coordinates":[105.992514,20.9416725]}},{"type":"Feature","id":"13711390903","properties":{"osmId":"13711390903","name":null,"heightM":null,"radioBand":"yes","countryCode":"VN"},"geometry":{"type":"Point","coordinates":[105.9592223,20.9425202]}},{"type":"Feature","id":"13757898815","properties":{"osmId":"13757898815","name":null,"heightM":null,"radioBand":"yes","countryCode":"VN"},"geometry":{"type":"Point","coordinates":[106.4743171,20.9717766]}},{"type":"Feature","id":"13760079722","properties":{"osmId":"13760079722","name":null,"heightM":null,"radioBand":"yes","countryCode":"VN"},"geometry":{"type":"Point","coordinates":[106.5539765,20.9318039]}},{"type":"Feature","id":"13912264108","properties":{"osmId":"13912264108","name":null,"heightM":null,"radioBand":"yes","countryCode":"VN"},"geometry":{"type":"Point","coordinates":[105.5915338,21.304544]}},{"type":"Feature","id":"14063089472","properties":{"osmId":"14063089472","name":null,"heightM":null,"radioBand":"yes","countryCode":"VN"},"geometry":{"type":"Point","coordinates":[109.0056261,11.4131742]}},{"type":"Feature","id":"11335408358","properties":{"osmId":"11335408358","name":null,"heightM":412,"radioBand":"yes","countryCode":"SD"},"geometry":{"type":"Point","coordinates":[22.4443106,13.4212681]}},{"type":"Feature","id":"13006124446","properties":{"osmId":"13006124446","name":null,"heightM":null,"radioBand":"yes","countryCode":"SD"},"geometry":{"type":"Point","coordinates":[32.4473007,15.5876588]}},{"type":"Feature","id":"13006124447","properties":{"osmId":"13006124447","name":null,"heightM":null,"radioBand":"yes","countryCode":"SD"},"geometry":{"type":"Point","coordinates":[32.4450692,15.5875215]}},{"type":"Feature","id":"13006124454","properties":{"osmId":"13006124454","name":null,"heightM":null,"radioBand":"yes","countryCode":"SD"},"geometry":{"type":"Point","coordinates":[32.4473128,15.5886758]}},{"type":"Feature","id":"1742570068","properties":{"osmId":"1742570068","name":null,"heightM":null,"radioBand":"yes","countryCode":"SS"},"geometry":{"type":"Point","coordinates":[31.6302897,4.8106991]}},{"type":"Feature","id":"4089513910","properties":{"osmId":"4089513910","name":"天天廣播電台 FM 96.9","heightM":null,"radioBand":"yes","countryCode":"TW"},"geometry":{"type":"Point","coordinates":[120.7973078,24.1836717]}},{"type":"Feature","id":"5052962570","properties":{"osmId":"5052962570","name":"短波廣播天線","heightM":null,"radioBand":"yes","countryCode":"TW"},"geometry":{"type":"Point","coordinates":[121.0968659,25.0359587]}},{"type":"Feature","id":"6291530741","properties":{"osmId":"6291530741","name":"民生展望電台","heightM":null,"radioBand":"yes","countryCode":"TW"},"geometry":{"type":"Point","coordinates":[120.438842,23.5727745]}},{"type":"Feature","id":"12466780980","properties":{"osmId":"12466780980","name":"綠川之聲廣播電臺","heightM":null,"radioBand":"yes","countryCode":"TW"},"geometry":{"type":"Point","coordinates":[120.7370198,24.2268192]}},{"type":"Feature","id":"2398024087","properties":{"osmId":"2398024087","name":null,"heightM":null,"radioBand":"yes","countryCode":"TW"},"geometry":{"type":"Point","coordinates":[121.4138382,25.1846441]}},{"type":"Feature","id":"2398024090","properties":{"osmId":"2398024090","name":null,"heightM":null,"radioBand":"yes","countryCode":"TW"},"geometry":{"type":"Point","coordinates":[121.4139438,25.1846267]}},{"type":"Feature","id":"2398024104","properties":{"osmId":"2398024104","name":null,"heightM":null,"radioBand":"yes","countryCode":"TW"},"geometry":{"type":"Point","coordinates":[121.4139678,25.1851307]}},{"type":"Feature","id":"2398024106","properties":{"osmId":"2398024106","name":null,"heightM":null,"radioBand":"yes","countryCode":"TW"},"geometry":{"type":"Point","coordinates":[121.414059,25.185122]}},{"type":"Feature","id":"2398024108","properties":{"osmId":"2398024108","name":null,"heightM":null,"radioBand":"yes","countryCode":"TW"},"geometry":{"type":"Point","coordinates":[121.4141742,25.1856087]}},{"type":"Feature","id":"2398024111","properties":{"osmId":"2398024111","name":null,"heightM":null,"radioBand":"yes","countryCode":"TW"},"geometry":{"type":"Point","coordinates":[121.4142607,25.1855609]}},{"type":"Feature","id":"2398024113","properties":{"osmId":"2398024113","name":null,"heightM":null,"radioBand":"yes","countryCode":"TW"},"geometry":{"type":"Point","coordinates":[121.4145632,25.1860041]}},{"type":"Feature","id":"2398024115","properties":{"osmId":"2398024115","name":null,"heightM":null,"radioBand":"yes","countryCode":"TW"},"geometry":{"type":"Point","coordinates":[121.4146496,25.1859215]}},{"type":"Feature","id":"2398024117","properties":{"osmId":"2398024117","name":null,"heightM":null,"radioBand":"yes","countryCode":"TW"},"geometry":{"type":"Point","coordinates":[121.4151297,25.1864168]}},{"type":"Feature","id":"2398024120","properties":{"osmId":"2398024120","name":null,"heightM":null,"radioBand":"yes","countryCode":"TW"},"geometry":{"type":"Point","coordinates":[121.415221,25.1863625]}},{"type":"Feature","id":"4367757220","properties":{"osmId":"4367757220","name":null,"heightM":null,"radioBand":"yes","countryCode":"TW"},"geometry":{"type":"Point","coordinates":[121.4153006,25.1868763]}},{"type":"Feature","id":"4367757221","properties":{"osmId":"4367757221","name":null,"heightM":null,"radioBand":"yes","countryCode":"TW"},"geometry":{"type":"Point","coordinates":[121.4157754,25.1869151]}},{"type":"Feature","id":"6122828879","properties":{"osmId":"6122828879","name":null,"heightM":null,"radioBand":"yes","countryCode":"TW"},"geometry":{"type":"Point","coordinates":[120.4226919,24.0670613]}},{"type":"Feature","id":"6122828881","properties":{"osmId":"6122828881","name":null,"heightM":null,"radioBand":"yes","countryCode":"TW"},"geometry":{"type":"Point","coordinates":[120.4210122,24.0654176]}},{"type":"Feature","id":"6122828883","properties":{"osmId":"6122828883","name":null,"heightM":null,"radioBand":"yes","countryCode":"TW"},"geometry":{"type":"Point","coordinates":[120.4256061,24.0530152]}},{"type":"Feature","id":"6122828884","properties":{"osmId":"6122828884","name":null,"heightM":null,"radioBand":"yes","countryCode":"TW"},"geometry":{"type":"Point","coordinates":[120.4261623,24.0528162]}},{"type":"Feature","id":"6122831585","properties":{"osmId":"6122831585","name":null,"heightM":null,"radioBand":"yes","countryCode":"TW"},"geometry":{"type":"Point","coordinates":[120.4250739,24.051774]}},{"type":"Feature","id":"6122831587","properties":{"osmId":"6122831587","name":null,"heightM":null,"radioBand":"yes","countryCode":"TW"},"geometry":{"type":"Point","coordinates":[120.4256244,24.0515778]}},{"type":"Feature","id":"6499425203","properties":{"osmId":"6499425203","name":null,"heightM":null,"radioBand":"yes","countryCode":"TW"},"geometry":{"type":"Point","coordinates":[121.8011306,25.13972]}},{"type":"Feature","id":"6499425204","properties":{"osmId":"6499425204","name":null,"heightM":null,"radioBand":"yes","countryCode":"TW"},"geometry":{"type":"Point","coordinates":[121.8007772,25.1391555]}},{"type":"Feature","id":"6581930245","properties":{"osmId":"6581930245","name":null,"heightM":null,"radioBand":"yes","countryCode":"TW"},"geometry":{"type":"Point","coordinates":[121.3535774,24.9309081]}},{"type":"Feature","id":"7051501876","properties":{"osmId":"7051501876","name":null,"heightM":null,"radioBand":"yes","countryCode":"TW"},"geometry":{"type":"Point","coordinates":[120.2793085,22.7224781]}},{"type":"Feature","id":"7195159638","properties":{"osmId":"7195159638","name":null,"heightM":null,"radioBand":"yes","countryCode":"TW"},"geometry":{"type":"Point","coordinates":[121.4936863,25.0169029]}},{"type":"Feature","id":"7208501130","properties":{"osmId":"7208501130","name":null,"heightM":null,"radioBand":"yes","countryCode":"TW"},"geometry":{"type":"Point","coordinates":[121.1853182,24.866852]}},{"type":"Feature","id":"7372494652","properties":{"osmId":"7372494652","name":null,"heightM":null,"radioBand":"yes","countryCode":"TW"},"geometry":{"type":"Point","coordinates":[121.5167546,25.0817127]}},{"type":"Feature","id":"7372494653","properties":{"osmId":"7372494653","name":null,"heightM":null,"radioBand":"yes","countryCode":"TW"},"geometry":{"type":"Point","coordinates":[121.5144981,25.0906625]}},{"type":"Feature","id":"7372494654","properties":{"osmId":"7372494654","name":null,"heightM":null,"radioBand":"yes","countryCode":"TW"},"geometry":{"type":"Point","coordinates":[121.5127265,25.0865773]}},{"type":"Feature","id":"7372494655","properties":{"osmId":"7372494655","name":null,"heightM":null,"radioBand":"yes","countryCode":"TW"},"geometry":{"type":"Point","coordinates":[121.5128647,25.0859414]}},{"type":"Feature","id":"7372494656","properties":{"osmId":"7372494656","name":null,"heightM":null,"radioBand":"yes","countryCode":"TW"},"geometry":{"type":"Point","coordinates":[121.5125374,25.087518]}},{"type":"Feature","id":"7372494657","properties":{"osmId":"7372494657","name":null,"heightM":null,"radioBand":"yes","countryCode":"TW"},"geometry":{"type":"Point","coordinates":[121.5122733,25.0895669]}},{"type":"Feature","id":"7372494658","properties":{"osmId":"7372494658","name":null,"heightM":null,"radioBand":"yes","countryCode":"TW"},"geometry":{"type":"Point","coordinates":[121.511994,25.0902141]}},{"type":"Feature","id":"7372494659","properties":{"osmId":"7372494659","name":null,"heightM":null,"radioBand":"yes","countryCode":"TW"},"geometry":{"type":"Point","coordinates":[121.5113653,25.0911938]}},{"type":"Feature","id":"7660147821","properties":{"osmId":"7660147821","name":null,"heightM":null,"radioBand":"yes","countryCode":"TW"},"geometry":{"type":"Point","coordinates":[121.0112316,24.9155262]}},{"type":"Feature","id":"7660159240","properties":{"osmId":"7660159240","name":null,"heightM":null,"radioBand":"yes","countryCode":"TW"},"geometry":{"type":"Point","coordinates":[120.6811063,24.0541891]}},{"type":"Feature","id":"7660171503","properties":{"osmId":"7660171503","name":null,"heightM":null,"radioBand":"yes","countryCode":"TW"},"geometry":{"type":"Point","coordinates":[120.8072852,24.547875]}},{"type":"Feature","id":"8164584639","properties":{"osmId":"8164584639","name":null,"heightM":null,"radioBand":"yes","countryCode":"TW"},"geometry":{"type":"Point","coordinates":[121.514539,25.080737]}},{"type":"Feature","id":"8210464446","properties":{"osmId":"8210464446","name":null,"heightM":null,"radioBand":"yes","countryCode":"TW"},"geometry":{"type":"Point","coordinates":[121.5204691,23.6740628]}},{"type":"Feature","id":"8274373394","properties":{"osmId":"8274373394","name":null,"heightM":null,"radioBand":"yes","countryCode":"TW"},"geometry":{"type":"Point","coordinates":[121.5036841,25.0749032]}},{"type":"Feature","id":"8303105479","properties":{"osmId":"8303105479","name":null,"heightM":null,"radioBand":"yes","countryCode":"TW"},"geometry":{"type":"Point","coordinates":[121.4936996,25.0507925]}},{"type":"Feature","id":"8506825217","properties":{"osmId":"8506825217","name":null,"heightM":null,"radioBand":"yes","countryCode":"TW"},"geometry":{"type":"Point","coordinates":[121.5201854,25.0205351]}},{"type":"Feature","id":"10026959890","properties":{"osmId":"10026959890","name":null,"heightM":null,"radioBand":"yes","countryCode":"TW"},"geometry":{"type":"Point","coordinates":[120.8452267,24.6293493]}},{"type":"Feature","id":"10956630711","properties":{"osmId":"10956630711","name":null,"heightM":null,"radioBand":"yes","countryCode":"TW"},"geometry":{"type":"Point","coordinates":[121.0207775,24.8100977]}},{"type":"Feature","id":"12458949424","properties":{"osmId":"12458949424","name":null,"heightM":null,"radioBand":"yes","countryCode":"TW"},"geometry":{"type":"Point","coordinates":[121.5209422,25.0475415]}},{"type":"Feature","id":"12469119607","properties":{"osmId":"12469119607","name":null,"heightM":null,"radioBand":"yes","countryCode":"TW"},"geometry":{"type":"Point","coordinates":[121.619284,23.9930902]}},{"type":"Feature","id":"13041241529","properties":{"osmId":"13041241529","name":null,"heightM":null,"radioBand":"yes","countryCode":"TW"},"geometry":{"type":"Point","coordinates":[121.3537455,24.9312152]}},{"type":"Feature","id":"13041241530","properties":{"osmId":"13041241530","name":null,"heightM":null,"radioBand":"yes","countryCode":"TW"},"geometry":{"type":"Point","coordinates":[121.3537533,24.9310867]}},{"type":"Feature","id":"13120863553","properties":{"osmId":"13120863553","name":null,"heightM":null,"radioBand":"yes","countryCode":"TW"},"geometry":{"type":"Point","coordinates":[120.2993898,23.7219207]}},{"type":"Feature","id":"13120863554","properties":{"osmId":"13120863554","name":null,"heightM":null,"radioBand":"yes","countryCode":"TW"},"geometry":{"type":"Point","coordinates":[120.2992194,23.7225607]}},{"type":"Feature","id":"13120863555","properties":{"osmId":"13120863555","name":null,"heightM":null,"radioBand":"yes","countryCode":"TW"},"geometry":{"type":"Point","coordinates":[120.2995121,23.7223207]}},{"type":"Feature","id":"13120863556","properties":{"osmId":"13120863556","name":null,"heightM":null,"radioBand":"yes","countryCode":"TW"},"geometry":{"type":"Point","coordinates":[120.2995121,23.7234608]}},{"type":"Feature","id":"13120863557","properties":{"osmId":"13120863557","name":null,"heightM":null,"radioBand":"yes","countryCode":"TW"},"geometry":{"type":"Point","coordinates":[120.299298,23.7237768]}},{"type":"Feature","id":"13120863558","properties":{"osmId":"13120863558","name":null,"heightM":null,"radioBand":"yes","countryCode":"TW"},"geometry":{"type":"Point","coordinates":[120.2992718,23.7241328]}},{"type":"Feature","id":"13120863559","properties":{"osmId":"13120863559","name":null,"heightM":null,"radioBand":"yes","countryCode":"TW"},"geometry":{"type":"Point","coordinates":[120.2995733,23.7244768]}},{"type":"Feature","id":"13120863560","properties":{"osmId":"13120863560","name":null,"heightM":null,"radioBand":"yes","countryCode":"TW"},"geometry":{"type":"Point","coordinates":[120.2993985,23.7249688]}},{"type":"Feature","id":"13120863561","properties":{"osmId":"13120863561","name":null,"heightM":null,"radioBand":"yes","countryCode":"TW"},"geometry":{"type":"Point","coordinates":[120.2988392,23.7251488]}},{"type":"Feature","id":"13120863562","properties":{"osmId":"13120863562","name":null,"heightM":null,"radioBand":"yes","countryCode":"TW"},"geometry":{"type":"Point","coordinates":[120.299215,23.7255568]}},{"type":"Feature","id":"13120863563","properties":{"osmId":"13120863563","name":null,"heightM":null,"radioBand":"yes","countryCode":"TW"},"geometry":{"type":"Point","coordinates":[120.2991101,23.7260328]}},{"type":"Feature","id":"13120863564","properties":{"osmId":"13120863564","name":null,"heightM":null,"radioBand":"yes","countryCode":"TW"},"geometry":{"type":"Point","coordinates":[120.298931,23.7268568]}},{"type":"Feature","id":"13120863565","properties":{"osmId":"13120863565","name":null,"heightM":null,"radioBand":"yes","countryCode":"TW"},"geometry":{"type":"Point","coordinates":[120.2997917,23.7271488]}},{"type":"Feature","id":"13120863566","properties":{"osmId":"13120863566","name":null,"heightM":null,"radioBand":"yes","countryCode":"TW"},"geometry":{"type":"Point","coordinates":[120.3000932,23.7273648]}},{"type":"Feature","id":"13120863567","properties":{"osmId":"13120863567","name":null,"heightM":null,"radioBand":"yes","countryCode":"TW"},"geometry":{"type":"Point","coordinates":[120.2992805,23.7270128]}},{"type":"Feature","id":"13120863568","properties":{"osmId":"13120863568","name":null,"heightM":null,"radioBand":"yes","countryCode":"TW"},"geometry":{"type":"Point","coordinates":[120.300587,23.7274608]}},{"type":"Feature","id":"13120863569","properties":{"osmId":"13120863569","name":null,"heightM":null,"radioBand":"yes","countryCode":"TW"},"geometry":{"type":"Point","coordinates":[120.301037,23.7274808]}},{"type":"Feature","id":"13256978710","properties":{"osmId":"13256978710","name":null,"heightM":null,"radioBand":"yes","countryCode":"TW"},"geometry":{"type":"Point","coordinates":[120.9829332,24.7770903]}},{"type":"Feature","id":"13321589876","properties":{"osmId":"13321589876","name":null,"heightM":null,"radioBand":"yes","countryCode":"TW"},"geometry":{"type":"Point","coordinates":[120.5232216,24.0638503]}},{"type":"Feature","id":"13321861040","properties":{"osmId":"13321861040","name":null,"heightM":null,"radioBand":"yes","countryCode":"TW"},"geometry":{"type":"Point","coordinates":[121.8492511,25.1189385]}},{"type":"Feature","id":"13333234742","properties":{"osmId":"13333234742","name":null,"heightM":null,"radioBand":"yes","countryCode":"TW"},"geometry":{"type":"Point","coordinates":[120.5099571,23.9890619]}},{"type":"Feature","id":"13335336911","properties":{"osmId":"13335336911","name":null,"heightM":null,"radioBand":"yes","countryCode":"TW"},"geometry":{"type":"Point","coordinates":[120.4982231,23.9223985]}},{"type":"Feature","id":"13368735575","properties":{"osmId":"13368735575","name":null,"heightM":null,"radioBand":"yes","countryCode":"TW"},"geometry":{"type":"Point","coordinates":[120.5769561,23.5485357]}},{"type":"Feature","id":"13368923452","properties":{"osmId":"13368923452","name":null,"heightM":null,"radioBand":"yes","countryCode":"TW"},"geometry":{"type":"Point","coordinates":[120.6835144,24.0197283]}},{"type":"Feature","id":"13026345885","properties":{"osmId":"13026345885","name":"สถานีเครื่องส่งวิทยุกระจายเสียงรัฐสภา จ.ชัยนาท","heightM":null,"radioBand":"yes","countryCode":"TH"},"geometry":{"type":"Point","coordinates":[100.1459945,15.207492]}},{"type":"Feature","id":"3446367076","properties":{"osmId":"3446367076","name":null,"heightM":100,"radioBand":"yes","countryCode":"TH"},"geometry":{"type":"Point","coordinates":[99.0133875,18.8566258]}},{"type":"Feature","id":"2662859999","properties":{"osmId":"2662859999","name":null,"heightM":null,"radioBand":"yes","countryCode":"TH"},"geometry":{"type":"Point","coordinates":[100.516834,13.8586089]}},{"type":"Feature","id":"2662860025","properties":{"osmId":"2662860025","name":null,"heightM":null,"radioBand":"yes","countryCode":"TH"},"geometry":{"type":"Point","coordinates":[100.5152774,13.8590071]}},{"type":"Feature","id":"6902943164","properties":{"osmId":"6902943164","name":null,"heightM":null,"radioBand":"yes","countryCode":"TH"},"geometry":{"type":"Point","coordinates":[100.1389407,15.4279191]}},{"type":"Feature","id":"6905083794","properties":{"osmId":"6905083794","name":null,"heightM":null,"radioBand":"yes","countryCode":"TH"},"geometry":{"type":"Point","coordinates":[100.0924091,15.4183454]}},{"type":"Feature","id":"7746600557","properties":{"osmId":"7746600557","name":null,"heightM":null,"radioBand":"yes","countryCode":"TH"},"geometry":{"type":"Point","coordinates":[100.0012638,13.4141963]}},{"type":"Feature","id":"8519894951","properties":{"osmId":"8519894951","name":null,"heightM":null,"radioBand":"yes","countryCode":"TH"},"geometry":{"type":"Point","coordinates":[102.8621981,17.2937274]}},{"type":"Feature","id":"9836778030","properties":{"osmId":"9836778030","name":null,"heightM":null,"radioBand":"yes","countryCode":"TH"},"geometry":{"type":"Point","coordinates":[105.1871321,14.3556928]}},{"type":"Feature","id":"10259480272","properties":{"osmId":"10259480272","name":null,"heightM":null,"radioBand":"yes","countryCode":"TH"},"geometry":{"type":"Point","coordinates":[101.6571406,14.6902276]}},{"type":"Feature","id":"10967541714","properties":{"osmId":"10967541714","name":null,"heightM":null,"radioBand":"yes","countryCode":"TH"},"geometry":{"type":"Point","coordinates":[100.4438916,14.5985249]}},{"type":"Feature","id":"11059294619","properties":{"osmId":"11059294619","name":null,"heightM":null,"radioBand":"yes","countryCode":"TH"},"geometry":{"type":"Point","coordinates":[100.5447761,13.7334448]}},{"type":"Feature","id":"12368780353","properties":{"osmId":"12368780353","name":null,"heightM":null,"radioBand":"yes","countryCode":"TH"},"geometry":{"type":"Point","coordinates":[101.2509992,6.8930783]}},{"type":"Feature","id":"13010955495","properties":{"osmId":"13010955495","name":null,"heightM":null,"radioBand":"yes","countryCode":"TH"},"geometry":{"type":"Point","coordinates":[103.2004576,17.6791371]}},{"type":"Feature","id":"13010955496","properties":{"osmId":"13010955496","name":null,"heightM":null,"radioBand":"yes","countryCode":"TH"},"geometry":{"type":"Point","coordinates":[103.2016492,17.6781898]}},{"type":"Feature","id":"13010955497","properties":{"osmId":"13010955497","name":null,"heightM":null,"radioBand":"yes","countryCode":"TH"},"geometry":{"type":"Point","coordinates":[103.2025482,17.6776827]}},{"type":"Feature","id":"13010955498","properties":{"osmId":"13010955498","name":null,"heightM":null,"radioBand":"yes","countryCode":"TH"},"geometry":{"type":"Point","coordinates":[103.2031328,17.6773753]}},{"type":"Feature","id":"13010955499","properties":{"osmId":"13010955499","name":null,"heightM":null,"radioBand":"yes","countryCode":"TH"},"geometry":{"type":"Point","coordinates":[103.2036237,17.6770942]}},{"type":"Feature","id":"13010955500","properties":{"osmId":"13010955500","name":null,"heightM":null,"radioBand":"yes","countryCode":"TH"},"geometry":{"type":"Point","coordinates":[103.2041338,17.6768314]}},{"type":"Feature","id":"13011063701","properties":{"osmId":"13011063701","name":null,"heightM":null,"radioBand":"yes","countryCode":"TH"},"geometry":{"type":"Point","coordinates":[103.2045696,17.6766055]}},{"type":"Feature","id":"13011063702","properties":{"osmId":"13011063702","name":null,"heightM":null,"radioBand":"yes","countryCode":"TH"},"geometry":{"type":"Point","coordinates":[103.2054713,17.6761194]}},{"type":"Feature","id":"13011063703","properties":{"osmId":"13011063703","name":null,"heightM":null,"radioBand":"yes","countryCode":"TH"},"geometry":{"type":"Point","coordinates":[103.2064309,17.6755965]}},{"type":"Feature","id":"13011063704","properties":{"osmId":"13011063704","name":null,"heightM":null,"radioBand":"yes","countryCode":"TH"},"geometry":{"type":"Point","coordinates":[103.2069053,17.6753285]}},{"type":"Feature","id":"13011063705","properties":{"osmId":"13011063705","name":null,"heightM":null,"radioBand":"yes","countryCode":"TH"},"geometry":{"type":"Point","coordinates":[103.2089839,17.6730247]}},{"type":"Feature","id":"13011063706","properties":{"osmId":"13011063706","name":null,"heightM":null,"radioBand":"yes","countryCode":"TH"},"geometry":{"type":"Point","coordinates":[103.2096278,17.6729176]}},{"type":"Feature","id":"13011063707","properties":{"osmId":"13011063707","name":null,"heightM":null,"radioBand":"yes","countryCode":"TH"},"geometry":{"type":"Point","coordinates":[103.2121206,17.6728217]}},{"type":"Feature","id":"13011063708","properties":{"osmId":"13011063708","name":null,"heightM":null,"radioBand":"yes","countryCode":"TH"},"geometry":{"type":"Point","coordinates":[103.2068229,17.6728063]}},{"type":"Feature","id":"13011063709","properties":{"osmId":"13011063709","name":null,"heightM":null,"radioBand":"yes","countryCode":"TH"},"geometry":{"type":"Point","coordinates":[103.2064821,17.6723775]}},{"type":"Feature","id":"13011063710","properties":{"osmId":"13011063710","name":null,"heightM":null,"radioBand":"yes","countryCode":"TH"},"geometry":{"type":"Point","coordinates":[103.2058179,17.671599]}},{"type":"Feature","id":"13011063711","properties":{"osmId":"13011063711","name":null,"heightM":null,"radioBand":"yes","countryCode":"TH"},"geometry":{"type":"Point","coordinates":[103.2049965,17.6709911]}},{"type":"Feature","id":"13011063712","properties":{"osmId":"13011063712","name":null,"heightM":null,"radioBand":"yes","countryCode":"TH"},"geometry":{"type":"Point","coordinates":[103.2045246,17.6706789]}},{"type":"Feature","id":"13011063713","properties":{"osmId":"13011063713","name":null,"heightM":null,"radioBand":"yes","countryCode":"TH"},"geometry":{"type":"Point","coordinates":[103.1947693,17.6650998]}},{"type":"Feature","id":"13011063714","properties":{"osmId":"13011063714","name":null,"heightM":null,"radioBand":"yes","countryCode":"TH"},"geometry":{"type":"Point","coordinates":[103.1922176,17.6639174]}},{"type":"Feature","id":"13011063715","properties":{"osmId":"13011063715","name":null,"heightM":null,"radioBand":"yes","countryCode":"TH"},"geometry":{"type":"Point","coordinates":[103.1930439,17.6694335]}},{"type":"Feature","id":"13011063716","properties":{"osmId":"13011063716","name":null,"heightM":null,"radioBand":"yes","countryCode":"TH"},"geometry":{"type":"Point","coordinates":[103.1931875,17.6704601]}},{"type":"Feature","id":"13011063717","properties":{"osmId":"13011063717","name":null,"heightM":null,"radioBand":"yes","countryCode":"TH"},"geometry":{"type":"Point","coordinates":[103.1936239,17.6712289]}},{"type":"Feature","id":"13011063718","properties":{"osmId":"13011063718","name":null,"heightM":null,"radioBand":"yes","countryCode":"TH"},"geometry":{"type":"Point","coordinates":[103.1941061,17.6719688]}},{"type":"Feature","id":"13011063719","properties":{"osmId":"13011063719","name":null,"heightM":null,"radioBand":"yes","countryCode":"TH"},"geometry":{"type":"Point","coordinates":[103.1943598,17.6723556]}},{"type":"Feature","id":"13011063720","properties":{"osmId":"13011063720","name":null,"heightM":null,"radioBand":"yes","countryCode":"TH"},"geometry":{"type":"Point","coordinates":[103.1945577,17.6727473]}},{"type":"Feature","id":"13011063721","properties":{"osmId":"13011063721","name":null,"heightM":null,"radioBand":"yes","countryCode":"TH"},"geometry":{"type":"Point","coordinates":[103.1950855,17.6736274]}},{"type":"Feature","id":"13011063722","properties":{"osmId":"13011063722","name":null,"heightM":null,"radioBand":"yes","countryCode":"TH"},"geometry":{"type":"Point","coordinates":[103.1950754,17.6742656]}},{"type":"Feature","id":"13011063723","properties":{"osmId":"13011063723","name":null,"heightM":null,"radioBand":"yes","countryCode":"TH"},"geometry":{"type":"Point","coordinates":[103.1951515,17.6747975]}},{"type":"Feature","id":"13011063724","properties":{"osmId":"13011063724","name":null,"heightM":null,"radioBand":"yes","countryCode":"TH"},"geometry":{"type":"Point","coordinates":[103.1954306,17.6752569]}},{"type":"Feature","id":"13011063725","properties":{"osmId":"13011063725","name":null,"heightM":null,"radioBand":"yes","countryCode":"TH"},"geometry":{"type":"Point","coordinates":[103.1957757,17.6758033]}},{"type":"Feature","id":"13011063726","properties":{"osmId":"13011063726","name":null,"heightM":null,"radioBand":"yes","countryCode":"TH"},"geometry":{"type":"Point","coordinates":[103.1963797,17.6769396]}},{"type":"Feature","id":"13011063727","properties":{"osmId":"13011063727","name":null,"heightM":null,"radioBand":"yes","countryCode":"TH"},"geometry":{"type":"Point","coordinates":[103.1967857,17.6772588]}},{"type":"Feature","id":"13011063728","properties":{"osmId":"13011063728","name":null,"heightM":null,"radioBand":"yes","countryCode":"TH"},"geometry":{"type":"Point","coordinates":[103.1975774,17.6779309]}},{"type":"Feature","id":"13011063729","properties":{"osmId":"13011063729","name":null,"heightM":null,"radioBand":"yes","countryCode":"TH"},"geometry":{"type":"Point","coordinates":[103.1985163,17.6783903]}},{"type":"Feature","id":"13011063730","properties":{"osmId":"13011063730","name":null,"heightM":null,"radioBand":"yes","countryCode":"TH"},"geometry":{"type":"Point","coordinates":[103.1990238,17.678603]}},{"type":"Feature","id":"13391354943","properties":{"osmId":"13391354943","name":null,"heightM":null,"radioBand":"yes","countryCode":"TH"},"geometry":{"type":"Point","coordinates":[101.470232,13.7115103]}},{"type":"Feature","id":"13391354944","properties":{"osmId":"13391354944","name":null,"heightM":null,"radioBand":"yes","countryCode":"TH"},"geometry":{"type":"Point","coordinates":[101.4703401,13.7118349]}},{"type":"Feature","id":"13585934747","properties":{"osmId":"13585934747","name":null,"heightM":null,"radioBand":"yes","countryCode":"TH"},"geometry":{"type":"Point","coordinates":[98.0348467,19.1062884]}},{"type":"Feature","id":"3409867224","properties":{"osmId":"3409867224","name":"Apsara TV","heightM":null,"radioBand":"yes","countryCode":"KH"},"geometry":{"type":"Point","coordinates":[104.9255057,11.5484274]}},{"type":"Feature","id":"3393553102","properties":{"osmId":"3393553102","name":"ЖФКРРТ","heightM":200,"radioBand":"yes","countryCode":"UA"},"geometry":{"type":"Point","coordinates":[27.6581229,51.2065803]}},{"type":"Feature","id":"2836088053","properties":{"osmId":"2836088053","name":"Ретрансляційна щогла","heightM":183.5,"radioBand":"yes","countryCode":"UA"},"geometry":{"type":"Point","coordinates":[37.5616241,48.8136407]}},{"type":"Feature","id":"4515050525","properties":{"osmId":"4515050525","name":"ЧФКРРТ","heightM":130,"radioBand":"yes","countryCode":"UA"},"geometry":{"type":"Point","coordinates":[31.0372598,48.9944632]}},{"type":"Feature","id":"4854183338","properties":{"osmId":"4854183338","name":"КФКРРТ","heightM":110,"radioBand":"yes","countryCode":"UA"},"geometry":{"type":"Point","coordinates":[32.9352695,48.5771962]}},{"type":"Feature","id":"1684610120","properties":{"osmId":"1684610120","name":"Чернівецька телевежа","heightM":105,"radioBand":"yes","countryCode":"UA"},"geometry":{"type":"Point","coordinates":[25.8423889,48.2957558]}},{"type":"Feature","id":"3152495585","properties":{"osmId":"3152495585","name":"ДФКРРТ","heightM":84,"radioBand":"yes","countryCode":"UA"},"geometry":{"type":"Point","coordinates":[37.5187184,47.5899177]}},{"type":"Feature","id":"2239037167","properties":{"osmId":"2239037167","name":"Телекомунікаційна башта РРЛ-10 \"Олімпіада-80\"","heightM":50,"radioBand":"unknown","countryCode":"UA"},"geometry":{"type":"Point","coordinates":[30.9078068,51.6542678]}},{"type":"Feature","id":"8816826963","properties":{"osmId":"8816826963","name":"РРС-14 Сколе","heightM":20,"radioBand":"yes","countryCode":"UA"},"geometry":{"type":"Point","coordinates":[23.4559543,49.0356382]}},{"type":"Feature","id":"13315333422","properties":{"osmId":"13315333422","name":"BRP VOR/DME","heightM":null,"radioBand":"yes","countryCode":"UA"},"geometry":{"type":"Point","coordinates":[30.9009732,50.285708]}},{"type":"Feature","id":"1539195131","properties":{"osmId":"1539195131","name":null,"heightM":240,"radioBand":"yes","countryCode":"UA"},"geometry":{"type":"Point","coordinates":[38.8606686,49.2853811]}},{"type":"Feature","id":"8670951418","properties":{"osmId":"8670951418","name":null,"heightM":239.5,"radioBand":"yes","countryCode":"UA"},"geometry":{"type":"Point","coordinates":[26.4214101,50.5992768]}},{"type":"Feature","id":"2356872980","properties":{"osmId":"2356872980","name":null,"heightM":239,"radioBand":"yes","countryCode":"UA"},"geometry":{"type":"Point","coordinates":[24.6647213,51.1999948]}},{"type":"Feature","id":"2203235773","properties":{"osmId":"2203235773","name":null,"heightM":235,"radioBand":"yes","countryCode":"UA"},"geometry":{"type":"Point","coordinates":[33.7395226,49.6745727]}},{"type":"Feature","id":"2480932245","properties":{"osmId":"2480932245","name":null,"heightM":185,"radioBand":"yes","countryCode":"UA"},"geometry":{"type":"Point","coordinates":[34.3243593,51.1410201]}},{"type":"Feature","id":"8389861576","properties":{"osmId":"8389861576","name":null,"heightM":180,"radioBand":"yes","countryCode":"UA"},"geometry":{"type":"Point","coordinates":[28.6654649,50.5018471]}},{"type":"Feature","id":"1423753893","properties":{"osmId":"1423753893","name":null,"heightM":170,"radioBand":"yes","countryCode":"UA"},"geometry":{"type":"Point","coordinates":[32.2229201,46.7905527]}},{"type":"Feature","id":"1423753894","properties":{"osmId":"1423753894","name":null,"heightM":170,"radioBand":"yes","countryCode":"UA"},"geometry":{"type":"Point","coordinates":[32.2219499,46.7906072]}},{"type":"Feature","id":"1423753895","properties":{"osmId":"1423753895","name":null,"heightM":170,"radioBand":"yes","countryCode":"UA"},"geometry":{"type":"Point","coordinates":[32.2209957,46.7907596]}},{"type":"Feature","id":"8599861525","properties":{"osmId":"8599861525","name":null,"heightM":170,"radioBand":"yes","countryCode":"UA"},"geometry":{"type":"Point","coordinates":[32.2146578,46.7939173]}},{"type":"Feature","id":"8599861526","properties":{"osmId":"8599861526","name":null,"heightM":170,"radioBand":"yes","countryCode":"UA"},"geometry":{"type":"Point","coordinates":[32.2142835,46.7945168]}},{"type":"Feature","id":"8599861527","properties":{"osmId":"8599861527","name":null,"heightM":170,"radioBand":"yes","countryCode":"UA"},"geometry":{"type":"Point","coordinates":[32.2138948,46.7951394]}},{"type":"Feature","id":"8599861528","properties":{"osmId":"8599861528","name":null,"heightM":170,"radioBand":"yes","countryCode":"UA"},"geometry":{"type":"Point","coordinates":[32.2140897,46.7980224]}},{"type":"Feature","id":"8599861529","properties":{"osmId":"8599861529","name":null,"heightM":170,"radioBand":"yes","countryCode":"UA"},"geometry":{"type":"Point","coordinates":[32.2147421,46.7985767]}},{"type":"Feature","id":"8599861530","properties":{"osmId":"8599861530","name":null,"heightM":170,"radioBand":"yes","countryCode":"UA"},"geometry":{"type":"Point","coordinates":[32.2153358,46.7990812]}},{"type":"Feature","id":"8599861524","properties":{"osmId":"8599861524","name":null,"heightM":140,"radioBand":"yes","countryCode":"UA"},"geometry":{"type":"Point","coordinates":[32.2156176,46.7923799]}},{"type":"Feature","id":"4322552307","properties":{"osmId":"4322552307","name":null,"heightM":133,"radioBand":"yes","countryCode":"UA"},"geometry":{"type":"Point","coordinates":[33.5346724,46.381497]}},{"type":"Feature","id":"8599861521","properties":{"osmId":"8599861521","name":null,"heightM":130,"radioBand":"yes","countryCode":"UA"},"geometry":{"type":"Point","coordinates":[32.2158891,46.8107041]}},{"type":"Feature","id":"3797571599","properties":{"osmId":"3797571599","name":null,"heightM":119,"radioBand":"yes","countryCode":"UA"},"geometry":{"type":"Point","coordinates":[25.4062328,50.7178741]}},{"type":"Feature","id":"1423753886","properties":{"osmId":"1423753886","name":null,"heightM":110,"radioBand":"yes","countryCode":"UA"},"geometry":{"type":"Point","coordinates":[32.2190099,46.8131739]}},{"type":"Feature","id":"1423753887","properties":{"osmId":"1423753887","name":null,"heightM":110,"radioBand":"yes","countryCode":"UA"},"geometry":{"type":"Point","coordinates":[32.218349,46.8141509]}},{"type":"Feature","id":"1423753888","properties":{"osmId":"1423753888","name":null,"heightM":110,"radioBand":"yes","countryCode":"UA"},"geometry":{"type":"Point","coordinates":[32.2176949,46.8151177]}},{"type":"Feature","id":"1423753891","properties":{"osmId":"1423753891","name":null,"heightM":110,"radioBand":"yes","countryCode":"UA"},"geometry":{"type":"Point","coordinates":[32.2040303,46.7994183]}},{"type":"Feature","id":"1423753892","properties":{"osmId":"1423753892","name":null,"heightM":110,"radioBand":"yes","countryCode":"UA"},"geometry":{"type":"Point","coordinates":[32.2047807,46.7995019]}},{"type":"Feature","id":"8599861522","properties":{"osmId":"8599861522","name":null,"heightM":110,"radioBand":"yes","countryCode":"UA"},"geometry":{"type":"Point","coordinates":[32.2047147,46.8000352]}},{"type":"Feature","id":"8599861523","properties":{"osmId":"8599861523","name":null,"heightM":110,"radioBand":"yes","countryCode":"UA"},"geometry":{"type":"Point","coordinates":[32.2039643,46.7999516]}},{"type":"Feature","id":"8895925515","properties":{"osmId":"8895925515","name":null,"heightM":108,"radioBand":"yes","countryCode":"UA"},"geometry":{"type":"Point","coordinates":[24.7545394,50.4904562]}},{"type":"Feature","id":"7029267752","properties":{"osmId":"7029267752","name":null,"heightM":100.7,"radioBand":"yes","countryCode":"UA"},"geometry":{"type":"Point","coordinates":[35.1572346,49.8169271]}},{"type":"Feature","id":"1423753898","properties":{"osmId":"1423753898","name":null,"heightM":100,"radioBand":"yes","countryCode":"UA"},"geometry":{"type":"Point","coordinates":[32.2165803,46.7895754]}},{"type":"Feature","id":"1423753899","properties":{"osmId":"1423753899","name":null,"heightM":100,"radioBand":"yes","countryCode":"UA"},"geometry":{"type":"Point","coordinates":[32.2162302,46.7891485]}},{"type":"Feature","id":"1423753900","properties":{"osmId":"1423753900","name":null,"heightM":100,"radioBand":"yes","countryCode":"UA"},"geometry":{"type":"Point","coordinates":[32.214952,46.7896519]}},{"type":"Feature","id":"1423753901","properties":{"osmId":"1423753901","name":null,"heightM":100,"radioBand":"yes","countryCode":"UA"},"geometry":{"type":"Point","coordinates":[32.2153444,46.7900865]}},{"type":"Feature","id":"8599861531","properties":{"osmId":"8599861531","name":null,"heightM":100,"radioBand":"yes","countryCode":"UA"},"geometry":{"type":"Point","coordinates":[32.2168453,46.8003639]}},{"type":"Feature","id":"8442906194","properties":{"osmId":"8442906194","name":null,"heightM":96,"radioBand":"yes","countryCode":"UA"},"geometry":{"type":"Point","coordinates":[30.9249316,47.2088524]}},{"type":"Feature","id":"5268632681","properties":{"osmId":"5268632681","name":null,"heightM":95,"radioBand":"yes","countryCode":"UA"},"geometry":{"type":"Point","coordinates":[30.8901235,49.8738366]}},{"type":"Feature","id":"8880168396","properties":{"osmId":"8880168396","name":null,"heightM":90,"radioBand":"yes","countryCode":"UA"},"geometry":{"type":"Point","coordinates":[33.2488995,48.3223048]}},{"type":"Feature","id":"7478541976","properties":{"osmId":"7478541976","name":null,"heightM":88,"radioBand":"yes","countryCode":"UA"},"geometry":{"type":"Point","coordinates":[25.8911042,50.8214671]}},{"type":"Feature","id":"8880168341","properties":{"osmId":"8880168341","name":null,"heightM":72,"radioBand":"yes","countryCode":"UA"},"geometry":{"type":"Point","coordinates":[27.6145546,50.588152]}},{"type":"Feature","id":"1423753883","properties":{"osmId":"1423753883","name":null,"heightM":70,"radioBand":"yes","countryCode":"UA"},"geometry":{"type":"Point","coordinates":[32.2110034,46.8152181]}},{"type":"Feature","id":"1423753884","properties":{"osmId":"1423753884","name":null,"heightM":70,"radioBand":"yes","countryCode":"UA"},"geometry":{"type":"Point","coordinates":[32.2105143,46.8159296]}},{"type":"Feature","id":"1423753885","properties":{"osmId":"1423753885","name":null,"heightM":70,"radioBand":"yes","countryCode":"UA"},"geometry":{"type":"Point","coordinates":[32.2100472,46.8166092]}},{"type":"Feature","id":"8456343724","properties":{"osmId":"8456343724","name":null,"heightM":70,"radioBand":"yes","countryCode":"UA"},"geometry":{"type":"Point","coordinates":[32.3114458,48.5394562]}},{"type":"Feature","id":"8900229715","properties":{"osmId":"8900229715","name":null,"heightM":70,"radioBand":"yes","countryCode":"UA"},"geometry":{"type":"Point","coordinates":[32.4967505,47.6962755]}},{"type":"Feature","id":"4189530456","properties":{"osmId":"4189530456","name":null,"heightM":65,"radioBand":"yes","countryCode":"UA"},"geometry":{"type":"Point","coordinates":[34.8026014,50.9353307]}},{"type":"Feature","id":"8599861519","properties":{"osmId":"8599861519","name":null,"heightM":56,"radioBand":"yes","countryCode":"UA"},"geometry":{"type":"Point","coordinates":[32.217139,46.8159393]}},{"type":"Feature","id":"8920341465","properties":{"osmId":"8920341465","name":null,"heightM":55,"radioBand":"yes","countryCode":"UA"},"geometry":{"type":"Point","coordinates":[24.0132017,51.2234717]}},{"type":"Feature","id":"12860237163","properties":{"osmId":"12860237163","name":null,"heightM":50,"radioBand":"yes","countryCode":"UA"},"geometry":{"type":"Point","coordinates":[37.1814321,49.6965122]}},{"type":"Feature","id":"13774833613","properties":{"osmId":"13774833613","name":null,"heightM":50,"radioBand":"yes","countryCode":"UA"},"geometry":{"type":"Point","coordinates":[38.2266246,48.4358578]}},{"type":"Feature","id":"8599861518","properties":{"osmId":"8599861518","name":null,"heightM":35,"radioBand":"yes","countryCode":"UA"},"geometry":{"type":"Point","coordinates":[32.2116941,46.815686]}},{"type":"Feature","id":"13286456313","properties":{"osmId":"13286456313","name":null,"heightM":30,"radioBand":"yes","countryCode":"UA"},"geometry":{"type":"Point","coordinates":[32.2529386,48.9793765]}},{"type":"Feature","id":"13389706062","properties":{"osmId":"13389706062","name":null,"heightM":30,"radioBand":"yes","countryCode":"UA"},"geometry":{"type":"Point","coordinates":[24.175509,48.0544552]}},{"type":"Feature","id":"10004261122","properties":{"osmId":"10004261122","name":null,"heightM":25,"radioBand":"yes","countryCode":"UA"},"geometry":{"type":"Point","coordinates":[35.438323,47.951148]}},{"type":"Feature","id":"11702097960","properties":{"osmId":"11702097960","name":null,"heightM":16,"radioBand":"yes","countryCode":"UA"},"geometry":{"type":"Point","coordinates":[34.5892709,48.7437095]}},{"type":"Feature","id":"5064540230","properties":{"osmId":"5064540230","name":null,"heightM":15,"radioBand":"yes","countryCode":"UA"},"geometry":{"type":"Point","coordinates":[29.9181625,51.1323734]}},{"type":"Feature","id":"1423753882","properties":{"osmId":"1423753882","name":null,"heightM":null,"radioBand":"yes","countryCode":"UA"},"geometry":{"type":"Point","coordinates":[32.2035173,46.8131289]}},{"type":"Feature","id":"1423753889","properties":{"osmId":"1423753889","name":null,"heightM":null,"radioBand":"yes","countryCode":"UA"},"geometry":{"type":"Point","coordinates":[32.205796,46.8240381]}},{"type":"Feature","id":"1423753890","properties":{"osmId":"1423753890","name":null,"heightM":null,"radioBand":"yes","countryCode":"UA"},"geometry":{"type":"Point","coordinates":[32.2062247,46.8244181]}},{"type":"Feature","id":"2941412130","properties":{"osmId":"2941412130","name":null,"heightM":null,"radioBand":"yes","countryCode":"UA"},"geometry":{"type":"Point","coordinates":[30.121623,51.1183549]}},{"type":"Feature","id":"3290905368","properties":{"osmId":"3290905368","name":null,"heightM":null,"radioBand":"yes","countryCode":"UA"},"geometry":{"type":"Point","coordinates":[31.1254218,50.9178703]}},{"type":"Feature","id":"3704446603","properties":{"osmId":"3704446603","name":null,"heightM":null,"radioBand":"yes","countryCode":"UA"},"geometry":{"type":"Point","coordinates":[23.5670172,49.6587046]}},{"type":"Feature","id":"3917197840","properties":{"osmId":"3917197840","name":null,"heightM":null,"radioBand":"yes","countryCode":"UA"},"geometry":{"type":"Point","coordinates":[33.3010139,46.2421121]}},{"type":"Feature","id":"3969194963","properties":{"osmId":"3969194963","name":null,"heightM":null,"radioBand":"yes","countryCode":"UA"},"geometry":{"type":"Point","coordinates":[28.7968091,48.6793887]}},{"type":"Feature","id":"4441813266","properties":{"osmId":"4441813266","name":null,"heightM":null,"radioBand":"yes","countryCode":"UA"},"geometry":{"type":"Point","coordinates":[25.1432914,50.0824586]}},{"type":"Feature","id":"4457486926","properties":{"osmId":"4457486926","name":null,"heightM":null,"radioBand":"yes","countryCode":"UA"},"geometry":{"type":"Point","coordinates":[34.8155254,46.1697328]}},{"type":"Feature","id":"4857204016","properties":{"osmId":"4857204016","name":null,"heightM":null,"radioBand":"yes","countryCode":"UA"},"geometry":{"type":"Point","coordinates":[30.1679474,46.6844906]}},{"type":"Feature","id":"5688760835","properties":{"osmId":"5688760835","name":null,"heightM":null,"radioBand":"yes","countryCode":"UA"},"geometry":{"type":"Point","coordinates":[35.9172638,48.4979002]}},{"type":"Feature","id":"6210592890","properties":{"osmId":"6210592890","name":null,"heightM":null,"radioBand":"yes","countryCode":"UA"},"geometry":{"type":"Point","coordinates":[34.3333511,47.2484093]}},{"type":"Feature","id":"6328925409","properties":{"osmId":"6328925409","name":null,"heightM":null,"radioBand":"yes","countryCode":"UA"},"geometry":{"type":"Point","coordinates":[25.2596406,50.1184363]}},{"type":"Feature","id":"6447834127","properties":{"osmId":"6447834127","name":null,"heightM":null,"radioBand":"yes","countryCode":"UA"},"geometry":{"type":"Point","coordinates":[25.1879436,50.0653625]}},{"type":"Feature","id":"7264742324","properties":{"osmId":"7264742324","name":null,"heightM":null,"radioBand":"yes","countryCode":"UA"},"geometry":{"type":"Point","coordinates":[28.8214631,45.3414488]}},{"type":"Feature","id":"7297008825","properties":{"osmId":"7297008825","name":null,"heightM":null,"radioBand":"yes","countryCode":"UA"},"geometry":{"type":"Point","coordinates":[28.8469787,45.3773662]}},{"type":"Feature","id":"7297008826","properties":{"osmId":"7297008826","name":null,"heightM":null,"radioBand":"yes","countryCode":"UA"},"geometry":{"type":"Point","coordinates":[28.842408,45.3723132]}},{"type":"Feature","id":"7318029821","properties":{"osmId":"7318029821","name":null,"heightM":null,"radioBand":"yes","countryCode":"UA"},"geometry":{"type":"Point","coordinates":[28.8117667,45.3770279]}},{"type":"Feature","id":"7458921152","properties":{"osmId":"7458921152","name":null,"heightM":null,"radioBand":"yes","countryCode":"UA"},"geometry":{"type":"Point","coordinates":[30.5018691,50.3042275]}},{"type":"Feature","id":"7810555322","properties":{"osmId":"7810555322","name":null,"heightM":null,"radioBand":"yes","countryCode":"UA"},"geometry":{"type":"Point","coordinates":[30.6974534,46.575059]}},{"type":"Feature","id":"7820835302","properties":{"osmId":"7820835302","name":null,"heightM":null,"radioBand":"yes","countryCode":"UA"},"geometry":{"type":"Point","coordinates":[29.0781771,45.704819]}},{"type":"Feature","id":"7905590933","properties":{"osmId":"7905590933","name":null,"heightM":null,"radioBand":"yes","countryCode":"UA"},"geometry":{"type":"Point","coordinates":[28.6082488,49.9162001]}},{"type":"Feature","id":"8671715515","properties":{"osmId":"8671715515","name":null,"heightM":null,"radioBand":"yes","countryCode":"UA"},"geometry":{"type":"Point","coordinates":[38.2008406,47.9219808]}},{"type":"Feature","id":"8795890979","properties":{"osmId":"8795890979","name":null,"heightM":null,"radioBand":"yes","countryCode":"UA"},"geometry":{"type":"Point","coordinates":[26.7323761,50.9970547]}},{"type":"Feature","id":"9207168150","properties":{"osmId":"9207168150","name":null,"heightM":null,"radioBand":"yes","countryCode":"UA"},"geometry":{"type":"Point","coordinates":[30.9853231,50.7760476]}},{"type":"Feature","id":"9498815941","properties":{"osmId":"9498815941","name":null,"heightM":null,"radioBand":"yes","countryCode":"UA"},"geometry":{"type":"Point","coordinates":[37.5739696,47.769484]}},{"type":"Feature","id":"10052089139","properties":{"osmId":"10052089139","name":null,"heightM":null,"radioBand":"yes","countryCode":"UA"},"geometry":{"type":"Point","coordinates":[29.1044902,48.1580743]}},{"type":"Feature","id":"10856409243","properties":{"osmId":"10856409243","name":null,"heightM":null,"radioBand":"yes","countryCode":"UA"},"geometry":{"type":"Point","coordinates":[29.8536689,48.3399784]}},{"type":"Feature","id":"10856409244","properties":{"osmId":"10856409244","name":null,"heightM":null,"radioBand":"yes","countryCode":"UA"},"geometry":{"type":"Point","coordinates":[29.8547032,48.3399401]}},{"type":"Feature","id":"10860863735","properties":{"osmId":"10860863735","name":null,"heightM":null,"radioBand":"yes","countryCode":"UA"},"geometry":{"type":"Point","coordinates":[29.8570445,48.3412907]}},{"type":"Feature","id":"13103121612","properties":{"osmId":"13103121612","name":null,"heightM":null,"radioBand":"yes","countryCode":"UA"},"geometry":{"type":"Point","coordinates":[32.2108668,46.8114971]}},{"type":"Feature","id":"13103121613","properties":{"osmId":"13103121613","name":null,"heightM":null,"radioBand":"yes","countryCode":"UA"},"geometry":{"type":"Point","coordinates":[32.2111568,46.8117223]}},{"type":"Feature","id":"13103121614","properties":{"osmId":"13103121614","name":null,"heightM":null,"radioBand":"yes","countryCode":"UA"},"geometry":{"type":"Point","coordinates":[32.2090376,46.8118024]}},{"type":"Feature","id":"13103121615","properties":{"osmId":"13103121615","name":null,"heightM":null,"radioBand":"yes","countryCode":"UA"},"geometry":{"type":"Point","coordinates":[32.2104987,46.8129283]}},{"type":"Feature","id":"13103121616","properties":{"osmId":"13103121616","name":null,"heightM":null,"radioBand":"yes","countryCode":"UA"},"geometry":{"type":"Point","coordinates":[32.2086316,46.8132704]}},{"type":"Feature","id":"13103121617","properties":{"osmId":"13103121617","name":null,"heightM":null,"radioBand":"yes","countryCode":"UA"},"geometry":{"type":"Point","coordinates":[32.2083381,46.8130431]}},{"type":"Feature","id":"13103121618","properties":{"osmId":"13103121618","name":null,"heightM":null,"radioBand":"yes","countryCode":"UA"},"geometry":{"type":"Point","coordinates":[32.2119247,46.8044323]}},{"type":"Feature","id":"13103121619","properties":{"osmId":"13103121619","name":null,"heightM":null,"radioBand":"yes","countryCode":"UA"},"geometry":{"type":"Point","coordinates":[32.2116721,46.8044633]}},{"type":"Feature","id":"13103121620","properties":{"osmId":"13103121620","name":null,"heightM":null,"radioBand":"yes","countryCode":"UA"},"geometry":{"type":"Point","coordinates":[32.2124753,46.8051018]}},{"type":"Feature","id":"13103121621","properties":{"osmId":"13103121621","name":null,"heightM":null,"radioBand":"yes","countryCode":"UA"},"geometry":{"type":"Point","coordinates":[32.211251,46.8051505]}},{"type":"Feature","id":"13103121622","properties":{"osmId":"13103121622","name":null,"heightM":null,"radioBand":"yes","countryCode":"UA"},"geometry":{"type":"Point","coordinates":[32.2120542,46.8057845]}},{"type":"Feature","id":"13103121623","properties":{"osmId":"13103121623","name":null,"heightM":null,"radioBand":"yes","countryCode":"UA"},"geometry":{"type":"Point","coordinates":[32.2117951,46.8058067]}},{"type":"Feature","id":"13103121624","properties":{"osmId":"13103121624","name":null,"heightM":null,"radioBand":"yes","countryCode":"UA"},"geometry":{"type":"Point","coordinates":[32.2089451,46.8052702]}},{"type":"Feature","id":"13103121625","properties":{"osmId":"13103121625","name":null,"heightM":null,"radioBand":"yes","countryCode":"UA"},"geometry":{"type":"Point","coordinates":[32.2097677,46.8038913]}},{"type":"Feature","id":"13103121626","properties":{"osmId":"13103121626","name":null,"heightM":null,"radioBand":"yes","countryCode":"UA"},"geometry":{"type":"Point","coordinates":[32.2104608,46.8065028]}},{"type":"Feature","id":"13103121627","properties":{"osmId":"13103121627","name":null,"heightM":null,"radioBand":"yes","countryCode":"UA"},"geometry":{"type":"Point","coordinates":[32.2100397,46.8065161]}},{"type":"Feature","id":"13103121628","properties":{"osmId":"13103121628","name":null,"heightM":null,"radioBand":"yes","countryCode":"UA"},"geometry":{"type":"Point","coordinates":[32.2101578,46.8038546]}},{"type":"Feature","id":"13103121630","properties":{"osmId":"13103121630","name":null,"heightM":null,"radioBand":"yes","countryCode":"UA"},"geometry":{"type":"Point","coordinates":[32.2049818,46.8164433]}},{"type":"Feature","id":"13103121631","properties":{"osmId":"13103121631","name":null,"heightM":null,"radioBand":"yes","countryCode":"UA"},"geometry":{"type":"Point","coordinates":[32.204742,46.8161952]}},{"type":"Feature","id":"13103121632","properties":{"osmId":"13103121632","name":null,"heightM":null,"radioBand":"yes","countryCode":"UA"},"geometry":{"type":"Point","coordinates":[32.2028403,46.8163097]}},{"type":"Feature","id":"13103121633","properties":{"osmId":"13103121633","name":null,"heightM":null,"radioBand":"yes","countryCode":"UA"},"geometry":{"type":"Point","coordinates":[32.204017,46.8175882]}},{"type":"Feature","id":"13103121634","properties":{"osmId":"13103121634","name":null,"heightM":null,"radioBand":"yes","countryCode":"UA"},"geometry":{"type":"Point","coordinates":[32.2021153,46.8176951]}},{"type":"Feature","id":"13103121635","properties":{"osmId":"13103121635","name":null,"heightM":null,"radioBand":"yes","countryCode":"UA"},"geometry":{"type":"Point","coordinates":[32.2018867,46.8174585]}},{"type":"Feature","id":"13103271653","properties":{"osmId":"13103271653","name":null,"heightM":null,"radioBand":"yes","countryCode":"UA"},"geometry":{"type":"Point","coordinates":[32.2054844,46.8149]}},{"type":"Feature","id":"13105787550","properties":{"osmId":"13105787550","name":null,"heightM":null,"radioBand":"yes","countryCode":"UA"},"geometry":{"type":"Point","coordinates":[32.2217869,46.8215002]}},{"type":"Feature","id":"13105787551","properties":{"osmId":"13105787551","name":null,"heightM":null,"radioBand":"yes","countryCode":"UA"},"geometry":{"type":"Point","coordinates":[32.222032,46.8216385]}},{"type":"Feature","id":"13280117677","properties":{"osmId":"13280117677","name":null,"heightM":null,"radioBand":"yes","countryCode":"UA"},"geometry":{"type":"Point","coordinates":[37.6446043,49.2964584]}},{"type":"Feature","id":"14062351267","properties":{"osmId":"14062351267","name":null,"heightM":null,"radioBand":"yes","countryCode":"UA"},"geometry":{"type":"Point","coordinates":[35.0861969,49.7591668]}}]}
